viewer_id,title,rating,review_date,sentiment
V0001,Jaws,4.0,2024-07-09,positive
V0001,Labyrinth,4.0,2024-02-15,positive
V0007,Mars Attacks!,2.0,2025-08-21,negative
V0007,Mystery Men,3.0,2025-10-29,neutral
V0008,Crimson Tide,4.0,2025-08-20,positive
V0008,Clear and Present Danger,5.0,2024-05-29,positive
V0008,Cliffhanger,5.0,2025-09-09,positive
V0010,Jaws,5.0,2024-01-09,positive
V0011,Jaws,4.0,2025-11-25,positive
V0011,Mars Attacks!,4.0,2025-06-03,positive
V0011,School of Rock,5.0,2024-02-25,positive
V0013,Crimson Tide,5.0,2024-07-24,positive
V0013,Clear and Present Danger,3.0,2024-03-11,neutral
V0013,Cliffhanger,4.0,2025-05-02,positive
V0013,In the Line of Fire,4.0,2025-04-23,positive
V0014,School of Rock,1.0,2025-08-15,negative
V0015,Crimson Tide,3.0,2025-09-22,neutral
V0015,Clear and Present Danger,3.0,2024-06-15,neutral
V0015,Cliffhanger,2.0,2024-02-13,negative
V0015,In the Line of Fire,4.0,2024-01-04,positive
V0016,House Party,3.0,2024-08-23,neutral
V0020,In the Line of Fire,2.0,2024-09-01,negative
V0021,In the Line of Fire,4.0,2024-12-05,positive
V0021,Jaws,4.0,2024-07-29,positive
V0021,Do the Right Thing,3.0,2024-01-07,neutral
V0022,Cliffhanger,4.0,2025-01-01,positive
V0022,In the Line of Fire,3.0,2024-05-25,neutral
V0024,Crimson Tide,3.0,2025-10-08,neutral
V0024,Clear and Present Danger,3.0,2025-01-03,neutral
V0024,Mystery Men,4.0,2024-07-22,positive
V0024,Training Day,5.0,2024-08-12,positive
V0024,Tears of the Sun,4.0,2024-06-27,positive
V0025,Jaws,3.5,2024-09-08,neutral
V0026,Crimson Tide,3.0,2024-06-29,neutral
V0026,Clear and Present Danger,3.0,2024-04-13,neutral
V0026,Cliffhanger,3.0,2024-05-20,neutral
V0028,Crimson Tide,3.0,2024-04-23,neutral
V0029,Crimson Tide,4.0,2024-11-08,positive
V0029,Clear and Present Danger,3.0,2025-01-16,neutral
V0029,Cliffhanger,4.0,2025-06-23,positive
V0031,School of Rock,1.5,2025-03-20,negative
V0031,Green Lantern,4.0,2024-05-01,positive
V0032,Crimson Tide,3.0,2024-05-13,neutral
V0032,Cliffhanger,4.0,2025-06-29,positive
V0032,In the Line of Fire,4.0,2024-11-21,positive
V0033,Crimson Tide,4.0,2025-10-13,positive
V0034,Crimson Tide,5.0,2025-09-22,positive
V0034,Cliffhanger,3.0,2025-07-02,neutral
V0034,In the Line of Fire,4.0,2024-12-01,positive
V0035,School of Rock,4.5,2024-10-13,positive
V0038,Crimson Tide,4.0,2025-06-04,positive
V0038,Clear and Present Danger,4.0,2024-08-02,positive
V0044,Clear and Present Danger,4.0,2025-04-26,positive
V0044,Jaws,2.0,2024-03-07,negative
V0046,Cliffhanger,2.0,2025-10-22,negative
V0050,Jaws,4.0,2025-05-25,positive
V0050,Mars Attacks!,3.5,2024-11-25,neutral
V0053,Once Upon a Time in America,3.0,2025-12-12,neutral
V0054,Crimson Tide,4.0,2025-05-21,positive
V0054,Clear and Present Danger,4.0,2025-02-14,positive
V0054,In the Line of Fire,4.0,2025-08-20,positive
V0054,Jaws,5.0,2024-08-12,positive
V0054,Jaws 2,3.0,2024-08-28,neutral
V0054,Mars Attacks!,3.0,2025-03-11,neutral
V0054,Labyrinth,3.0,2024-06-09,neutral
V0054,Mystery Men,3.0,2024-09-17,neutral
V0055,Jaws,5.0,2024-03-27,positive
V0056,Crimson Tide,2.0,2024-12-26,negative
V0056,Once Upon a Time in America,4.0,2025-04-21,positive
V0058,Crimson Tide,4.0,2025-03-12,positive
V0058,Clear and Present Danger,5.0,2025-02-22,positive
V0058,Cliffhanger,3.0,2024-11-20,neutral
V0058,In the Line of Fire,5.0,2024-07-02,positive
V0058,Once Upon a Time in America,5.0,2025-10-22,positive
V0058,Jaws,5.0,2024-03-25,positive
V0058,Mars Attacks!,3.5,2025-06-09,neutral
V0058,Do the Right Thing,4.0,2024-10-10,positive
V0058,Training Day,3.0,2024-05-01,neutral
V0058,School of Rock,4.0,2025-07-13,positive
V0060,Labyrinth,5.0,2025-11-22,positive
V0064,Clear and Present Danger,5.0,2025-11-30,positive
V0064,Cliffhanger,3.0,2025-12-23,neutral
V0066,Cliffhanger,3.0,2025-07-10,neutral
V0069,Clear and Present Danger,3.0,2024-11-02,neutral
V0069,In the Line of Fire,4.0,2025-02-17,positive
V0069,Jaws,3.0,2025-08-16,neutral
V0069,Mars Attacks!,4.0,2025-04-28,positive
V0070,In Too Deep,2.0,2024-06-01,negative
V0070,Do the Right Thing,3.0,2024-08-20,neutral
V0072,Jaws,4.0,2025-04-30,positive
V0072,Mars Attacks!,3.5,2025-07-19,neutral
V0073,Jaws,3.0,2025-04-17,neutral
V0073,Do the Right Thing,4.0,2024-11-16,positive
V0074,Do the Right Thing,2.0,2025-12-15,negative
V0075,Crimson Tide,5.0,2025-04-05,positive
V0075,Clear and Present Danger,4.0,2025-01-18,positive
V0075,Cliffhanger,4.0,2024-05-11,positive
V0075,In the Line of Fire,5.0,2024-01-10,positive
V0076,Do the Right Thing,4.0,2024-12-29,positive
V0082,Do the Right Thing,4.5,2025-03-11,positive
V0082,School of Rock,3.5,2025-12-08,neutral
V0082,Green Lantern,2.0,2025-08-24,negative
V0084,Cliffhanger,4.0,2024-02-02,positive
V0087,Crimson Tide,3.0,2024-12-04,neutral
V0087,Clear and Present Danger,4.0,2025-09-09,positive
V0087,Cliffhanger,2.0,2025-02-04,negative
V0088,Jaws,3.0,2025-02-04,neutral
V0090,Jaws,2.5,2024-07-11,neutral
V0091,Crimson Tide,3.5,2025-08-06,neutral
V0091,Clear and Present Danger,3.0,2024-11-07,neutral
V0091,Cliffhanger,3.0,2025-11-22,neutral
V0091,In the Line of Fire,3.5,2025-12-06,neutral
V0091,Jaws,3.5,2024-07-10,neutral
V0091,Mars Attacks!,2.5,2025-01-30,neutral
V0091,Labyrinth,4.0,2024-10-25,positive
V0091,Training Day,2.0,2025-04-10,negative
V0091,School of Rock,3.0,2024-01-12,neutral
V0091,Cold Mountain,4.0,2025-02-24,positive
V0096,Training Day,4.0,2024-04-23,positive
V0096,School of Rock,4.0,2025-05-04,positive
V0100,Crimson Tide,3.0,2024-07-30,neutral
V0100,Cliffhanger,2.0,2024-11-13,negative
V0101,Crimson Tide,4.0,2025-11-11,positive
V0101,Clear and Present Danger,4.0,2025-08-11,positive
V0101,Cliffhanger,3.0,2024-07-26,neutral
V0101,In the Line of Fire,4.0,2025-04-14,positive
V0103,Tears of the Sun,4.5,2024-05-26,positive
V0104,In the Line of Fire,2.0,2025-02-12,negative
V0104,Once Upon a Time in America,4.0,2025-06-22,positive
V0104,Jaws,3.0,2025-05-17,neutral
V0104,Mystery Men,1.0,2024-02-10,negative
V0107,Jaws,2.5,2025-10-23,neutral
V0108,Crimson Tide,4.0,2024-12-21,positive
V0108,Clear and Present Danger,3.0,2024-10-31,neutral
V0108,In the Line of Fire,3.0,2024-06-28,neutral
V0109,Jaws,2.5,2025-09-24,neutral
V0109,Training Day,5.0,2025-01-28,positive
V0114,Mars Attacks!,3.0,2025-12-16,neutral
V0116,Crimson Tide,2.5,2025-12-16,neutral
V0116,Clear and Present Danger,1.5,2024-06-10,negative
V0116,Cliffhanger,3.5,2025-07-04,neutral
V0116,In the Line of Fire,3.0,2024-03-09,neutral
V0116,Mars Attacks!,1.5,2024-08-10,negative
V0116,Crocodile Dundee in Los Angeles,2.0,2025-07-20,negative
V0116,Osmosis Jones,2.0,2024-03-19,negative
V0116,Training Day,2.5,2024-11-29,neutral
V0116,Tears of the Sun,3.5,2024-09-15,neutral
V0116,School of Rock,3.0,2025-04-18,neutral
V0117,Cliffhanger,5.0,2025-12-12,positive
V0117,Jaws,4.0,2025-01-25,positive
V0120,Crimson Tide,5.0,2024-07-18,positive
V0124,Mars Attacks!,5.0,2024-09-13,positive
V0127,Crimson Tide,5.0,2024-05-19,positive
V0127,Cliffhanger,5.0,2025-04-20,positive
V0127,In the Line of Fire,5.0,2024-03-25,positive
V0128,Clear and Present Danger,4.0,2025-12-31,positive
V0128,In the Line of Fire,3.0,2025-04-27,neutral
V0128,Mars Attacks!,2.0,2024-06-14,negative
V0130,Crimson Tide,4.0,2025-09-13,positive
V0130,Clear and Present Danger,4.0,2024-05-07,positive
V0130,Cliffhanger,4.0,2024-06-21,positive
V0130,In the Line of Fire,4.0,2024-01-12,positive
V0130,Jaws,3.0,2025-03-27,neutral
V0131,Cliffhanger,2.5,2024-02-05,neutral
V0131,Jaws,0.5,2024-08-09,negative
V0131,Training Day,2.0,2025-10-12,negative
V0131,School of Rock,1.0,2025-11-09,negative
V0132,Jaws,3.5,2024-04-15,neutral
V0133,School of Rock,3.0,2025-03-30,neutral
V0133,Cold Mountain,2.0,2024-02-19,negative
V0134,Clear and Present Danger,3.0,2024-07-25,neutral
V0134,Heavy,3.0,2024-09-01,neutral
V0134,Jaws,5.0,2025-03-07,positive
V0134,Jaws 2,3.0,2024-12-11,neutral
V0134,Mars Attacks!,3.0,2025-11-16,neutral
V0134,Mystery Men,3.0,2024-04-08,neutral
V0137,Crimson Tide,4.0,2025-11-11,positive
V0137,In the Line of Fire,4.0,2024-02-15,positive
V0137,Jaws,5.0,2024-11-30,positive
V0137,Mars Attacks!,3.0,2024-07-13,neutral
V0137,Labyrinth,3.0,2025-07-08,neutral
V0137,Mystery Men,2.0,2024-05-03,negative
V0137,Training Day,5.0,2024-12-31,positive
V0140,Mars Attacks!,4.0,2025-02-15,positive
V0141,Do the Right Thing,1.5,2025-02-02,negative
V0142,Cliffhanger,3.0,2024-03-08,neutral
V0144,Clear and Present Danger,4.0,2025-10-27,positive
V0144,Mystery Men,1.0,2024-03-09,negative
V0146,Cliffhanger,5.0,2024-11-04,positive
V0147,Crimson Tide,3.0,2024-04-14,neutral
V0151,Clear and Present Danger,3.0,2025-08-05,neutral
V0152,Poseidon,3.0,2024-04-07,neutral
V0154,In the Line of Fire,4.0,2025-10-08,positive
V0154,Jaws,4.0,2025-12-11,positive
V0154,Do the Right Thing,4.0,2025-10-12,positive
V0156,Crimson Tide,4.0,2024-11-21,positive
V0156,Clear and Present Danger,5.0,2024-03-10,positive
V0156,Cliffhanger,4.0,2025-08-22,positive
V0156,In the Line of Fire,4.0,2025-10-17,positive
V0156,Jaws,5.0,2025-08-24,positive
V0156,Jaws 2,3.0,2024-08-26,neutral
V0156,Labyrinth,5.0,2024-05-07,positive
V0156,Mystery Men,3.0,2025-03-14,neutral
V0156,In Too Deep,4.0,2024-03-22,positive
V0156,House Party,2.0,2025-05-25,negative
V0156,Jaws: The Revenge,2.0,2025-01-19,negative
V0156,Crocodile Dundee in Los Angeles,3.0,2024-08-31,neutral
V0156,Training Day,4.0,2025-03-30,positive
V0156,Tears of the Sun,3.5,2024-05-17,neutral
V0158,Crimson Tide,3.0,2024-02-10,neutral
V0158,Cliffhanger,3.0,2025-02-28,neutral
V0158,In the Line of Fire,5.0,2024-01-25,positive
V0160,Crimson Tide,4.0,2024-12-05,positive
V0160,Clear and Present Danger,3.0,2025-07-06,neutral
V0160,Cliffhanger,3.0,2025-11-11,neutral
V0160,In the Line of Fire,4.0,2025-12-13,positive
V0164,Clear and Present Danger,5.0,2025-01-25,positive
V0164,Cliffhanger,3.0,2025-03-28,neutral
V0164,In the Line of Fire,4.0,2025-05-18,positive
V0165,Cliffhanger,2.0,2024-02-23,negative
V0170,Jaws,4.0,2024-07-28,positive
V0172,Crimson Tide,4.0,2025-08-29,positive
V0172,Clear and Present Danger,3.0,2024-07-28,neutral
V0172,Cliffhanger,3.0,2025-03-12,neutral
V0175,Clear and Present Danger,3.5,2024-06-17,neutral
V0177,Mars Attacks!,1.0,2025-03-10,negative
V0182,Green Lantern,3.0,2024-11-06,neutral
V0183,Crimson Tide,3.0,2025-10-12,neutral
V0183,Clear and Present Danger,3.0,2025-05-07,neutral
V0183,Cliffhanger,4.0,2025-01-03,positive
V0184,Crimson Tide,3.0,2025-04-27,neutral
V0184,Clear and Present Danger,5.0,2025-09-16,positive
V0184,In the Line of Fire,4.0,2024-06-08,positive
V0186,Once Upon a Time in America,4.0,2025-05-08,positive
V0188,Crimson Tide,3.0,2025-03-13,neutral
V0188,Clear and Present Danger,3.0,2024-11-03,neutral
V0188,Cliffhanger,3.0,2025-07-20,neutral
V0188,In the Line of Fire,3.0,2025-01-24,neutral
V0189,Mars Attacks!,4.5,2024-10-17,positive
V0190,Labyrinth,4.0,2025-05-07,positive
V0192,Cliffhanger,4.0,2025-04-25,positive
V0192,Jaws,4.0,2024-07-13,positive
V0195,Mystery Men,2.0,2025-05-27,negative
V0196,Labyrinth,5.0,2025-05-18,positive
V0200,Crimson Tide,4.0,2025-02-08,positive
V0200,Clear and Present Danger,3.0,2025-05-16,neutral
V0200,Cliffhanger,3.0,2025-08-25,neutral
V0202,Crimson Tide,3.0,2024-02-09,neutral
V0202,Clear and Present Danger,3.0,2025-08-02,neutral
V0202,Cliffhanger,3.0,2025-03-22,neutral
V0205,Clear and Present Danger,3.0,2024-12-22,neutral
V0205,Cliffhanger,2.0,2025-10-12,negative
V0207,Jaws,4.0,2024-02-29,positive
V0208,In the Line of Fire,4.0,2025-03-10,positive
V0208,Jaws,5.0,2025-05-04,positive
V0208,Mars Attacks!,2.0,2025-01-05,negative
V0208,Do the Right Thing,4.5,2024-01-29,positive
V0208,School of Rock,3.0,2024-05-31,neutral
V0208,Cold Mountain,4.0,2025-11-28,positive
V0209,Grown Ups,4.0,2025-09-08,positive
V0214,Clear and Present Danger,3.0,2024-06-14,neutral
V0214,Cliffhanger,4.0,2024-04-04,positive
V0216,Crimson Tide,4.0,2025-01-28,positive
V0216,Clear and Present Danger,5.0,2024-03-23,positive
V0216,In the Line of Fire,4.0,2025-03-09,positive
V0218,Clear and Present Danger,4.0,2024-09-15,positive
V0220,Jaws,4.0,2025-06-29,positive
V0220,Training Day,4.0,2025-08-23,positive
V0224,Crimson Tide,5.0,2024-04-01,positive
V0225,Crimson Tide,5.0,2024-12-18,positive
V0225,Clear and Present Danger,4.0,2024-08-02,positive
V0225,Cliffhanger,4.0,2025-12-16,positive
V0229,Crimson Tide,4.0,2024-06-21,positive
V0229,Clear and Present Danger,3.0,2024-04-09,neutral
V0229,In the Line of Fire,4.0,2025-03-03,positive
V0229,Mars Attacks!,1.0,2024-10-22,negative
V0230,Clear and Present Danger,5.0,2024-06-29,positive
V0230,In the Line of Fire,3.0,2024-05-17,neutral
V0231,Crimson Tide,5.0,2025-05-29,positive
V0231,Clear and Present Danger,4.0,2025-08-03,positive
V0233,Clear and Present Danger,3.0,2024-07-24,neutral
V0233,In the Line of Fire,3.0,2024-07-15,neutral
V0233,Mars Attacks!,4.0,2025-02-22,positive
V0234,Crimson Tide,3.0,2025-10-01,neutral
V0234,Cliffhanger,3.0,2024-06-19,neutral
V0236,Training Day,4.0,2025-01-21,positive
V0238,Clear and Present Danger,3.5,2024-12-16,neutral
V0238,Jaws,3.5,2025-05-04,neutral
V0238,Mars Attacks!,3.5,2024-04-13,neutral
V0238,School of Rock,3.5,2024-01-08,neutral
V0238,In the Cut,4.5,2024-02-12,positive
V0239,Osmosis Jones,3.5,2024-01-08,neutral
V0240,School of Rock,2.0,2024-09-29,negative
V0242,Crimson Tide,4.0,2024-12-11,positive
V0242,In the Line of Fire,4.0,2025-01-14,positive
V0243,Clear and Present Danger,4.0,2024-11-18,positive
V0244,Crimson Tide,4.0,2025-01-04,positive
V0244,Clear and Present Danger,4.0,2025-09-17,positive
V0244,Cliffhanger,4.0,2024-12-04,positive
V0247,Clear and Present Danger,3.0,2025-04-12,neutral
V0247,Cliffhanger,3.0,2024-05-22,neutral
V0247,In the Line of Fire,3.0,2025-06-27,neutral
V0247,Mars Attacks!,3.0,2024-09-11,neutral
V0247,Osmosis Jones,3.0,2025-12-03,neutral
V0247,Training Day,4.0,2025-06-11,positive
V0248,Once Upon a Time in America,4.0,2024-01-04,positive
V0249,Crimson Tide,3.0,2024-11-25,neutral
V0251,Clear and Present Danger,5.0,2024-02-16,positive
V0251,Cliffhanger,3.0,2025-11-25,neutral
V0251,Jaws,3.0,2025-05-11,neutral
V0251,Mars Attacks!,2.0,2024-03-24,negative
V0251,Labyrinth,3.0,2025-05-02,neutral
V0251,Mystery Men,3.0,2024-04-12,neutral
V0254,Once Upon a Time in America,2.5,2025-09-13,neutral
V0254,School of Rock,3.5,2025-06-16,neutral
V0256,Clear and Present Danger,4.0,2025-05-31,positive
V0258,Cliffhanger,3.0,2024-03-30,neutral
V0258,Mars Attacks!,1.0,2025-07-15,negative
V0258,Mystery Men,3.5,2025-04-01,neutral
V0258,Training Day,3.0,2025-07-07,neutral
V0258,Tears of the Sun,3.5,2024-06-23,neutral
V0258,School of Rock,3.0,2025-12-17,neutral
V0258,Poseidon,3.5,2024-01-30,neutral
V0258,Freedom Writers,3.0,2024-11-30,neutral
V0259,Clear and Present Danger,4.0,2024-10-14,positive
V0259,In the Line of Fire,3.0,2025-11-12,neutral
V0261,Crimson Tide,3.0,2025-11-17,neutral
V0261,Clear and Present Danger,5.0,2025-07-01,positive
V0261,Cliffhanger,1.0,2024-04-02,negative
V0264,Clear and Present Danger,3.0,2024-08-17,neutral
V0264,Mars Attacks!,0.5,2025-09-07,negative
V0264,Labyrinth,4.0,2025-01-21,positive
V0267,Labyrinth,3.0,2025-01-25,neutral
V0269,Mars Attacks!,1.0,2025-07-29,negative
V0271,Jaws,3.0,2024-08-26,neutral
V0271,Mars Attacks!,4.0,2024-10-24,positive
V0271,Mystery Men,4.0,2024-12-14,positive
V0271,Osmosis Jones,2.5,2024-07-11,neutral
V0271,School of Rock,3.0,2025-08-09,neutral
V0271,Cold Mountain,3.0,2024-11-16,neutral
V0271,Poseidon,2.5,2024-01-02,neutral
V0274,Cliffhanger,3.0,2025-07-02,neutral
V0278,Jaws,0.5,2025-03-09,negative
V0278,Mars Attacks!,2.5,2025-11-26,neutral
V0278,Labyrinth,4.0,2025-06-16,positive
V0278,Training Day,3.0,2024-08-15,neutral
V0279,Letters to Juliet,3.5,2025-07-05,neutral
V0280,Training Day,3.5,2024-05-28,neutral
V0280,School of Rock,3.5,2024-08-12,neutral
V0283,Clear and Present Danger,3.0,2024-05-30,neutral
V0283,Cliffhanger,4.0,2025-11-12,positive
V0283,Jaws,4.0,2025-12-20,positive
V0283,Do the Right Thing,4.0,2024-11-12,positive
V0284,Crimson Tide,3.0,2024-05-06,neutral
V0284,Jaws,4.0,2025-12-24,positive
V0286,Crimson Tide,3.0,2024-08-08,neutral
V0286,Clear and Present Danger,4.0,2025-01-20,positive
V0286,Cliffhanger,1.0,2024-12-07,negative
V0287,Crimson Tide,4.0,2024-08-03,positive
V0287,Clear and Present Danger,4.0,2024-08-18,positive
V0287,Cliffhanger,3.0,2024-07-02,neutral
V0288,Crimson Tide,3.0,2025-02-05,neutral
V0288,Clear and Present Danger,3.0,2025-11-06,neutral
V0289,Jaws,3.0,2024-01-23,neutral
V0292,Crimson Tide,3.0,2025-03-08,neutral
V0292,Clear and Present Danger,3.0,2024-12-22,neutral
V0292,Cliffhanger,3.0,2024-03-14,neutral
V0292,In the Line of Fire,4.0,2024-10-16,positive
V0294,Crimson Tide,4.0,2025-12-18,positive
V0294,Clear and Present Danger,2.5,2024-04-09,neutral
V0294,Cliffhanger,1.5,2025-08-17,negative
V0294,Jaws,2.0,2025-12-27,negative
V0294,Mars Attacks!,1.0,2024-06-16,negative
V0294,Labyrinth,5.0,2025-12-13,positive
V0294,Mystery Men,3.5,2024-05-28,neutral
V0294,Training Day,3.5,2024-07-19,neutral
V0295,Crimson Tide,3.0,2025-01-05,neutral
V0295,Cliffhanger,3.0,2024-04-14,neutral
V0295,In the Line of Fire,3.0,2024-05-31,neutral
V0295,Once Upon a Time in America,3.0,2025-03-13,neutral
V0295,Jaws,5.0,2024-02-27,positive
V0296,Cliffhanger,3.0,2025-04-30,neutral
V0298,Crimson Tide,4.0,2024-04-30,positive
V0298,Clear and Present Danger,4.0,2025-08-30,positive
V0298,Cliffhanger,3.0,2025-10-04,neutral
V0298,In the Line of Fire,3.0,2024-02-04,neutral
V0298,Jaws,4.0,2025-05-15,positive
V0298,Jaws 2,3.0,2024-06-25,neutral
V0298,Mars Attacks!,2.0,2025-12-09,negative
V0298,Labyrinth,3.0,2024-04-01,neutral
V0298,Mystery Men,3.0,2025-10-27,neutral
V0298,In Too Deep,3.0,2025-10-30,neutral
V0298,House Party,2.0,2024-05-02,negative
V0298,Jaws: The Revenge,3.0,2025-05-15,neutral
V0299,Mars Attacks!,2.0,2025-06-05,negative
V0300,Labyrinth,2.0,2025-08-09,negative
V0309,Crimson Tide,3.0,2025-12-11,neutral
V0309,Jaws,5.0,2025-08-30,positive
V0309,Freedom Writers,5.0,2025-10-22,positive
V0311,Clear and Present Danger,4.0,2025-08-08,positive
V0311,Jaws,4.0,2024-03-06,positive
V0311,Jaws 2,2.0,2025-07-04,negative
V0311,Mars Attacks!,2.0,2025-12-18,negative
V0313,Cliffhanger,2.5,2025-07-03,neutral
V0313,Mars Attacks!,3.0,2025-05-15,neutral
V0313,Training Day,4.0,2025-08-21,positive
V0313,Tears of the Sun,3.0,2025-10-29,neutral
V0313,School of Rock,3.5,2024-07-31,neutral
V0315,Crimson Tide,4.0,2024-07-04,positive
V0316,In the Line of Fire,3.5,2024-07-03,neutral
V0316,Mars Attacks!,2.0,2024-11-17,negative
V0317,Clear and Present Danger,4.0,2025-08-11,positive
V0317,In the Line of Fire,4.5,2024-03-30,positive
V0317,School of Rock,5.0,2024-02-05,positive
V0318,Jaws,3.0,2025-06-02,neutral
V0318,Labyrinth,3.0,2025-07-11,neutral
V0318,Osmosis Jones,3.0,2025-11-04,neutral
V0318,Training Day,4.0,2024-02-17,positive
V0318,School of Rock,3.0,2024-10-27,neutral
V0318,Grown Ups,0.5,2024-05-23,negative
V0327,Cliffhanger,3.0,2024-11-16,neutral
V0328,Clear and Present Danger,3.0,2024-12-26,neutral
V0329,Crimson Tide,5.0,2024-08-02,positive
V0329,Clear and Present Danger,4.0,2024-02-15,positive
V0329,Cliffhanger,4.0,2024-05-25,positive
V0330,Crimson Tide,3.0,2024-08-08,neutral
V0330,Clear and Present Danger,5.0,2024-08-09,positive
V0330,Cliffhanger,3.0,2024-05-11,neutral
V0331,Crimson Tide,5.0,2024-03-17,positive
V0331,Clear and Present Danger,4.0,2025-01-25,positive
V0331,Cliffhanger,4.0,2025-02-13,positive
V0332,Crimson Tide,4.0,2024-09-17,positive
V0332,Clear and Present Danger,5.0,2025-12-12,positive
V0333,Clear and Present Danger,5.0,2024-03-13,positive
V0333,In the Line of Fire,5.0,2025-10-10,positive
V0334,Clear and Present Danger,4.0,2025-01-16,positive
V0334,Cliffhanger,3.0,2025-06-07,neutral
V0334,In the Line of Fire,5.0,2024-06-06,positive
V0336,Mars Attacks!,4.0,2025-03-20,positive
V0337,Cliffhanger,4.0,2025-09-10,positive
V0337,Jaws,4.0,2024-05-07,positive
V0337,School of Rock,4.0,2025-07-15,positive
V0339,In the Line of Fire,4.0,2025-10-17,positive
V0343,Jaws,3.0,2024-12-07,neutral
V0343,Mars Attacks!,0.5,2024-08-19,negative
V0344,Clear and Present Danger,4.0,2025-01-21,positive
V0344,Cliffhanger,2.0,2024-04-17,negative
V0344,In the Line of Fire,5.0,2024-06-28,positive
V0344,Jaws,4.0,2024-11-09,positive
V0344,Training Day,3.0,2025-05-16,neutral
V0347,Crimson Tide,3.0,2025-12-18,neutral
V0347,Clear and Present Danger,2.0,2025-07-18,negative
V0347,Jaws,5.0,2024-02-19,positive
V0347,Jaws 2,3.0,2025-02-02,neutral
V0347,Mystery Men,2.0,2025-11-25,negative
V0347,Do the Right Thing,4.0,2025-08-31,positive
V0347,Jaws: The Revenge,1.0,2025-05-03,negative
V0347,School of Rock,4.5,2024-01-10,positive
V0348,Cold Mountain,4.0,2024-06-08,positive
V0348,Bright Star,3.5,2025-01-22,neutral
V0349,Cliffhanger,3.0,2024-02-24,neutral
V0352,Crimson Tide,3.0,2025-01-14,neutral
V0352,Clear and Present Danger,4.0,2025-11-25,positive
V0358,Jaws,3.0,2025-04-13,neutral
V0358,Mars Attacks!,3.0,2024-12-28,neutral
V0359,Crimson Tide,1.0,2024-10-20,negative
V0359,Clear and Present Danger,4.0,2025-06-17,positive
V0359,Cliffhanger,4.0,2024-08-22,positive
V0359,In the Line of Fire,3.5,2024-03-30,neutral
V0359,Jaws,4.5,2024-11-16,positive
V0359,Mars Attacks!,0.5,2024-03-22,negative
V0359,Osmosis Jones,4.0,2024-04-05,positive
V0359,Training Day,3.5,2024-03-27,neutral
V0359,Tears of the Sun,4.5,2025-05-19,positive
V0359,School of Rock,4.0,2025-03-10,positive
V0359,Cold Mountain,3.0,2024-05-19,neutral
V0359,Poseidon,3.0,2025-12-02,neutral
V0359,Green Lantern,3.0,2025-12-15,neutral
V0360,Jaws,5.0,2025-09-23,positive
V0365,Clear and Present Danger,2.0,2024-01-08,negative
V0366,Crimson Tide,3.0,2025-07-01,neutral
V0367,Crimson Tide,4.0,2025-11-08,positive
V0367,Clear and Present Danger,3.5,2025-06-24,neutral
V0367,Cliffhanger,3.0,2025-09-13,neutral
V0367,In the Line of Fire,3.5,2025-11-21,neutral
V0367,Once Upon a Time in America,3.5,2025-06-20,neutral
V0367,Jaws,3.5,2024-03-17,neutral
V0367,Jaws 2,1.5,2025-06-10,negative
V0367,Mars Attacks!,3.0,2025-03-08,neutral
V0367,Mystery Men,2.5,2025-01-17,neutral
V0367,Training Day,4.0,2025-11-26,positive
V0367,School of Rock,2.5,2024-04-30,neutral
V0368,Clear and Present Danger,4.0,2024-10-27,positive
V0368,Cliffhanger,3.0,2025-10-08,neutral
V0368,In the Line of Fire,4.0,2024-11-08,positive
V0370,Mars Attacks!,1.0,2025-10-20,negative
V0370,The Interview,2.5,2024-02-06,neutral
V0371,Do the Right Thing,4.0,2025-09-24,positive
V0373,Labyrinth,5.0,2024-12-30,positive
V0375,In the Line of Fire,5.0,2024-12-02,positive
V0375,Jaws,3.0,2024-01-06,neutral
V0375,Do the Right Thing,5.0,2024-07-09,positive
V0377,In the Line of Fire,3.0,2024-04-13,neutral
V0377,Jaws,3.0,2024-03-27,neutral
V0377,Jaws 2,2.0,2024-06-06,negative
V0378,Crimson Tide,5.0,2025-05-14,positive
V0378,Clear and Present Danger,4.0,2025-11-03,positive
V0378,In the Line of Fire,5.0,2025-02-08,positive
V0378,Jaws,5.0,2025-03-14,positive
V0380,Mars Attacks!,3.0,2024-10-02,neutral
V0381,Clear and Present Danger,5.0,2025-11-03,positive
V0381,Cliffhanger,4.0,2024-05-23,positive
V0381,In the Line of Fire,4.0,2024-01-06,positive
V0384,School of Rock,4.0,2025-12-27,positive
V0384,In the Cut,3.0,2024-10-18,neutral
V0387,In the Line of Fire,4.5,2025-03-07,positive
V0387,Mars Attacks!,4.0,2024-02-02,positive
V0387,Labyrinth,4.0,2025-05-05,positive
V0387,Training Day,4.0,2024-05-01,positive
V0387,School of Rock,4.5,2025-05-22,positive
V0388,Cliffhanger,3.0,2024-05-10,neutral
V0388,Jaws,3.0,2025-02-13,neutral
V0388,Mars Attacks!,0.5,2025-02-02,negative
V0388,Labyrinth,2.5,2024-04-20,neutral
V0388,Crocodile Dundee in Los Angeles,2.0,2024-06-08,negative
V0388,School of Rock,2.0,2025-12-01,negative
V0389,Crimson Tide,4.0,2024-12-16,positive
V0389,Jaws,3.0,2024-01-09,neutral
V0389,Mars Attacks!,2.0,2024-10-15,negative
V0394,Clear and Present Danger,3.0,2025-03-15,neutral
V0394,In the Line of Fire,4.0,2025-06-07,positive
V0394,Jaws,5.0,2024-04-27,positive
V0394,Jaws 2,1.0,2025-12-18,negative
V0394,Labyrinth,3.0,2025-03-15,neutral
V0394,Mystery Men,4.0,2024-04-15,positive
V0394,Do the Right Thing,5.0,2025-09-17,positive
V0394,School of Rock,2.0,2025-08-28,negative
V0395,School of Rock,3.0,2024-08-22,neutral
V0399,Clear and Present Danger,4.0,2024-02-09,positive
V0401,Crimson Tide,5.0,2024-05-29,positive
V0401,Clear and Present Danger,5.0,2024-07-23,positive
V0401,Cliffhanger,5.0,2025-01-24,positive
V0401,In the Line of Fire,5.0,2025-12-17,positive
V0402,Jaws,5.0,2024-08-15,positive
V0406,Crimson Tide,3.0,2024-03-03,neutral
V0406,Cliffhanger,4.0,2024-02-22,positive
V0406,In the Line of Fire,2.0,2025-01-07,negative
V0407,Crimson Tide,4.0,2025-12-29,positive
V0407,Jaws,2.5,2024-02-18,neutral
V0407,Do the Right Thing,4.0,2024-02-23,positive
V0409,Crimson Tide,3.0,2024-08-05,neutral
V0409,Clear and Present Danger,4.0,2025-09-13,positive
V0409,Jaws,5.0,2024-09-15,positive
V0409,Mars Attacks!,2.5,2024-12-08,neutral
V0409,School of Rock,3.0,2025-11-16,neutral
V0411,Jaws 2,2.0,2024-05-13,negative
V0411,Mars Attacks!,3.0,2025-01-05,neutral
V0411,Training Day,2.0,2025-06-25,negative
V0413,Cliffhanger,2.5,2025-10-27,neutral
V0413,In the Line of Fire,2.5,2025-01-28,neutral
V0413,Mars Attacks!,2.5,2024-05-13,neutral
V0413,Labyrinth,2.5,2024-05-03,neutral
V0413,Mystery Men,0.5,2025-11-01,negative
V0413,School of Rock,3.0,2025-12-22,neutral
V0413,Cold Mountain,4.0,2024-03-17,positive
V0414,Crimson Tide,3.0,2024-12-17,neutral
V0414,Clear and Present Danger,3.0,2024-07-25,neutral
V0414,Cliffhanger,3.0,2024-02-14,neutral
V0414,In the Line of Fire,3.0,2025-07-17,neutral
V0415,Jaws,4.0,2025-07-27,positive
V0415,Mystery Men,3.0,2025-04-04,neutral
V0415,Training Day,3.0,2025-03-22,neutral
V0416,Crimson Tide,3.0,2025-06-20,neutral
V0416,Clear and Present Danger,4.0,2024-01-23,positive
V0417,Crimson Tide,3.0,2025-12-14,neutral
V0419,Do the Right Thing,4.0,2025-08-02,positive
V0421,Crimson Tide,5.0,2025-12-11,positive
V0421,Clear and Present Danger,3.5,2025-02-11,neutral
V0421,Cliffhanger,2.0,2025-06-09,negative
V0421,In the Line of Fire,3.0,2025-06-05,neutral
V0421,Jaws,3.5,2025-02-03,neutral
V0421,Osmosis Jones,3.0,2024-07-30,neutral
V0422,Cliffhanger,3.0,2025-08-08,neutral
V0422,Labyrinth,1.5,2024-01-10,negative
V0424,Crimson Tide,3.0,2025-06-09,neutral
V0424,Clear and Present Danger,3.5,2025-06-21,neutral
V0424,Jaws,1.5,2024-08-13,negative
V0424,Mars Attacks!,3.0,2025-07-19,neutral
V0424,Training Day,3.0,2024-02-16,neutral
V0424,Love Don't Cost a Thing,2.5,2024-02-10,neutral
V0424,Cold Mountain,3.5,2024-10-11,neutral
V0425,Jaws,5.0,2024-02-22,positive
V0427,Crimson Tide,2.0,2024-08-03,negative
V0427,Clear and Present Danger,2.0,2025-10-26,negative
V0427,Cliffhanger,3.0,2025-01-12,neutral
V0427,In the Line of Fire,2.5,2025-12-23,neutral
V0427,Jaws,4.0,2024-05-16,positive
V0427,Mars Attacks!,4.0,2024-10-28,positive
V0430,Cliffhanger,2.0,2025-10-02,negative
V0430,Jaws,3.5,2024-12-30,neutral
V0430,Jaws 2,3.0,2024-10-13,neutral
V0430,Labyrinth,4.5,2024-01-17,positive
V0430,School of Rock,2.5,2025-08-20,neutral
V0433,Crimson Tide,4.0,2025-12-05,positive
V0433,Clear and Present Danger,5.0,2024-09-20,positive
V0434,Jaws 2,5.0,2025-09-10,positive
V0435,Crimson Tide,4.0,2025-03-28,positive
V0435,Clear and Present Danger,4.0,2024-07-27,positive
V0435,Cliffhanger,3.0,2025-02-08,neutral
V0435,In the Line of Fire,3.0,2025-03-20,neutral
V0436,Jaws,4.0,2025-05-05,positive
V0437,Clear and Present Danger,4.0,2025-04-15,positive
V0437,Cliffhanger,5.0,2024-06-29,positive
V0438,Crimson Tide,2.0,2024-07-03,negative
V0438,Clear and Present Danger,3.0,2024-11-13,neutral
V0438,Cliffhanger,2.0,2025-02-07,negative
V0440,Jaws,3.5,2024-03-12,neutral
V0441,Crimson Tide,4.0,2024-09-08,positive
V0444,Crimson Tide,4.0,2025-02-16,positive
V0444,Clear and Present Danger,4.0,2024-05-20,positive
V0444,Cliffhanger,4.0,2024-01-13,positive
V0444,In the Line of Fire,3.0,2025-01-28,neutral
V0445,Crimson Tide,5.0,2024-01-14,positive
V0445,House Party 3,3.0,2024-02-14,neutral
V0445,Jaws,5.0,2024-03-26,positive
V0445,Mystery Men,2.0,2025-10-04,negative
V0445,House Party,5.0,2024-01-10,positive
V0445,House Party 2,3.0,2024-12-12,neutral
V0446,Crimson Tide,3.0,2024-07-26,neutral
V0446,Clear and Present Danger,5.0,2025-07-30,positive
V0446,In the Line of Fire,4.0,2024-06-16,positive
V0448,Jaws,3.0,2024-06-07,neutral
V0448,Do the Right Thing,5.0,2025-12-09,positive
V0449,Crimson Tide,4.0,2024-05-06,positive
V0449,Cold Mountain,4.0,2024-04-15,positive
V0450,Crimson Tide,4.0,2025-06-07,positive
V0450,Clear and Present Danger,3.0,2024-05-25,neutral
V0451,School of Rock,3.0,2024-01-25,neutral
V0452,Clear and Present Danger,4.0,2024-05-30,positive
V0453,Crimson Tide,5.0,2024-08-19,positive
V0453,In the Line of Fire,4.0,2025-01-28,positive
V0455,Cliffhanger,0.5,2024-04-25,negative
V0455,Training Day,3.0,2024-04-22,neutral
V0455,In the Cut,2.0,2024-10-15,negative
V0457,Crimson Tide,3.0,2024-12-07,neutral
V0457,Jaws,4.5,2024-03-27,positive
V0457,Mars Attacks!,3.0,2024-06-03,neutral
V0457,School of Rock,1.0,2024-12-08,negative
V0460,Do the Right Thing,1.5,2025-03-11,negative
V0461,Crimson Tide,4.0,2025-12-04,positive
V0461,Clear and Present Danger,4.0,2024-10-20,positive
V0461,In the Line of Fire,4.0,2024-10-04,positive
V0461,Mars Attacks!,3.0,2025-01-12,neutral
V0462,Cliffhanger,3.5,2025-12-29,neutral
V0463,Crimson Tide,4.0,2024-01-03,positive
V0463,Clear and Present Danger,3.0,2024-06-01,neutral
V0463,Cliffhanger,4.0,2024-11-23,positive
V0465,Crimson Tide,3.0,2025-05-04,neutral
V0465,Clear and Present Danger,4.0,2025-08-14,positive
V0466,Labyrinth,5.0,2024-10-12,positive
V0469,Cliffhanger,1.5,2024-05-10,negative
V0469,Mars Attacks!,1.0,2024-12-27,negative
V0469,School of Rock,0.5,2025-05-07,negative
V0469,Cold Mountain,0.5,2025-09-08,negative
V0471,Clear and Present Danger,3.5,2024-05-21,neutral
V0471,Cliffhanger,2.0,2024-09-08,negative
V0471,In the Line of Fire,3.0,2025-05-24,neutral
V0471,Jaws,4.0,2025-06-29,positive
V0471,Jaws 2,3.0,2025-01-28,neutral
V0471,Mars Attacks!,2.0,2025-03-07,negative
V0471,Tears of the Sun,3.5,2025-12-11,neutral
V0471,Cold Mountain,3.5,2025-12-20,neutral
V0473,In the Line of Fire,4.0,2024-01-03,positive
V0473,Jaws,5.0,2024-01-18,positive
V0473,Mars Attacks!,5.0,2024-05-16,positive
V0474,Clear and Present Danger,4.0,2024-12-23,positive
V0474,Jaws,4.0,2024-05-22,positive
V0474,Mystery Men,4.0,2025-07-18,positive
V0475,Mars Attacks!,5.0,2024-09-05,positive
V0476,Jaws,3.0,2024-02-27,neutral
V0479,Clear and Present Danger,5.0,2025-12-13,positive
V0479,Jaws,2.0,2024-01-27,negative
V0479,Jaws 2,2.0,2025-01-15,negative
V0479,Labyrinth,3.0,2025-11-09,neutral
V0481,Crimson Tide,3.0,2025-08-31,neutral
V0481,Clear and Present Danger,3.0,2024-05-30,neutral
V0481,Cliffhanger,3.0,2024-09-07,neutral
V0482,Jaws,4.5,2025-03-02,positive
V0483,Mars Attacks!,4.0,2025-04-26,positive
V0484,Crimson Tide,4.0,2025-06-24,positive
V0485,Crimson Tide,2.5,2025-04-26,neutral
V0485,Clear and Present Danger,2.5,2025-03-30,neutral
V0485,Mars Attacks!,2.5,2024-01-14,neutral
V0485,School of Rock,2.5,2024-03-02,neutral
V0488,In the Line of Fire,3.0,2025-09-10,neutral
V0488,Jaws,4.0,2024-06-13,positive
V0488,Mars Attacks!,2.0,2025-03-09,negative
V0489,Crimson Tide,4.0,2025-04-10,positive
V0489,Osmosis Jones,3.5,2024-09-21,neutral
V0490,Crimson Tide,3.0,2024-11-09,neutral
V0491,Crimson Tide,4.0,2024-06-09,positive
V0491,Clear and Present Danger,4.0,2025-06-18,positive
V0492,Cliffhanger,3.5,2024-05-08,neutral
V0492,Jaws,2.5,2025-09-25,neutral
V0492,Mars Attacks!,3.5,2024-07-07,neutral
V0492,Labyrinth,2.5,2025-07-26,neutral
V0492,Training Day,2.0,2025-12-10,negative
V0492,School of Rock,4.0,2025-10-30,positive
V0496,Jaws,5.0,2025-01-24,positive
V0496,Do the Right Thing,5.0,2025-01-15,positive
V0497,Clear and Present Danger,4.0,2024-10-03,positive
V0497,Cliffhanger,4.0,2025-01-06,positive
V0497,In the Line of Fire,4.0,2024-12-09,positive
V0503,Training Day,4.0,2024-06-15,positive
V0506,Clear and Present Danger,4.0,2024-08-04,positive
V0508,Jaws,4.5,2024-11-12,positive
V0508,Training Day,3.5,2025-10-15,neutral
V0512,Crimson Tide,4.0,2024-10-02,positive
V0512,Clear and Present Danger,4.0,2025-08-01,positive
V0512,Cliffhanger,3.0,2025-05-10,neutral
V0515,Cliffhanger,3.0,2024-04-05,neutral
V0515,In the Line of Fire,5.0,2024-12-31,positive
V0516,Jaws,4.0,2025-02-11,positive
V0516,Jaws 2,3.0,2025-02-04,neutral
V0516,Mars Attacks!,4.0,2024-05-12,positive
V0520,Clear and Present Danger,4.5,2024-12-05,positive
V0520,In the Line of Fire,4.5,2025-05-30,positive
V0520,Jaws,4.0,2024-06-02,positive
V0520,Training Day,4.0,2025-01-26,positive
V0520,School of Rock,4.5,2024-02-08,positive
V0520,Grown Ups,5.0,2025-11-29,positive
V0522,Mystery Men,2.5,2025-10-02,neutral
V0524,Crimson Tide,5.0,2024-08-25,positive
V0524,Clear and Present Danger,4.0,2025-11-28,positive
V0532,Mars Attacks!,3.5,2024-06-13,neutral
V0533,Cliffhanger,5.0,2025-09-15,positive
V0534,Labyrinth,4.5,2024-12-15,positive
V0534,Osmosis Jones,3.5,2024-12-13,neutral
V0535,School of Rock,4.0,2025-03-17,positive
V0536,Crimson Tide,3.0,2025-11-30,neutral
V0536,In the Line of Fire,4.0,2025-09-17,positive
V0536,Labyrinth,5.0,2024-06-05,positive
V0537,Training Day,3.5,2025-05-24,neutral
V0538,Crimson Tide,4.0,2024-05-26,positive
V0538,Clear and Present Danger,5.0,2025-07-14,positive
V0539,Labyrinth,3.5,2024-03-30,neutral
V0543,Jaws,5.0,2024-11-17,positive
V0543,School of Rock,4.0,2024-06-14,positive
V0544,Jaws,3.0,2025-01-07,neutral
V0544,Jaws 2,3.0,2024-07-02,neutral
V0544,Do the Right Thing,3.0,2024-09-21,neutral
V0545,Crimson Tide,3.0,2025-03-28,neutral
V0545,Clear and Present Danger,3.0,2024-05-06,neutral
V0545,Cliffhanger,3.0,2025-01-07,neutral
V0546,Cliffhanger,3.0,2025-02-22,neutral
V0546,In the Line of Fire,3.5,2025-11-27,neutral
V0546,Mars Attacks!,4.0,2025-06-08,positive
V0546,School of Rock,3.0,2024-11-17,neutral
V0549,Crimson Tide,5.0,2025-02-27,positive
V0549,Clear and Present Danger,4.0,2025-11-29,positive
V0549,Jaws,4.0,2025-10-21,positive
V0549,House Party,3.0,2024-09-07,neutral
V0552,In the Line of Fire,4.0,2024-01-09,positive
V0553,Cliffhanger,5.0,2024-10-24,positive
V0553,Mars Attacks!,4.0,2025-02-12,positive
V0554,Clear and Present Danger,5.0,2025-02-01,positive
V0554,Cliffhanger,3.0,2024-04-05,neutral
V0554,In the Line of Fire,5.0,2025-10-19,positive
V0554,Jaws,5.0,2025-04-21,positive
V0554,Jaws 2,4.0,2024-04-20,positive
V0554,Mars Attacks!,3.0,2025-02-10,neutral
V0556,Clear and Present Danger,4.0,2025-02-15,positive
V0557,Clear and Present Danger,3.0,2024-12-16,neutral
V0557,Mars Attacks!,3.5,2025-12-20,neutral
V0565,In the Line of Fire,3.0,2024-10-12,neutral
V0568,Cliffhanger,3.0,2024-06-08,neutral
V0569,In the Line of Fire,3.0,2025-10-17,neutral
V0571,Cliffhanger,2.0,2024-02-02,negative
V0571,Mars Attacks!,1.5,2024-03-04,negative
V0572,Crimson Tide,4.5,2025-03-16,positive
V0572,Clear and Present Danger,5.0,2024-08-04,positive
V0572,In the Line of Fire,3.0,2025-12-01,neutral
V0572,Jaws,3.5,2025-10-12,neutral
V0572,Mars Attacks!,2.0,2024-03-11,negative
V0572,My Boss's Daughter,2.5,2024-11-01,neutral
V0572,School of Rock,3.0,2025-03-05,neutral
V0572,Freedom Writers,4.0,2024-09-22,positive
V0572,Safe House,2.5,2024-04-04,neutral
V0574,Labyrinth,5.0,2024-12-16,positive
V0578,Jaws,4.0,2024-07-22,positive
V0578,Mars Attacks!,3.0,2025-05-08,neutral
V0578,School of Rock,4.0,2024-06-13,positive
V0579,Crimson Tide,3.0,2025-12-10,neutral
V0579,Clear and Present Danger,3.0,2024-01-11,neutral
V0579,Cliffhanger,3.0,2025-09-03,neutral
V0579,In the Line of Fire,4.0,2025-11-14,positive
V0584,Jaws,5.0,2024-11-27,positive
V0584,Do the Right Thing,4.0,2024-11-20,positive
V0585,Labyrinth,3.0,2025-04-14,neutral
V0586,Cliffhanger,3.0,2024-11-20,neutral
V0586,Once Upon a Time in America,5.0,2025-11-21,positive
V0586,Jaws,3.5,2024-01-04,neutral
V0586,Mars Attacks!,3.0,2024-05-08,neutral
V0586,Labyrinth,3.0,2025-08-15,neutral
V0586,Mystery Men,2.5,2024-07-11,neutral
V0586,Crocodile Dundee in Los Angeles,2.5,2024-06-19,neutral
V0586,Training Day,4.5,2024-12-22,positive
V0586,School of Rock,3.0,2025-11-26,neutral
V0587,Clear and Present Danger,3.0,2025-01-14,neutral
V0587,Cliffhanger,2.5,2024-11-05,neutral
V0587,In the Line of Fire,4.0,2024-05-07,positive
V0587,Jaws,5.0,2025-04-11,positive
V0587,Jaws 2,2.0,2024-12-26,negative
V0587,Mars Attacks!,1.0,2025-06-19,negative
V0587,Labyrinth,3.5,2024-06-29,neutral
V0587,Mystery Men,3.0,2024-06-30,neutral
V0588,School of Rock,2.0,2025-07-09,negative
V0591,Crimson Tide,4.0,2025-11-06,positive
V0591,Clear and Present Danger,5.0,2025-10-11,positive
V0591,Cliffhanger,4.0,2024-04-11,positive
V0593,Clear and Present Danger,5.0,2024-04-16,positive
V0594,Crimson Tide,5.0,2025-09-23,positive
V0594,Jaws,3.0,2025-05-23,neutral
V0594,Labyrinth,2.0,2025-07-11,negative
V0594,Mystery Men,3.0,2025-05-30,neutral
V0595,Labyrinth,5.0,2025-11-14,positive
V0599,School of Rock,2.5,2024-08-04,neutral
V0600,Clear and Present Danger,4.0,2025-07-18,positive
V0600,In the Line of Fire,5.0,2025-04-25,positive
V0600,Jaws,5.0,2025-04-20,positive
V0600,Jaws 2,2.0,2025-10-22,negative
V0601,Crimson Tide,3.0,2025-02-09,neutral
V0601,Cliffhanger,5.0,2024-08-17,positive
V0601,In the Line of Fire,4.0,2025-11-05,positive
V0603,Clear and Present Danger,3.0,2025-02-28,neutral
V0603,In the Line of Fire,4.0,2025-02-28,positive
V0604,Mars Attacks!,2.0,2024-06-06,negative
V0604,School of Rock,3.0,2025-06-15,neutral
V0606,Jaws,3.0,2024-11-21,neutral
V0607,Clear and Present Danger,4.0,2025-08-08,positive
V0609,Cliffhanger,1.5,2025-02-04,negative
V0609,In the Line of Fire,4.0,2025-02-06,positive
V0609,Mars Attacks!,1.0,2025-08-14,negative
V0609,Do the Right Thing,5.0,2025-10-13,positive
V0609,Crocodile Dundee in Los Angeles,1.0,2024-06-26,negative
V0610,Crimson Tide,3.0,2025-06-13,neutral
V0610,Cliffhanger,3.0,2024-04-11,neutral
V0610,Once Upon a Time in America,3.0,2025-05-31,neutral
V0610,Jaws,5.0,2025-02-05,positive
V0610,Jaws 2,4.0,2024-09-23,positive
V0610,Labyrinth,3.0,2024-11-26,neutral
V0611,Crimson Tide,5.0,2024-01-27,positive
V0611,Clear and Present Danger,4.0,2025-08-30,positive
V0611,Cliffhanger,4.0,2025-12-25,positive
V0614,Crimson Tide,2.0,2024-03-21,negative
V0614,Clear and Present Danger,3.0,2024-05-13,neutral
V0614,Cliffhanger,2.0,2025-01-01,negative
V0614,Jaws,3.0,2024-08-15,neutral
V0614,Labyrinth,5.0,2024-09-08,positive
V0614,Mystery Men,3.0,2025-01-22,neutral
V0614,Cold Mountain,3.5,2024-02-22,neutral
V0614,Freedom Writers,3.5,2024-05-27,neutral
V0615,Jaws 2,1.0,2025-08-16,negative
V0615,Crocodile Dundee in Los Angeles,4.0,2025-04-15,positive
V0615,My Boss's Daughter,3.5,2024-04-19,neutral
V0619,Crimson Tide,4.0,2024-07-03,positive
V0619,School of Rock,3.5,2025-01-05,neutral
V0623,Clear and Present Danger,3.0,2025-02-04,neutral
V0623,Cliffhanger,3.0,2024-01-23,neutral
V0627,Clear and Present Danger,3.0,2025-10-02,neutral
V0628,Mars Attacks!,3.0,2025-03-05,neutral
V0629,Jaws,5.0,2025-10-10,positive
V0630,Mars Attacks!,4.0,2024-06-13,positive
V0631,Once Upon a Time in America,3.0,2024-07-01,neutral
V0631,Jaws,3.0,2025-09-13,neutral
V0631,Jaws 2,2.5,2024-12-17,neutral
V0631,Jaws: The Revenge,1.0,2025-09-20,negative
V0631,School of Rock,3.0,2024-06-11,neutral
V0631,Grown Ups,2.0,2024-05-04,negative
V0631,The Interview,3.0,2025-07-02,neutral
V0632,Crimson Tide,3.0,2024-06-05,neutral
V0632,Clear and Present Danger,3.0,2024-04-27,neutral
V0632,In the Line of Fire,3.0,2024-12-01,neutral
V0632,Do the Right Thing,2.5,2025-12-09,neutral
V0632,Training Day,4.0,2024-10-07,positive
V0632,School of Rock,3.5,2024-04-04,neutral
V0634,Labyrinth,5.0,2025-10-29,positive
V0634,Mystery Men,2.0,2025-05-22,negative
V0635,Cliffhanger,3.0,2025-02-13,neutral
V0635,Labyrinth,4.0,2024-06-26,positive
V0635,Mystery Men,5.0,2024-10-14,positive
V0636,Mystery Men,4.0,2025-08-24,positive
V0637,Jaws,3.0,2024-07-29,neutral
V0637,Jaws 2,2.0,2025-04-01,negative
V0637,Mars Attacks!,2.5,2024-10-05,neutral
V0637,Training Day,3.0,2024-04-20,neutral
V0637,School of Rock,3.0,2024-07-23,neutral
V0638,Mars Attacks!,0.5,2025-10-09,negative
V0639,In the Line of Fire,4.0,2024-06-20,positive
V0639,Jaws,4.0,2025-06-07,positive
V0643,Crimson Tide,4.0,2024-10-27,positive
V0643,Mars Attacks!,5.0,2025-10-22,positive
V0646,Cliffhanger,2.0,2024-12-26,negative
V0647,School of Rock,3.5,2024-07-03,neutral
V0648,Clear and Present Danger,3.0,2024-07-09,neutral
V0648,In the Line of Fire,4.0,2024-08-08,positive
V0648,Labyrinth,3.0,2024-05-28,neutral
V0648,Mystery Men,4.0,2024-01-10,positive
V0648,Training Day,3.0,2024-12-02,neutral
V0648,Tears of the Sun,3.0,2024-11-25,neutral
V0650,Mars Attacks!,4.0,2024-03-08,positive
V0652,Clear and Present Danger,5.0,2024-08-05,positive
V0654,Jaws,3.0,2025-07-28,neutral
V0657,Jaws,5.0,2025-11-18,positive
V0658,Clear and Present Danger,4.0,2025-10-23,positive
V0658,In the Line of Fire,4.0,2025-03-21,positive
V0659,Cliffhanger,3.5,2024-07-21,neutral
V0659,Mars Attacks!,4.0,2025-05-20,positive
V0660,Crimson Tide,5.0,2024-10-08,positive
V0660,Clear and Present Danger,5.0,2025-04-08,positive
V0660,Cliffhanger,3.0,2025-08-28,neutral
V0662,Jaws,4.0,2024-01-22,positive
V0663,Crimson Tide,3.0,2025-08-12,neutral
V0663,Jaws,5.0,2024-10-18,positive
V0663,Do the Right Thing,3.0,2025-02-16,neutral
V0664,Clear and Present Danger,4.5,2025-06-24,positive
V0664,Cliffhanger,3.5,2024-01-17,neutral
V0664,Jaws,5.0,2025-03-01,positive
V0664,Jaws 2,3.0,2024-11-20,neutral
V0664,Labyrinth,3.0,2024-03-22,neutral
V0664,Do the Right Thing,5.0,2025-05-20,positive
V0664,Jaws: The Revenge,2.0,2024-11-01,negative
V0664,School of Rock,5.0,2025-05-20,positive
V0665,Jaws,5.0,2024-05-04,positive
V0665,Jaws 2,4.0,2025-09-24,positive
V0666,Jaws,4.0,2024-02-18,positive
V0666,Mars Attacks!,3.0,2024-04-17,neutral
V0672,School of Rock,2.5,2025-03-22,neutral
V0672,Poseidon,1.0,2024-07-14,negative
V0674,Crimson Tide,5.0,2025-01-12,positive
V0674,Clear and Present Danger,4.0,2024-01-06,positive
V0674,Cliffhanger,3.0,2024-02-23,neutral
V0675,Once Upon a Time in America,4.0,2024-02-14,positive
V0676,Jaws,3.0,2024-11-07,neutral
V0678,Crimson Tide,4.0,2025-12-05,positive
V0678,Clear and Present Danger,4.0,2025-01-23,positive
V0678,In the Line of Fire,4.0,2024-05-21,positive
V0680,Mars Attacks!,3.0,2024-05-09,neutral
V0683,Crimson Tide,4.0,2025-08-21,positive
V0683,Clear and Present Danger,3.0,2025-02-27,neutral
V0683,Cliffhanger,3.0,2024-05-05,neutral
V0685,Cliffhanger,2.0,2025-08-14,negative
V0685,Jaws,4.0,2024-10-14,positive
V0686,Crimson Tide,3.0,2025-05-09,neutral
V0686,Clear and Present Danger,3.0,2024-10-30,neutral
V0686,Cliffhanger,3.0,2025-07-25,neutral
V0688,Crimson Tide,4.0,2025-11-06,positive
V0688,Clear and Present Danger,5.0,2024-07-29,positive
V0688,Cliffhanger,2.0,2025-05-21,negative
V0688,In the Line of Fire,4.0,2025-11-17,positive
V0689,Crimson Tide,3.5,2025-01-29,neutral
V0689,Cliffhanger,4.0,2024-12-14,positive
V0689,In the Line of Fire,4.0,2025-06-24,positive
V0689,Mars Attacks!,2.5,2024-11-15,neutral
V0689,Training Day,4.0,2024-06-06,positive
V0691,Jaws 2,3.0,2024-05-13,neutral
V0692,Grown Ups,0.5,2025-01-29,negative
V0698,Clear and Present Danger,5.0,2025-06-09,positive
V0699,Cliffhanger,3.0,2024-07-11,neutral
V0699,Mystery Men,3.0,2024-06-17,neutral
V0699,Do the Right Thing,4.0,2025-08-14,positive
V0700,Mars Attacks!,3.0,2025-04-17,neutral
V0700,Mystery Men,2.0,2024-04-22,negative
V0702,Clear and Present Danger,2.5,2025-04-16,neutral
V0702,Jaws,3.0,2025-05-02,neutral
V0702,Jaws 2,1.0,2024-12-26,negative
V0702,Mars Attacks!,0.5,2025-07-17,negative
V0702,Labyrinth,2.0,2024-08-05,negative
V0702,Mystery Men,1.5,2025-03-17,negative
V0702,Do the Right Thing,3.0,2025-03-27,neutral
V0702,Jaws: The Revenge,0.5,2024-02-20,negative
V0702,School of Rock,3.5,2025-03-08,neutral
V0703,In the Line of Fire,4.0,2025-02-16,positive
V0703,Jaws,4.0,2025-06-26,positive
V0704,Crimson Tide,4.0,2025-03-19,positive
V0705,Crimson Tide,3.0,2025-10-23,neutral
V0705,Clear and Present Danger,3.0,2024-08-12,neutral
V0705,Cliffhanger,1.0,2024-02-06,negative
V0705,In the Line of Fire,3.0,2024-03-08,neutral
V0706,Labyrinth,4.0,2024-08-19,positive
V0709,Once Upon a Time in America,4.0,2025-02-18,positive
V0709,Labyrinth,2.0,2024-08-13,negative
V0709,Mystery Men,3.0,2025-12-09,neutral
V0710,In the Line of Fire,4.0,2024-06-24,positive
V0710,Jaws,4.0,2025-10-14,positive
V0710,Jaws 2,1.0,2024-10-21,negative
V0710,Mars Attacks!,4.0,2024-07-08,positive
V0710,Mystery Men,4.5,2025-09-29,positive
V0710,Do the Right Thing,5.0,2025-12-05,positive
V0710,Cold Mountain,4.5,2025-11-28,positive
V0711,Jaws,3.0,2024-12-06,neutral
V0711,Mars Attacks!,3.0,2024-01-14,neutral
V0711,Labyrinth,5.0,2024-12-08,positive
V0717,Clear and Present Danger,3.5,2024-09-27,neutral
V0717,In the Line of Fire,2.5,2025-11-26,neutral
V0717,Training Day,3.5,2025-08-31,neutral
V0721,Crimson Tide,4.0,2025-08-20,positive
V0721,Clear and Present Danger,3.0,2024-09-10,neutral
V0721,In the Line of Fire,3.0,2024-01-18,neutral
V0722,Crimson Tide,4.0,2024-10-24,positive
V0722,Clear and Present Danger,4.0,2025-05-30,positive
V0722,Cliffhanger,3.0,2024-04-06,neutral
V0723,Labyrinth,3.5,2024-12-09,neutral
V0724,Jaws,4.5,2024-12-25,positive
V0724,Mars Attacks!,4.0,2025-05-13,positive
V0725,Crimson Tide,5.0,2024-01-14,positive
V0725,Clear and Present Danger,4.0,2025-12-28,positive
V0725,Cliffhanger,3.0,2025-11-10,neutral
V0725,In the Line of Fire,5.0,2025-09-02,positive
V0727,Crimson Tide,4.0,2025-12-03,positive
V0727,Clear and Present Danger,4.0,2024-01-22,positive
V0727,In the Line of Fire,3.0,2024-08-13,neutral
V0727,Jaws,4.0,2024-12-31,positive
V0727,Mystery Men,1.0,2025-08-14,negative
V0729,Cliffhanger,4.5,2025-03-17,positive
V0729,In the Line of Fire,2.5,2024-04-01,neutral
V0729,Jaws,3.0,2025-01-21,neutral
V0729,Mars Attacks!,3.0,2024-10-07,neutral
V0729,Training Day,2.5,2025-07-11,neutral
V0729,School of Rock,4.0,2025-06-23,positive
V0732,Mars Attacks!,1.5,2025-11-26,negative
V0733,Cliffhanger,5.0,2025-02-04,positive
V0733,Once Upon a Time in America,2.0,2024-10-09,negative
V0733,Jaws,5.0,2025-08-16,positive
V0733,Jaws 2,4.0,2025-09-19,positive
V0735,Training Day,2.5,2025-04-10,neutral
V0735,Cold Mountain,4.0,2024-12-21,positive
V0736,Clear and Present Danger,5.0,2024-01-09,positive
V0736,Cliffhanger,2.0,2024-05-30,negative
V0737,Jaws,4.0,2025-06-19,positive
V0737,School of Rock,4.5,2025-11-11,positive
V0738,Clear and Present Danger,3.5,2024-10-22,neutral
V0738,Cliffhanger,3.5,2024-01-16,neutral
V0739,Crimson Tide,4.0,2024-10-16,positive
V0739,Cliffhanger,4.5,2024-02-24,positive
V0739,Once Upon a Time in America,4.0,2025-03-16,positive
V0739,Mars Attacks!,4.0,2024-01-01,positive
V0739,Training Day,5.0,2024-12-24,positive
V0740,Crimson Tide,3.0,2025-05-29,neutral
V0740,In the Line of Fire,4.0,2025-07-28,positive
V0740,Once Upon a Time in America,4.0,2025-12-31,positive
V0740,Jaws,3.0,2024-07-20,neutral
V0741,Crimson Tide,5.0,2024-03-23,positive
V0741,Clear and Present Danger,2.5,2025-04-29,neutral
V0741,Cliffhanger,1.0,2025-11-25,negative
V0741,House Party 3,0.5,2025-02-12,negative
V0741,In the Line of Fire,4.0,2024-09-24,positive
V0741,Once Upon a Time in America,5.0,2024-11-14,positive
V0741,Jaws,0.5,2025-11-26,negative
V0741,Mars Attacks!,5.0,2025-08-15,positive
V0741,Labyrinth,4.5,2024-07-23,positive
V0741,Do the Right Thing,5.0,2025-07-21,positive
V0741,House Party 2,0.5,2024-03-28,negative
V0741,Jaws: The Revenge,0.5,2025-10-05,negative
V0741,Crocodile Dundee in Los Angeles,3.0,2025-01-19,neutral
V0741,Training Day,5.0,2025-03-23,positive
V0744,Crimson Tide,4.0,2025-03-28,positive
V0744,Clear and Present Danger,2.0,2025-12-02,negative
V0744,Cliffhanger,3.0,2024-12-28,neutral
V0744,In the Line of Fire,3.0,2025-02-24,neutral
V0744,Jaws,3.5,2025-07-26,neutral
V0744,Mars Attacks!,2.5,2025-03-07,neutral
V0744,School of Rock,3.0,2025-09-21,neutral
V0744,Cold Mountain,4.0,2024-09-05,positive
V0745,Jaws,5.0,2024-05-10,positive
V0747,Jaws 2,2.5,2025-08-02,neutral
V0749,Clear and Present Danger,2.0,2025-02-06,negative
V0749,Cliffhanger,3.0,2024-01-07,neutral
V0749,In the Line of Fire,3.0,2025-06-14,neutral
V0750,Crimson Tide,3.0,2024-03-27,neutral
V0750,Clear and Present Danger,4.0,2025-10-27,positive
V0750,Cliffhanger,3.0,2024-04-09,neutral
V0750,In the Line of Fire,4.0,2025-05-08,positive
V0754,Crimson Tide,3.0,2024-03-03,neutral
V0754,Clear and Present Danger,3.0,2025-11-21,neutral
V0754,Cliffhanger,4.0,2024-02-24,positive
V0754,In the Line of Fire,4.0,2024-05-27,positive
V0759,Crimson Tide,3.0,2025-05-22,neutral
V0759,Clear and Present Danger,4.0,2025-11-22,positive
V0760,Crimson Tide,4.0,2024-11-04,positive
V0760,Clear and Present Danger,4.0,2024-01-07,positive
V0760,Cliffhanger,4.0,2025-12-05,positive
V0760,In the Line of Fire,4.0,2024-01-01,positive
V0761,Mars Attacks!,2.0,2024-05-03,negative
V0766,Cliffhanger,3.0,2024-07-28,neutral
V0768,Crimson Tide,3.0,2025-06-01,neutral
V0768,Clear and Present Danger,3.0,2024-05-04,neutral
V0768,Cliffhanger,3.0,2024-07-07,neutral
V0768,In the Line of Fire,3.5,2025-07-13,neutral
V0768,Once Upon a Time in America,3.0,2025-11-28,neutral
V0768,Jaws,3.5,2025-09-23,neutral
V0768,Jaws 2,2.0,2025-10-13,negative
V0768,Mars Attacks!,4.0,2025-11-04,positive
V0768,Labyrinth,3.0,2025-12-17,neutral
V0768,Mystery Men,4.0,2025-05-06,positive
V0768,Crocodile Dundee in Los Angeles,2.0,2024-04-12,negative
V0768,Training Day,4.0,2025-11-14,positive
V0768,Tears of the Sun,3.0,2025-12-15,neutral
V0768,School of Rock,3.5,2025-03-02,neutral
V0768,In the Cut,3.0,2024-01-29,neutral
V0768,Poseidon,3.0,2025-07-31,neutral
V0769,Crimson Tide,4.0,2024-11-06,positive
V0769,Clear and Present Danger,3.0,2025-11-03,neutral
V0769,In the Line of Fire,3.0,2024-12-29,neutral
V0770,Labyrinth,4.0,2025-04-14,positive
V0773,Crimson Tide,5.0,2024-06-11,positive
V0773,Clear and Present Danger,4.0,2025-05-30,positive
V0773,Cliffhanger,3.0,2025-12-24,neutral
V0774,Jaws,4.5,2024-03-05,positive
V0775,Crimson Tide,3.5,2024-12-26,neutral
V0775,Clear and Present Danger,3.5,2024-12-13,neutral
V0775,Cliffhanger,3.0,2024-05-23,neutral
V0775,In the Line of Fire,4.5,2025-11-05,positive
V0775,Once Upon a Time in America,4.0,2024-03-10,positive
V0775,Jaws,5.0,2025-05-10,positive
V0775,Jaws 2,2.0,2025-09-12,negative
V0775,Mars Attacks!,4.0,2025-12-26,positive
V0775,Labyrinth,4.0,2025-11-05,positive
V0775,Mystery Men,4.0,2025-12-15,positive
V0775,Do the Right Thing,5.0,2025-08-17,positive
V0775,Training Day,0.5,2025-02-17,negative
V0775,Tears of the Sun,0.5,2024-06-11,negative
V0775,School of Rock,4.0,2024-04-18,positive
V0775,Cold Mountain,3.0,2025-05-02,neutral
V0776,School of Rock,5.0,2024-08-30,positive
V0777,Crimson Tide,2.5,2024-06-27,neutral
V0777,Jaws,4.0,2025-03-06,positive
V0777,Do the Right Thing,4.0,2025-09-18,positive
V0777,Crocodile Dundee in Los Angeles,2.5,2024-03-15,neutral
V0777,School of Rock,4.0,2025-09-13,positive
V0777,Cold Mountain,4.0,2024-06-27,positive
V0779,Jaws,3.5,2025-04-05,neutral
V0782,Crimson Tide,5.0,2025-10-14,positive
V0782,Cliffhanger,5.0,2024-07-19,positive
V0783,School of Rock,4.0,2025-11-26,positive
V0784,Do the Right Thing,3.5,2024-06-14,neutral
V0786,School of Rock,3.0,2024-07-15,neutral
V0786,Grown Ups,2.0,2025-10-06,negative
V0787,Jaws,3.0,2024-02-04,neutral
V0788,In the Line of Fire,4.0,2024-01-06,positive
V0789,Jaws,5.0,2025-08-04,positive
V0790,Mars Attacks!,2.0,2024-12-14,negative
V0791,Jaws,5.0,2025-10-19,positive
V0791,Labyrinth,4.0,2024-07-31,positive
V0792,Labyrinth,3.0,2025-05-27,neutral
V0792,Training Day,4.0,2025-07-26,positive
V0792,School of Rock,4.0,2024-03-09,positive
V0794,Labyrinth,4.0,2025-01-20,positive
V0795,Crimson Tide,5.0,2024-03-21,positive
V0795,Clear and Present Danger,5.0,2024-11-01,positive
V0795,Cliffhanger,4.0,2024-08-24,positive
V0796,Clear and Present Danger,4.0,2024-12-04,positive
V0796,In the Line of Fire,3.0,2024-10-23,neutral
V0799,Jaws,3.0,2025-02-03,neutral
V0799,Do the Right Thing,3.0,2024-06-10,neutral
V0800,Clear and Present Danger,4.0,2025-08-12,positive
V0800,Jaws,4.0,2025-09-17,positive
V0802,Crimson Tide,4.0,2025-09-25,positive
V0802,Clear and Present Danger,4.0,2024-04-23,positive
V0802,In the Line of Fire,5.0,2024-09-26,positive
V0805,Crimson Tide,3.0,2024-12-12,neutral
V0806,Clear and Present Danger,4.0,2024-12-08,positive
V0806,Cliffhanger,4.0,2024-05-22,positive
V0809,Crimson Tide,2.5,2024-12-03,neutral
V0809,Cliffhanger,0.5,2024-03-04,negative
V0810,Crimson Tide,4.0,2025-07-31,positive
V0811,Once Upon a Time in America,4.0,2024-02-06,positive
V0812,Clear and Present Danger,2.0,2025-03-02,negative
V0812,Cliffhanger,3.0,2024-03-23,neutral
V0812,Jaws,3.0,2024-05-12,neutral
V0812,Mars Attacks!,1.0,2024-04-16,negative
V0812,Labyrinth,5.0,2024-08-18,positive
V0812,Mystery Men,5.0,2025-05-04,positive
V0812,Osmosis Jones,2.0,2024-08-21,negative
V0812,School of Rock,3.0,2024-01-27,neutral
V0812,In the Cut,1.5,2024-07-19,negative
V0813,Tears of the Sun,4.0,2025-01-23,positive
V0813,Cold Mountain,4.0,2024-01-19,positive
V0814,Mars Attacks!,5.0,2025-01-31,positive
V0816,Crimson Tide,4.0,2024-05-08,positive
V0816,Clear and Present Danger,4.0,2025-07-16,positive
V0816,Cliffhanger,4.0,2024-04-30,positive
V0816,In the Line of Fire,5.0,2025-01-11,positive
V0817,Mars Attacks!,4.0,2025-03-23,positive
V0819,In the Line of Fire,4.5,2024-08-25,positive
V0820,Jaws,5.0,2024-08-20,positive
V0821,Clear and Present Danger,4.0,2025-07-03,positive
V0821,Cliffhanger,3.0,2024-01-16,neutral
V0821,In the Line of Fire,4.0,2024-02-28,positive
V0824,Heavy,5.0,2025-03-25,positive
V0829,Mars Attacks!,3.5,2024-11-17,neutral
V0829,Letters to Juliet,4.0,2024-09-07,positive
V0833,Crimson Tide,4.0,2025-02-11,positive
V0833,Clear and Present Danger,5.0,2025-11-03,positive
V0833,Cliffhanger,4.0,2025-07-10,positive
V0833,In the Line of Fire,5.0,2024-12-31,positive
V0834,Crimson Tide,3.0,2024-08-13,neutral
V0834,Mystery Men,4.0,2025-01-10,positive
V0839,Mars Attacks!,4.0,2025-10-31,positive
V0840,Crimson Tide,3.0,2024-09-30,neutral
V0840,Clear and Present Danger,3.0,2025-05-30,neutral
V0840,Cliffhanger,3.0,2025-02-24,neutral
V0840,House Party 3,3.0,2025-05-12,neutral
V0840,In the Line of Fire,4.0,2024-05-20,positive
V0843,Do the Right Thing,5.0,2024-08-24,positive
V0843,Like Crazy,3.0,2024-08-03,neutral
V0843,Safe House,2.0,2024-05-25,negative
V0845,Jaws,5.0,2025-12-16,positive
V0846,Cliffhanger,2.5,2025-04-09,neutral
V0846,Mars Attacks!,2.0,2025-05-25,negative
V0846,Labyrinth,3.5,2024-10-11,neutral
V0846,Training Day,2.5,2024-03-27,neutral
V0846,School of Rock,4.0,2025-09-16,positive
V0846,Cold Mountain,3.5,2025-01-26,neutral
V0847,Cliffhanger,2.0,2024-08-17,negative
V0847,Mars Attacks!,4.5,2025-11-06,positive
V0847,Labyrinth,3.5,2025-11-07,neutral
V0847,Crocodile Dundee in Los Angeles,3.0,2024-12-22,neutral
V0848,Crimson Tide,5.0,2025-09-15,positive
V0848,Clear and Present Danger,3.0,2024-09-25,neutral
V0848,In the Line of Fire,3.0,2024-08-09,neutral
V0853,Once Upon a Time in America,5.0,2025-09-28,positive
V0853,Jaws,3.0,2024-02-28,neutral
V0856,Jaws,4.0,2025-02-01,positive
V0856,Labyrinth,4.0,2025-11-25,positive
V0856,Jaws: The Revenge,2.5,2025-07-01,neutral
V0856,Crocodile Dundee in Los Angeles,2.5,2025-08-04,neutral
V0857,Crimson Tide,5.0,2024-06-15,positive
V0857,Cliffhanger,2.0,2024-08-31,negative
V0859,Crimson Tide,3.0,2024-10-14,neutral
V0859,Clear and Present Danger,3.0,2024-10-07,neutral
V0860,Mystery Men,2.0,2025-07-09,negative
V0863,Clear and Present Danger,4.0,2025-02-08,positive
V0863,In the Line of Fire,5.0,2025-01-05,positive
V0864,Jaws,4.0,2025-10-30,positive
V0868,Jaws,4.0,2024-01-13,positive
V0869,Clear and Present Danger,4.0,2025-11-07,positive
V0869,Cliffhanger,3.5,2024-07-02,neutral
V0869,In the Line of Fire,3.0,2025-03-26,neutral
V0869,Jaws,3.0,2025-01-02,neutral
V0869,Mars Attacks!,3.0,2025-07-23,neutral
V0869,Training Day,3.0,2025-08-16,neutral
V0869,Cold Mountain,3.0,2025-09-16,neutral
V0870,In the Line of Fire,4.0,2024-03-06,positive
V0870,Jaws,5.0,2024-10-09,positive
V0870,Mars Attacks!,3.0,2024-05-10,neutral
V0871,Cliffhanger,2.0,2024-05-30,negative
V0872,Cliffhanger,3.5,2024-02-20,neutral
V0872,Jaws,3.5,2024-02-09,neutral
V0872,School of Rock,4.0,2025-03-26,positive
V0872,Cold Mountain,3.5,2025-07-20,neutral
V0873,In the Line of Fire,3.0,2024-09-22,neutral
V0873,Training Day,3.5,2024-12-27,neutral
V0875,Clear and Present Danger,5.0,2025-09-06,positive
V0879,In the Line of Fire,3.0,2024-03-20,neutral
V0882,Clear and Present Danger,5.0,2025-06-07,positive
V0882,In the Line of Fire,4.0,2024-11-29,positive
V0884,Mystery Men,2.5,2025-11-28,neutral
V0885,Jaws,5.0,2025-03-12,positive
V0885,Mars Attacks!,5.0,2024-01-26,positive
V0885,Labyrinth,5.0,2025-01-03,positive
V0892,Crimson Tide,5.0,2025-10-29,positive
V0892,Clear and Present Danger,5.0,2024-10-28,positive
V0892,In the Line of Fire,4.0,2025-01-12,positive
V0892,Jaws,2.0,2024-06-02,negative
V0892,Mars Attacks!,2.0,2024-04-18,negative
V0893,Labyrinth,4.0,2024-11-16,positive
V0893,School of Rock,3.0,2025-06-04,neutral
V0893,Cold Mountain,3.5,2024-12-18,neutral
V0897,Jaws,5.0,2025-08-19,positive
V0899,Cliffhanger,3.0,2024-06-02,neutral
V0900,Labyrinth,4.0,2025-10-26,positive
V0900,Cold Mountain,4.0,2024-08-17,positive
V0901,Training Day,4.5,2025-08-11,positive
V0902,Cliffhanger,3.0,2025-03-04,neutral
V0903,Crimson Tide,4.0,2025-06-24,positive
V0903,Clear and Present Danger,3.0,2025-04-28,neutral
V0903,Cliffhanger,4.0,2025-03-27,positive
V0903,House Party 3,1.0,2025-08-12,negative
V0903,In the Line of Fire,4.0,2024-12-02,positive
V0903,Once Upon a Time in America,3.0,2025-01-05,neutral
V0903,Jaws,5.0,2024-04-28,positive
V0903,Jaws 2,2.0,2025-02-23,negative
V0903,Mars Attacks!,2.0,2025-07-27,negative
V0903,I Got the Hook Up,1.0,2025-01-05,negative
V0903,Labyrinth,3.0,2024-08-23,neutral
V0903,Mystery Men,2.0,2024-08-23,negative
V0903,Do the Right Thing,4.0,2024-05-08,positive
V0903,House Party,3.0,2025-02-21,neutral
V0903,House Party 2,1.0,2024-05-21,negative
V0903,Jaws: The Revenge,1.0,2024-10-20,negative
V0904,In the Line of Fire,4.0,2024-03-24,positive
V0906,Mars Attacks!,4.0,2024-05-31,positive
V0907,Jaws,2.0,2024-07-21,negative
V0907,Labyrinth,3.5,2025-04-09,neutral
V0907,School of Rock,0.5,2025-03-04,negative
V0908,Crimson Tide,4.0,2025-12-29,positive
V0908,Clear and Present Danger,3.0,2024-04-13,neutral
V0908,Cliffhanger,3.0,2025-03-17,neutral
V0908,In the Line of Fire,4.0,2024-03-15,positive
V0910,Crimson Tide,4.5,2025-06-26,positive
V0910,Clear and Present Danger,4.0,2025-03-08,positive
V0910,Cliffhanger,3.5,2025-12-14,neutral
V0910,In the Line of Fire,4.5,2024-10-27,positive
V0910,Jaws,4.5,2024-12-10,positive
V0910,Mars Attacks!,3.0,2024-04-20,neutral
V0910,Tears of the Sun,4.0,2024-12-29,positive
V0910,School of Rock,4.0,2025-02-22,positive
V0910,Cold Mountain,4.0,2025-03-22,positive
V0911,Cliffhanger,3.0,2025-12-17,neutral
V0916,Cliffhanger,1.0,2025-08-26,negative
V0916,Green Lantern,2.5,2025-06-05,neutral
V0918,Crimson Tide,3.0,2024-01-08,neutral
V0918,Clear and Present Danger,3.0,2025-11-21,neutral
V0920,Crimson Tide,5.0,2024-11-24,positive
V0920,Clear and Present Danger,3.0,2025-08-25,neutral
V0920,Cliffhanger,3.0,2024-04-09,neutral
V0920,In the Line of Fire,4.0,2024-12-15,positive
V0923,School of Rock,3.0,2025-06-21,neutral
V0925,Crimson Tide,4.0,2025-03-12,positive
V0925,Cliffhanger,4.0,2024-11-22,positive
V0928,Crimson Tide,4.0,2024-05-26,positive
V0928,Clear and Present Danger,4.0,2024-08-03,positive
V0928,In the Line of Fire,3.0,2025-08-11,neutral
V0928,Heavy,3.0,2024-04-11,neutral
V0929,In the Line of Fire,4.0,2024-05-01,positive
V0929,Jaws,4.5,2025-03-25,positive
V0929,Mystery Men,2.5,2024-10-22,neutral
V0929,School of Rock,3.5,2025-09-12,neutral
V0930,Jaws,4.0,2024-08-25,positive
V0930,Mars Attacks!,3.0,2024-04-08,neutral
V0930,Labyrinth,3.0,2025-06-04,neutral
V0932,Jaws,3.5,2025-09-04,neutral
V0933,Labyrinth,3.5,2025-07-06,neutral
V0934,Cliffhanger,3.0,2024-01-07,neutral
V0934,In the Line of Fire,4.0,2024-01-27,positive
V0935,Cliffhanger,2.0,2025-08-07,negative
V0935,In the Line of Fire,2.5,2025-06-17,neutral
V0935,Jaws,4.0,2024-10-29,positive
V0935,Mars Attacks!,1.0,2025-12-24,negative
V0936,In the Line of Fire,2.0,2025-03-31,negative
V0936,Mars Attacks!,3.0,2024-09-26,neutral
V0936,Mystery Men,4.0,2024-10-12,positive
V0939,Crimson Tide,5.0,2024-12-28,positive
V0939,In the Line of Fire,4.0,2024-08-15,positive
V0940,School of Rock,2.5,2024-06-09,neutral
V0941,Crimson Tide,5.0,2025-04-09,positive
V0941,Clear and Present Danger,3.0,2025-11-19,neutral
V0941,Cliffhanger,4.0,2025-12-05,positive
V0941,In the Line of Fire,4.0,2024-02-09,positive
V0941,Mars Attacks!,2.0,2025-12-23,negative
V0942,Crimson Tide,2.0,2024-07-13,negative
V0942,Cliffhanger,3.0,2025-10-03,neutral
V0943,Clear and Present Danger,3.0,2025-10-04,neutral
V0944,Labyrinth,1.0,2025-08-23,negative
V0945,Crimson Tide,4.0,2024-08-13,positive
V0945,Clear and Present Danger,3.0,2025-04-26,neutral
V0945,Cliffhanger,3.5,2024-07-10,neutral
V0947,Jaws,4.0,2024-05-14,positive
V0949,Labyrinth,4.0,2024-03-31,positive
V0950,Jaws,1.0,2024-08-07,negative
V0950,Mars Attacks!,2.0,2025-05-17,negative
V0951,Clear and Present Danger,4.0,2025-12-28,positive
V0951,Training Day,4.0,2025-12-05,positive
V0953,In the Line of Fire,4.5,2025-10-08,positive
V0954,Crimson Tide,4.0,2024-12-23,positive
V0954,Clear and Present Danger,3.0,2024-07-03,neutral
V0954,Cliffhanger,5.0,2024-08-25,positive
V0954,In the Line of Fire,4.0,2025-05-11,positive
V0955,Crimson Tide,4.0,2025-02-05,positive
V0955,Clear and Present Danger,3.0,2025-05-07,neutral
V0955,In the Line of Fire,5.0,2024-04-25,positive
V0955,Jaws,4.0,2024-10-21,positive
V0955,Mars Attacks!,1.0,2024-11-29,negative
V0955,Labyrinth,1.0,2024-04-28,negative
V0955,Do the Right Thing,4.0,2024-11-22,positive
V0956,Crimson Tide,4.0,2025-12-14,positive
V0956,Clear and Present Danger,4.0,2025-05-10,positive
V0956,Cliffhanger,2.0,2025-05-15,negative
V0958,Mystery Men,2.5,2024-08-28,neutral
V0959,Mars Attacks!,3.0,2025-06-03,neutral
V0960,Crimson Tide,4.0,2025-02-22,positive
V0960,Clear and Present Danger,3.0,2024-11-26,neutral
V0962,School of Rock,3.5,2025-02-25,neutral
V0963,Clear and Present Danger,3.0,2025-03-11,neutral
V0963,Cliffhanger,3.0,2024-02-25,neutral
V0966,Clear and Present Danger,4.0,2024-08-12,positive
V0970,Crimson Tide,5.0,2024-02-16,positive
V0970,Clear and Present Danger,4.0,2024-08-14,positive
V0970,Jaws,5.0,2025-07-02,positive
V0970,Jaws 2,3.0,2024-04-22,neutral
V0970,Mars Attacks!,3.0,2025-09-17,neutral
V0971,Crimson Tide,2.5,2025-07-06,neutral
V0971,Clear and Present Danger,3.5,2024-01-22,neutral
V0971,Cliffhanger,3.5,2025-12-22,neutral
V0971,In the Line of Fire,3.0,2025-07-20,neutral
V0971,Once Upon a Time in America,5.0,2025-06-15,positive
V0971,Jaws,4.0,2024-07-22,positive
V0971,Mars Attacks!,3.0,2025-02-09,neutral
V0971,Labyrinth,2.5,2024-10-24,neutral
V0971,Do the Right Thing,4.0,2025-01-17,positive
V0971,School of Rock,2.5,2025-07-20,neutral
V0971,Cold Mountain,2.5,2024-01-14,neutral
V0974,Crocodile Dundee in Los Angeles,2.0,2025-06-23,negative
V0975,Crimson Tide,3.0,2025-05-11,neutral
V0975,Clear and Present Danger,3.5,2024-11-04,neutral
V0975,Cliffhanger,2.5,2025-12-05,neutral
V0975,Do the Right Thing,4.5,2024-05-06,positive
V0977,Clear and Present Danger,3.0,2025-11-02,neutral
V0977,Cliffhanger,1.0,2024-10-03,negative
V0979,The Interview,4.5,2024-03-16,positive
V0980,Crimson Tide,4.0,2025-03-01,positive
V0980,Clear and Present Danger,4.0,2025-07-08,positive
V0980,Cliffhanger,3.0,2024-04-07,neutral
V0980,In the Line of Fire,4.0,2025-02-04,positive
V0981,Clear and Present Danger,4.0,2024-11-15,positive
V0981,Training Day,5.0,2025-06-08,positive
V0982,Crimson Tide,3.0,2024-10-07,neutral
V0982,Clear and Present Danger,3.0,2024-09-27,neutral
V0982,Cliffhanger,3.0,2025-01-20,neutral
V0982,In the Line of Fire,3.0,2024-08-15,neutral
V0982,Once Upon a Time in America,4.5,2025-05-09,positive
V0982,Jaws,3.5,2025-06-30,neutral
V0982,Jaws 2,2.0,2024-01-18,negative
V0982,Mars Attacks!,3.5,2025-01-16,neutral
V0982,Labyrinth,3.5,2024-04-20,neutral
V0982,Do the Right Thing,4.0,2024-01-26,positive
V0982,Jaws: The Revenge,2.5,2025-04-02,neutral
V0982,Training Day,3.5,2024-04-21,neutral
V0982,School of Rock,3.0,2024-05-27,neutral
V0982,In the Cut,3.0,2024-03-26,neutral
V0982,Poseidon,2.5,2024-07-31,neutral
V0985,Do the Right Thing,4.5,2025-08-30,positive
V0986,Crimson Tide,4.0,2025-02-16,positive
V0986,Clear and Present Danger,4.0,2025-06-19,positive
V0986,Cliffhanger,4.0,2024-08-26,positive
V0986,In the Line of Fire,4.0,2024-09-15,positive
V0987,Mars Attacks!,2.0,2024-12-11,negative
V0988,Mystery Men,4.5,2024-11-25,positive
V0989,Jaws,2.0,2025-02-20,negative
V0989,Jaws 2,1.5,2025-12-07,negative
V0989,Tears of the Sun,2.0,2025-05-15,negative
V0989,My Boss's Daughter,2.0,2025-10-29,negative
V0989,School of Rock,3.5,2025-12-26,neutral
V0994,Crimson Tide,4.5,2024-03-24,positive
V0994,Training Day,4.0,2025-12-17,positive
V0994,School of Rock,5.0,2024-01-14,positive
V0994,Cold Mountain,4.5,2024-05-04,positive
V0995,Crimson Tide,3.0,2024-04-26,neutral
V0995,Cliffhanger,2.0,2025-05-22,negative
V0995,Jaws,1.5,2025-06-21,negative
V0995,Labyrinth,5.0,2025-07-14,positive
V0995,Mystery Men,1.5,2024-10-30,negative
V0995,School of Rock,4.0,2024-10-28,positive
V0996,Clear and Present Danger,3.0,2025-11-23,neutral
V1000,Green Lantern,4.0,2025-09-21,positive
V1001,Clear and Present Danger,3.5,2025-10-27,neutral
V1001,Mars Attacks!,2.0,2025-06-19,negative
V1001,Labyrinth,4.0,2025-09-20,positive
V1001,School of Rock,3.0,2025-06-15,neutral
V1002,Mars Attacks!,2.0,2025-04-18,negative
V1003,School of Rock,3.5,2024-05-18,neutral
V1005,Crimson Tide,4.0,2025-04-30,positive
V1005,Clear and Present Danger,4.0,2024-07-02,positive
V1005,Cliffhanger,4.0,2024-01-06,positive
V1007,Jaws,5.0,2024-07-23,positive
V1007,Jaws 2,1.0,2025-04-14,negative
V1007,Mars Attacks!,1.0,2025-10-01,negative
V1011,Crimson Tide,3.0,2024-03-09,neutral
V1011,Clear and Present Danger,3.0,2024-08-19,neutral
V1011,Jaws,4.0,2024-07-16,positive
V1011,Mystery Men,3.0,2025-03-12,neutral
V1011,Training Day,5.0,2025-01-11,positive
V1015,Jaws,4.0,2024-09-17,positive
V1015,Training Day,3.5,2025-11-06,neutral
V1015,Tears of the Sun,3.0,2024-06-05,neutral
V1015,Cold Mountain,4.0,2024-10-13,positive
V1018,Cliffhanger,3.0,2024-04-14,neutral
V1019,Crimson Tide,5.0,2025-08-24,positive
V1019,Clear and Present Danger,5.0,2024-12-04,positive
V1019,Cliffhanger,5.0,2025-08-29,positive
V1020,School of Rock,3.5,2025-09-22,neutral
V1022,Grown Ups,3.0,2024-08-02,neutral
V1023,Crocodile Dundee in Los Angeles,4.0,2024-08-25,positive
V1024,Training Day,3.0,2025-09-21,neutral
V1024,Cold Mountain,4.0,2025-05-01,positive
V1026,Crimson Tide,3.0,2024-03-20,neutral
V1026,Clear and Present Danger,3.0,2024-05-20,neutral
V1026,Cliffhanger,4.0,2025-03-11,positive
V1028,Training Day,5.0,2024-11-05,positive
V1028,School of Rock,5.0,2024-09-03,positive
V1029,Clear and Present Danger,4.0,2025-01-29,positive
V1030,Crimson Tide,4.0,2024-11-15,positive
V1030,In the Line of Fire,4.0,2025-06-27,positive
V1030,Jaws,5.0,2024-08-07,positive
V1030,Mars Attacks!,3.0,2024-10-11,neutral
V1030,In Too Deep,3.0,2025-03-23,neutral
V1035,Clear and Present Danger,3.0,2025-12-12,neutral
V1035,Cliffhanger,3.0,2024-05-03,neutral
V1036,Mystery Men,3.0,2025-10-29,neutral
V1038,Crimson Tide,4.0,2025-01-09,positive
V1038,Clear and Present Danger,3.0,2025-11-17,neutral
V1040,Crimson Tide,3.0,2024-08-06,neutral
V1040,Clear and Present Danger,3.0,2024-07-14,neutral
V1040,Cliffhanger,3.0,2024-01-11,neutral
V1041,Clear and Present Danger,4.0,2025-06-22,positive
V1041,In the Line of Fire,4.0,2024-11-13,positive
V1041,Jaws,4.0,2025-01-12,positive
V1041,Jaws 2,1.0,2024-01-14,negative
V1042,Crimson Tide,2.0,2025-10-24,negative
V1042,In the Line of Fire,4.5,2025-02-11,positive
V1042,Jaws,4.0,2025-12-22,positive
V1042,Jaws 2,2.0,2024-02-28,negative
V1044,Crimson Tide,3.0,2025-04-27,neutral
V1045,Crimson Tide,4.0,2025-05-17,positive
V1045,In the Line of Fire,3.0,2025-10-25,neutral
V1047,Clear and Present Danger,3.0,2024-04-16,neutral
V1047,Cliffhanger,4.0,2025-09-19,positive
V1048,Clear and Present Danger,4.0,2025-12-23,positive
V1048,Cliffhanger,2.5,2024-05-14,neutral
V1048,Jaws,4.5,2024-05-02,positive
V1048,Training Day,4.5,2025-12-28,positive
V1049,Mystery Men,3.0,2025-07-11,neutral
V1052,Clear and Present Danger,2.0,2024-07-17,negative
V1052,In the Line of Fire,3.5,2024-01-18,neutral
V1052,Jaws,4.0,2024-11-20,positive
V1054,Crimson Tide,4.0,2025-08-23,positive
V1054,In the Line of Fire,4.0,2025-06-12,positive
V1055,Crimson Tide,3.0,2025-02-16,neutral
V1055,Clear and Present Danger,3.0,2025-11-16,neutral
V1055,Cliffhanger,3.0,2025-05-28,neutral
V1056,Mystery Men,3.0,2024-03-26,neutral
V1056,Training Day,4.0,2024-10-09,positive
V1057,Jaws,4.0,2025-06-01,positive
V1057,Jaws 2,3.0,2024-01-04,neutral
V1057,Mystery Men,4.0,2024-12-25,positive
V1057,Jaws: The Revenge,4.0,2025-08-04,positive
V1057,Crocodile Dundee in Los Angeles,4.0,2025-08-02,positive
V1057,Osmosis Jones,4.0,2024-04-29,positive
V1057,Training Day,5.0,2024-03-29,positive
V1058,Crimson Tide,3.0,2025-10-03,neutral
V1058,Clear and Present Danger,4.0,2024-01-11,positive
V1058,Cliffhanger,1.0,2025-04-16,negative
V1059,Crimson Tide,4.0,2024-09-09,positive
V1059,Clear and Present Danger,4.0,2025-10-19,positive
V1061,Mars Attacks!,2.0,2024-07-14,negative
V1063,Jaws,1.0,2024-05-15,negative
V1066,Crimson Tide,5.0,2025-12-23,positive
V1066,Clear and Present Danger,5.0,2024-05-23,positive
V1066,Cliffhanger,3.0,2024-08-19,neutral
V1068,Crimson Tide,4.0,2024-07-23,positive
V1068,Cliffhanger,4.0,2024-09-22,positive
V1068,Jaws,3.5,2024-04-04,neutral
V1068,Training Day,4.5,2025-01-07,positive
V1069,Crimson Tide,4.0,2025-06-19,positive
V1069,Cliffhanger,2.0,2025-12-04,negative
V1070,Clear and Present Danger,3.0,2025-08-22,neutral
V1072,Jaws,1.0,2025-08-05,negative
V1073,Mars Attacks!,2.0,2025-03-20,negative
V1075,Clear and Present Danger,4.0,2025-11-29,positive
V1078,Jaws,4.5,2024-12-16,positive
V1078,School of Rock,3.5,2025-07-18,neutral
V1080,Clear and Present Danger,4.0,2024-10-02,positive
V1080,Cliffhanger,3.0,2024-08-03,neutral
V1080,In the Line of Fire,3.0,2024-09-24,neutral
V1080,Mars Attacks!,3.0,2025-06-13,neutral
V1080,Mystery Men,3.0,2025-05-01,neutral
V1082,In the Line of Fire,3.0,2024-11-26,neutral
V1084,Grown Ups,1.0,2025-11-05,negative
V1085,Crimson Tide,4.0,2024-11-26,positive
V1085,Clear and Present Danger,4.0,2025-01-02,positive
V1085,Cliffhanger,4.0,2024-06-11,positive
V1085,In the Line of Fire,4.0,2024-12-10,positive
V1085,Mars Attacks!,3.0,2024-07-10,neutral
V1085,Do the Right Thing,4.0,2024-06-15,positive
V1087,Clear and Present Danger,3.0,2024-01-23,neutral
V1087,Mars Attacks!,5.0,2025-04-12,positive
V1088,Mars Attacks!,1.0,2025-03-21,negative
V1093,Crimson Tide,4.0,2024-09-06,positive
V1093,Clear and Present Danger,4.0,2025-09-07,positive
V1093,Jaws,4.0,2025-02-14,positive
V1093,Mars Attacks!,1.0,2024-08-27,negative
V1093,Labyrinth,2.0,2025-06-03,negative
V1093,Do the Right Thing,3.0,2024-10-02,neutral
V1095,Crimson Tide,3.0,2024-01-30,neutral
V1095,In the Line of Fire,4.0,2024-11-03,positive
V1095,Jaws,4.0,2025-12-15,positive
V1095,Mars Attacks!,1.0,2025-08-04,negative
V1097,Jaws,4.0,2025-11-10,positive
V1098,Crimson Tide,5.0,2024-02-25,positive
V1100,Crimson Tide,3.0,2024-05-24,neutral
V1100,Clear and Present Danger,2.0,2025-02-09,negative
V1101,Clear and Present Danger,4.0,2025-11-05,positive
V1102,In the Line of Fire,4.0,2024-06-25,positive
V1102,Mars Attacks!,3.0,2024-07-08,neutral
V1103,Do the Right Thing,3.5,2025-03-23,neutral
V1105,Crimson Tide,1.0,2024-06-06,negative
V1107,Jaws,3.0,2025-01-18,neutral
V1107,Mars Attacks!,1.0,2024-12-18,negative
V1107,Mystery Men,4.0,2025-12-04,positive
V1108,Freedom Writers,3.5,2025-04-28,neutral
V1112,Clear and Present Danger,3.0,2025-04-19,neutral
V1113,Jaws: The Revenge,3.0,2024-04-08,neutral
V1114,Crimson Tide,4.0,2024-05-16,positive
V1114,Clear and Present Danger,5.0,2024-10-16,positive
V1114,Cliffhanger,3.0,2025-03-10,neutral
V1116,Clear and Present Danger,3.0,2024-03-14,neutral
V1116,Cliffhanger,4.0,2025-08-23,positive
V1116,In the Line of Fire,4.0,2025-09-15,positive
V1119,Jaws,4.0,2025-01-12,positive
V1119,Do the Right Thing,5.0,2024-01-02,positive
V1120,Mars Attacks!,2.0,2025-02-11,negative
V1122,In the Line of Fire,4.5,2024-08-23,positive
V1122,Jaws 2,3.0,2024-02-15,neutral
V1123,Training Day,3.5,2024-04-05,neutral
V1126,Crimson Tide,3.0,2024-07-03,neutral
V1126,Cliffhanger,2.0,2024-11-14,negative
V1133,Jaws,5.0,2025-05-07,positive
V1133,Labyrinth,3.0,2025-03-07,neutral
V1133,Do the Right Thing,4.0,2025-11-29,positive
V1134,Mars Attacks!,4.0,2025-04-21,positive
V1135,Crimson Tide,4.0,2025-12-03,positive
V1135,Clear and Present Danger,4.0,2025-02-18,positive
V1135,Jaws,4.0,2024-06-13,positive
V1135,Mars Attacks!,2.0,2025-06-03,negative
V1136,Crimson Tide,4.0,2024-01-12,positive
V1136,Clear and Present Danger,4.0,2025-11-17,positive
V1136,Cliffhanger,3.0,2024-02-25,neutral
V1138,Clear and Present Danger,4.0,2025-10-11,positive
V1139,Clear and Present Danger,3.0,2025-04-06,neutral
V1140,Jaws,5.0,2025-04-29,positive
V1140,Do the Right Thing,3.0,2025-07-01,neutral
V1143,Clear and Present Danger,3.0,2024-07-02,neutral
V1143,Cliffhanger,3.0,2025-01-27,neutral
V1144,Crimson Tide,5.0,2024-06-02,positive
V1144,Clear and Present Danger,3.0,2025-12-25,neutral
V1144,Cliffhanger,3.0,2025-06-11,neutral
V1144,In the Line of Fire,4.0,2025-04-10,positive
V1147,Jaws,3.0,2024-10-15,neutral
V1148,Jaws,5.0,2025-05-16,positive
V1148,Jaws 2,5.0,2025-09-05,positive
V1148,Jaws: The Revenge,0.5,2025-03-11,negative
V1151,Clear and Present Danger,3.0,2024-01-25,neutral
V1151,Cliffhanger,3.0,2024-10-27,neutral
V1153,Jaws,3.5,2025-04-02,neutral
V1154,Cliffhanger,2.0,2024-02-06,negative
V1154,Jaws,4.0,2024-02-07,positive
V1154,Mars Attacks!,3.0,2024-09-11,neutral
V1154,Labyrinth,4.0,2024-04-06,positive
V1154,Crocodile Dundee in Los Angeles,3.0,2025-10-10,neutral
V1155,In the Line of Fire,3.0,2024-10-08,neutral
V1156,Crimson Tide,4.0,2025-12-06,positive
V1156,Clear and Present Danger,5.0,2025-06-20,positive
V1158,Mars Attacks!,4.0,2024-03-19,positive
V1159,Jaws,5.0,2024-05-30,positive
V1159,Mystery Men,5.0,2025-10-15,positive
V1160,Crimson Tide,4.0,2025-01-26,positive
V1160,Clear and Present Danger,5.0,2024-03-21,positive
V1160,Cliffhanger,3.0,2024-11-05,neutral
V1162,Clear and Present Danger,4.0,2024-07-07,positive
V1162,In the Line of Fire,4.5,2025-10-30,positive
V1163,Clear and Present Danger,3.5,2025-03-19,neutral
V1163,Cliffhanger,2.5,2025-08-07,neutral
V1163,In the Line of Fire,3.5,2025-09-22,neutral
V1163,Jaws,4.5,2024-09-06,positive
V1163,Mars Attacks!,2.5,2025-01-18,neutral
V1163,Labyrinth,3.0,2025-03-23,neutral
V1163,Training Day,3.0,2024-07-09,neutral
V1163,School of Rock,3.5,2024-02-16,neutral
V1164,Mars Attacks!,0.5,2024-07-04,negative
V1165,In the Line of Fire,3.5,2024-01-06,neutral
V1165,Once Upon a Time in America,4.5,2025-02-28,positive
V1165,Jaws,3.5,2024-09-30,neutral
V1165,Mars Attacks!,3.0,2025-10-12,neutral
V1165,School of Rock,3.5,2024-08-18,neutral
V1166,Jaws,2.0,2024-08-14,negative
V1166,Jaws 2,1.5,2025-12-30,negative
V1166,Jaws: The Revenge,1.5,2025-08-25,negative
V1166,Crocodile Dundee in Los Angeles,3.0,2024-12-02,neutral
V1169,Mystery Men,5.0,2025-07-25,positive
V1171,Crimson Tide,4.0,2024-11-23,positive
V1173,Crocodile Dundee in Los Angeles,2.0,2024-06-04,negative
V1174,In the Line of Fire,3.0,2025-05-25,neutral
V1174,Mars Attacks!,2.0,2024-06-23,negative
V1175,In the Line of Fire,4.0,2025-02-16,positive
V1175,School of Rock,2.5,2025-08-08,neutral
V1175,Cold Mountain,4.0,2025-07-28,positive
V1176,Jaws,5.0,2025-06-26,positive
V1176,Mars Attacks!,3.0,2024-11-18,neutral
V1178,Cliffhanger,4.0,2024-01-31,positive
V1179,In the Line of Fire,3.0,2024-06-19,neutral
V1181,Crimson Tide,4.0,2025-03-17,positive
V1181,Clear and Present Danger,3.0,2024-01-24,neutral
V1181,Cliffhanger,3.0,2025-07-23,neutral
V1181,In the Line of Fire,4.0,2024-08-28,positive
V1183,Crimson Tide,3.0,2024-05-14,neutral
V1184,Crimson Tide,4.0,2024-05-06,positive
V1184,Clear and Present Danger,4.0,2024-08-04,positive
V1185,Crimson Tide,4.0,2024-07-01,positive
V1185,Clear and Present Danger,3.5,2025-02-14,neutral
V1185,Cliffhanger,2.5,2024-08-10,neutral
V1185,In the Line of Fire,4.0,2024-10-12,positive
V1185,Jaws,4.0,2025-10-07,positive
V1185,Mars Attacks!,2.0,2025-12-04,negative
V1185,Osmosis Jones,2.5,2024-11-21,neutral
V1185,Training Day,4.0,2025-02-05,positive
V1185,School of Rock,3.5,2025-05-21,neutral
V1186,Crimson Tide,4.0,2025-04-05,positive
V1186,Clear and Present Danger,4.0,2024-06-30,positive
V1186,Cliffhanger,3.0,2025-06-29,neutral
V1186,In the Line of Fire,3.0,2025-04-20,neutral
V1187,Jaws,5.0,2024-04-10,positive
V1187,Do the Right Thing,4.0,2025-03-04,positive
V1188,Jaws,3.0,2025-10-13,neutral
V1189,Mystery Men,2.0,2024-05-21,negative
V1190,Crimson Tide,5.0,2024-03-23,positive
V1190,Clear and Present Danger,4.0,2025-02-22,positive
V1190,Cliffhanger,3.0,2025-09-16,neutral
V1190,In the Line of Fire,4.0,2025-10-02,positive
V1190,Jaws,4.0,2025-01-14,positive
V1190,Mars Attacks!,3.0,2025-10-31,neutral
V1190,Labyrinth,4.0,2024-07-16,positive
V1191,Once Upon a Time in America,2.0,2025-04-13,negative
V1191,Do the Right Thing,3.0,2024-09-02,neutral
V1192,Training Day,4.0,2025-12-30,positive
V1197,Jaws,2.5,2024-05-15,neutral
V1198,Jaws,4.5,2024-02-01,positive
V1200,Crimson Tide,4.0,2025-04-15,positive
V1200,Clear and Present Danger,3.5,2025-03-30,neutral
V1200,Cliffhanger,3.0,2025-04-17,neutral
V1200,In the Line of Fire,4.0,2025-09-10,positive
V1200,Jaws,4.0,2024-06-12,positive
V1200,Mars Attacks!,3.5,2024-03-12,neutral
V1200,Do the Right Thing,4.0,2025-11-29,positive
V1200,Training Day,3.5,2025-06-16,neutral
V1200,Tears of the Sun,4.5,2024-03-13,positive
V1200,School of Rock,2.5,2024-09-23,neutral
V1201,Labyrinth,5.0,2024-05-03,positive
V1202,Once Upon a Time in America,3.5,2025-10-24,neutral
V1203,Clear and Present Danger,4.0,2025-03-25,positive
V1203,Cliffhanger,2.0,2024-03-02,negative
V1204,Crimson Tide,4.0,2024-02-10,positive
V1204,Clear and Present Danger,4.0,2025-06-07,positive
V1204,Cliffhanger,3.0,2025-03-14,neutral
V1207,Cliffhanger,4.0,2024-05-29,positive
V1207,Jaws,4.0,2025-08-16,positive
V1207,Mars Attacks!,3.0,2024-06-22,neutral
V1207,Training Day,3.0,2024-12-13,neutral
V1208,Crimson Tide,4.0,2025-05-09,positive
V1208,Clear and Present Danger,4.0,2024-12-03,positive
V1208,Cliffhanger,3.0,2025-04-14,neutral
V1209,In the Line of Fire,3.5,2024-09-07,neutral
V1209,Mars Attacks!,3.5,2024-10-29,neutral
V1210,Cliffhanger,2.0,2025-04-06,negative
V1210,Jaws,5.0,2024-10-08,positive
V1210,Mars Attacks!,1.0,2024-05-23,negative
V1210,Mystery Men,2.0,2024-01-27,negative
V1211,Mars Attacks!,3.5,2025-07-31,neutral
V1211,Poseidon,5.0,2024-11-10,positive
V1212,Crimson Tide,5.0,2025-08-04,positive
V1212,Clear and Present Danger,4.0,2025-12-31,positive
V1212,Cliffhanger,4.0,2024-06-07,positive
V1213,Jaws,1.5,2024-05-11,negative
V1216,Crimson Tide,4.0,2025-01-28,positive
V1218,Crimson Tide,3.0,2024-01-29,neutral
V1218,In the Line of Fire,2.0,2024-11-06,negative
V1218,Once Upon a Time in America,2.0,2024-09-22,negative
V1219,Crimson Tide,4.0,2025-06-13,positive
V1219,Clear and Present Danger,4.0,2024-06-23,positive
V1219,In the Line of Fire,3.0,2025-08-24,neutral
V1220,Crimson Tide,3.0,2025-06-19,neutral
V1220,Clear and Present Danger,4.0,2025-05-11,positive
V1220,Cliffhanger,3.0,2025-06-21,neutral
V1222,Cliffhanger,2.5,2025-01-23,neutral
V1222,Jaws,4.0,2024-03-07,positive
V1222,Mars Attacks!,2.5,2024-07-30,neutral
V1223,Crimson Tide,3.0,2025-09-15,neutral
V1226,Labyrinth,4.0,2024-05-02,positive
V1227,Crimson Tide,3.5,2025-05-25,neutral
V1227,Cliffhanger,3.5,2025-10-15,neutral
V1227,School of Rock,3.5,2025-06-20,neutral
V1228,Jaws,4.5,2024-07-26,positive
V1229,Mars Attacks!,5.0,2025-02-12,positive
V1230,Crimson Tide,5.0,2024-12-03,positive
V1230,Clear and Present Danger,5.0,2025-07-20,positive
V1230,Cliffhanger,4.0,2025-07-04,positive
V1230,House Party 3,3.0,2024-02-27,neutral
V1230,In the Line of Fire,4.0,2024-09-10,positive
V1232,Clear and Present Danger,2.0,2024-07-06,negative
V1232,Cliffhanger,3.0,2024-09-07,neutral
V1232,In the Line of Fire,4.0,2025-04-12,positive
V1232,Jaws,4.0,2025-09-15,positive
V1232,Mars Attacks!,1.0,2024-04-03,negative
V1233,Clear and Present Danger,4.0,2024-03-06,positive
V1233,Labyrinth,4.0,2025-06-19,positive
V1234,In the Line of Fire,4.0,2024-08-21,positive
V1235,Crimson Tide,4.0,2025-08-18,positive
V1237,Crimson Tide,3.0,2025-07-03,neutral
V1237,Clear and Present Danger,4.0,2024-11-22,positive
V1237,Cliffhanger,4.0,2024-07-20,positive
V1241,Cliffhanger,3.0,2024-03-26,neutral
V1244,Cliffhanger,3.5,2025-07-09,neutral
V1244,Jaws,4.0,2025-05-13,positive
V1244,Jaws 2,2.0,2025-08-18,negative
V1244,Mars Attacks!,4.0,2024-04-24,positive
V1244,Labyrinth,3.5,2025-10-20,neutral
V1244,Mystery Men,3.5,2025-10-12,neutral
V1244,Training Day,3.5,2024-01-01,neutral
V1244,Tears of the Sun,3.5,2025-09-07,neutral
V1244,My Boss's Daughter,1.0,2024-06-29,negative
V1244,School of Rock,4.0,2025-06-10,positive
V1244,Poseidon,3.0,2024-11-02,neutral
V1244,Green Lantern,3.5,2024-09-11,neutral
V1245,House Party,1.0,2025-07-28,negative
V1248,Clear and Present Danger,5.0,2025-03-26,positive
V1248,Cliffhanger,3.0,2024-07-05,neutral
V1250,Clear and Present Danger,3.0,2025-06-05,neutral
V1252,Jaws,3.5,2024-07-02,neutral
V1252,Mars Attacks!,4.0,2025-11-20,positive
V1252,Training Day,5.0,2025-03-29,positive
V1253,Jaws,4.0,2025-07-05,positive
V1254,Clear and Present Danger,4.0,2024-04-21,positive
V1254,School of Rock,3.0,2024-11-10,neutral
V1258,Do the Right Thing,4.0,2025-06-27,positive
V1259,Crimson Tide,4.0,2024-11-03,positive
V1259,Clear and Present Danger,4.0,2025-08-07,positive
V1259,Cliffhanger,4.0,2024-06-09,positive
V1260,Cliffhanger,3.0,2024-06-24,neutral
V1261,Clear and Present Danger,4.0,2025-11-09,positive
V1262,In the Line of Fire,4.0,2025-06-12,positive
V1265,Jaws,3.5,2025-03-02,neutral
V1266,Clear and Present Danger,4.0,2024-08-22,positive
V1266,Mars Attacks!,3.5,2024-11-06,neutral
V1267,Clear and Present Danger,5.0,2024-12-07,positive
V1267,Mystery Men,3.0,2024-11-18,neutral
V1268,Clear and Present Danger,4.0,2025-07-30,positive
V1268,School of Rock,3.0,2024-01-06,neutral
V1268,Green Lantern,3.0,2024-02-26,neutral
V1270,Crimson Tide,5.0,2024-05-23,positive
V1270,Clear and Present Danger,4.0,2024-01-20,positive
V1270,Cliffhanger,4.0,2024-08-01,positive
V1270,In the Line of Fire,5.0,2024-10-28,positive
V1270,Jaws,3.0,2024-11-25,neutral
V1270,Mars Attacks!,5.0,2024-11-29,positive
V1271,Training Day,4.5,2024-07-23,positive
V1274,Jaws,4.0,2025-05-30,positive
V1276,Crimson Tide,4.0,2024-04-19,positive
V1276,In the Line of Fire,3.0,2024-11-29,neutral
V1279,Mars Attacks!,3.0,2025-08-30,neutral
V1279,Osmosis Jones,3.0,2024-02-17,neutral
V1280,Crimson Tide,3.0,2025-12-05,neutral
V1280,Clear and Present Danger,3.0,2024-09-12,neutral
V1280,Cliffhanger,3.0,2025-08-23,neutral
V1280,In the Line of Fire,4.0,2024-02-27,positive
V1284,Crimson Tide,4.5,2025-07-04,positive
V1284,Cliffhanger,4.0,2024-10-18,positive
V1284,Mars Attacks!,3.0,2024-03-16,neutral
V1284,Crocodile Dundee in Los Angeles,3.5,2025-02-27,neutral
V1284,Training Day,4.0,2024-06-03,positive
V1284,Cold Mountain,4.5,2024-07-23,positive
V1285,Mystery Men,3.0,2024-09-08,neutral
V1287,Crimson Tide,5.0,2025-11-07,positive
V1287,Clear and Present Danger,4.0,2024-10-25,positive
V1288,Training Day,3.0,2024-03-10,neutral
V1288,School of Rock,4.0,2025-12-29,positive
V1288,Poseidon,3.0,2025-01-04,neutral
V1290,Jaws,5.0,2024-08-07,positive
V1290,Mars Attacks!,4.0,2024-08-21,positive
V1290,Labyrinth,5.0,2024-07-22,positive
V1290,Mystery Men,4.0,2024-09-22,positive
V1292,Mars Attacks!,2.5,2024-01-24,neutral
V1296,Jaws,4.0,2025-02-24,positive
V1296,Jaws 2,2.0,2025-05-13,negative
V1296,Mars Attacks!,5.0,2025-06-25,positive
V1296,Labyrinth,2.0,2025-06-08,negative
V1296,Mystery Men,4.0,2025-03-23,positive
V1298,Clear and Present Danger,3.0,2024-11-30,neutral
V1298,Jaws,4.0,2024-10-16,positive
V1298,Labyrinth,2.0,2024-03-09,negative
V1301,Crimson Tide,3.0,2024-04-04,neutral
V1301,Clear and Present Danger,3.0,2025-06-28,neutral
V1301,In the Line of Fire,3.0,2024-03-30,neutral
V1301,Once Upon a Time in America,5.0,2025-09-16,positive
V1301,Jaws,4.0,2024-03-15,positive
V1301,Jaws 2,3.0,2024-10-10,neutral
V1302,Crimson Tide,4.0,2024-06-04,positive
V1302,Clear and Present Danger,4.0,2024-07-05,positive
V1302,Cliffhanger,4.0,2025-04-09,positive
V1302,In the Line of Fire,4.0,2025-03-18,positive
V1305,Do the Right Thing,4.0,2025-08-11,positive
V1307,Once Upon a Time in America,4.0,2025-02-03,positive
V1308,Mars Attacks!,3.0,2024-11-26,neutral
V1309,Crimson Tide,3.0,2024-08-16,neutral
V1309,Clear and Present Danger,3.0,2024-11-30,neutral
V1309,In the Line of Fire,3.0,2025-11-12,neutral
V1309,Jaws,5.0,2025-08-11,positive
V1309,Mars Attacks!,3.0,2025-08-13,neutral
V1309,Do the Right Thing,4.0,2024-05-31,positive
V1310,Jaws,2.5,2024-04-13,neutral
V1310,Mars Attacks!,2.5,2024-02-10,neutral
V1311,Labyrinth,2.5,2024-12-22,neutral
V1312,Jaws,5.0,2024-11-18,positive
V1312,Mars Attacks!,4.0,2024-08-01,positive
V1313,Clear and Present Danger,4.0,2025-03-10,positive
V1313,In the Line of Fire,5.0,2024-08-10,positive
V1317,Jaws,5.0,2024-05-20,positive
V1317,Mars Attacks!,3.0,2025-03-26,neutral
V1319,Cold Mountain,2.5,2025-01-19,neutral
V1320,In the Line of Fire,3.0,2024-08-01,neutral
V1322,Crimson Tide,4.0,2025-03-25,positive
V1322,Clear and Present Danger,1.5,2025-01-24,negative
V1322,In the Line of Fire,1.5,2024-04-05,negative
V1323,Crimson Tide,4.0,2025-08-15,positive
V1323,Clear and Present Danger,4.0,2024-06-15,positive
V1323,Cliffhanger,3.5,2025-05-15,neutral
V1323,Jaws,4.0,2024-11-20,positive
V1323,Crocodile Dundee in Los Angeles,2.5,2024-04-02,neutral
V1325,Cliffhanger,2.0,2025-05-04,negative
V1326,Crimson Tide,4.0,2025-04-12,positive
V1326,Clear and Present Danger,4.0,2025-03-06,positive
V1326,Jaws,5.0,2024-04-12,positive
V1328,Crimson Tide,1.5,2024-11-13,negative
V1328,Clear and Present Danger,4.0,2025-10-29,positive
V1328,Cliffhanger,4.0,2025-12-19,positive
V1330,Osmosis Jones,3.5,2025-02-03,neutral
V1332,Clear and Present Danger,4.0,2024-10-08,positive
V1334,Clear and Present Danger,4.0,2024-11-27,positive
V1334,In the Line of Fire,4.0,2024-09-11,positive
V1334,Jaws,4.0,2024-05-11,positive
V1334,Labyrinth,4.0,2025-12-12,positive
V1334,Do the Right Thing,3.0,2024-03-03,neutral
V1334,Training Day,4.0,2025-11-07,positive
V1336,Cold Mountain,3.5,2025-02-28,neutral
V1338,Crimson Tide,3.0,2024-06-25,neutral
V1338,Clear and Present Danger,3.0,2024-06-04,neutral
V1338,Jaws,5.0,2025-11-15,positive
V1338,Labyrinth,2.0,2024-04-22,negative
V1339,Clear and Present Danger,4.0,2025-05-24,positive
V1339,Cliffhanger,4.0,2025-10-02,positive
V1339,School of Rock,3.0,2024-09-28,neutral
V1339,Green Lantern,3.5,2024-01-27,neutral
V1341,Training Day,3.0,2025-04-26,neutral
V1345,Jaws,4.0,2024-05-27,positive
V1346,Crimson Tide,3.0,2025-07-06,neutral
V1346,Clear and Present Danger,4.0,2025-06-21,positive
V1346,Cliffhanger,3.0,2024-01-16,neutral
V1348,Crimson Tide,4.0,2024-04-04,positive
V1348,Clear and Present Danger,4.0,2024-04-25,positive
V1348,In the Line of Fire,4.0,2025-03-01,positive
V1350,Crimson Tide,3.0,2025-03-26,neutral
V1350,Cliffhanger,2.0,2025-10-14,negative
V1350,Jaws,5.0,2025-04-25,positive
V1350,Mars Attacks!,4.0,2024-05-11,positive
V1350,Mystery Men,3.0,2025-01-09,neutral
V1350,Do the Right Thing,4.0,2024-04-08,positive
V1352,In the Line of Fire,5.0,2025-08-07,positive
V1352,Mystery Men,3.0,2025-06-11,neutral
V1356,In the Line of Fire,3.5,2024-05-26,neutral
V1356,Jaws,3.5,2024-04-07,neutral
V1357,Crimson Tide,3.0,2025-09-21,neutral
V1357,Clear and Present Danger,4.0,2024-09-13,positive
V1357,In the Line of Fire,3.0,2024-11-04,neutral
V1358,Do the Right Thing,4.0,2025-04-18,positive
V1359,Crimson Tide,3.0,2025-06-13,neutral
V1359,Cliffhanger,3.0,2024-09-30,neutral
V1359,In the Line of Fire,3.0,2024-12-01,neutral
V1360,Mystery Men,4.5,2024-05-28,positive
V1360,Do the Right Thing,4.0,2024-02-05,positive
V1365,Mars Attacks!,5.0,2025-01-29,positive
V1366,Mystery Men,2.5,2024-07-21,neutral
V1367,Crimson Tide,3.0,2025-10-11,neutral
V1367,Clear and Present Danger,4.0,2024-08-31,positive
V1367,Cliffhanger,3.0,2024-01-12,neutral
V1367,In the Line of Fire,4.0,2024-12-18,positive
V1369,Crimson Tide,3.0,2025-08-14,neutral
V1369,In the Line of Fire,3.0,2024-08-07,neutral
V1369,Jaws,4.0,2025-07-12,positive
V1372,Clear and Present Danger,5.0,2024-10-13,positive
V1372,In the Line of Fire,5.0,2024-12-11,positive
V1372,Jaws,5.0,2024-07-09,positive
V1374,In the Line of Fire,2.5,2025-05-14,neutral
V1374,Jaws,1.5,2025-11-10,negative
V1374,Mars Attacks!,1.0,2024-12-16,negative
V1374,Mystery Men,3.5,2024-03-05,neutral
V1376,Crimson Tide,5.0,2025-10-19,positive
V1376,Clear and Present Danger,5.0,2024-05-09,positive
V1376,Cliffhanger,5.0,2025-04-13,positive
V1376,In the Line of Fire,5.0,2025-07-17,positive
V1376,Jaws,5.0,2024-12-21,positive
V1376,Mars Attacks!,5.0,2025-07-20,positive
V1376,Freedom Writers,3.0,2025-05-31,neutral
V1378,Crimson Tide,4.0,2025-06-07,positive
V1378,Clear and Present Danger,4.0,2025-11-27,positive
V1378,Cliffhanger,4.0,2024-07-22,positive
V1378,In the Line of Fire,5.0,2025-06-22,positive
V1378,Jaws,4.0,2025-07-30,positive
V1380,Crimson Tide,4.0,2024-02-18,positive
V1382,In the Line of Fire,4.0,2025-07-06,positive
V1382,Jaws,5.0,2025-06-27,positive
V1382,Do the Right Thing,5.0,2024-04-12,positive
V1385,Crocodile Dundee in Los Angeles,1.0,2025-10-11,negative
V1386,Heavy,5.0,2024-06-04,positive
V1386,Jaws,4.0,2025-09-16,positive
V1386,Mars Attacks!,4.0,2024-10-12,positive
V1387,Crimson Tide,3.5,2025-02-14,neutral
V1387,Jaws,2.0,2025-06-18,negative
V1387,Crocodile Dundee in Los Angeles,2.0,2025-04-24,negative
V1387,Osmosis Jones,2.0,2024-11-03,negative
V1389,Clear and Present Danger,5.0,2025-12-26,positive
V1389,In the Line of Fire,4.0,2024-08-01,positive
V1391,Crimson Tide,4.0,2025-08-31,positive
V1391,Clear and Present Danger,4.0,2025-02-24,positive
V1391,Cliffhanger,3.0,2024-06-13,neutral
V1391,In the Line of Fire,4.0,2024-09-05,positive
V1392,Clear and Present Danger,3.0,2025-10-23,neutral
V1392,In the Line of Fire,4.0,2024-07-17,positive
V1393,Clear and Present Danger,4.0,2024-03-13,positive
V1398,Crimson Tide,4.0,2024-10-09,positive
V1399,Clear and Present Danger,3.0,2024-05-06,neutral
V1399,Cliffhanger,3.0,2025-11-19,neutral
V1400,In the Line of Fire,5.0,2024-05-25,positive
V1400,In Too Deep,3.0,2024-12-01,neutral
V1403,Clear and Present Danger,3.0,2025-06-17,neutral
V1403,In the Line of Fire,3.0,2025-10-05,neutral
V1403,Once Upon a Time in America,4.0,2025-11-07,positive
V1404,Crimson Tide,5.0,2024-05-07,positive
V1404,Clear and Present Danger,5.0,2025-04-10,positive
V1404,Cliffhanger,3.0,2024-12-15,neutral
V1405,Crimson Tide,5.0,2024-02-11,positive
V1405,Clear and Present Danger,3.0,2024-09-18,neutral
V1405,Cliffhanger,5.0,2025-03-12,positive
V1407,Crimson Tide,3.0,2025-12-27,neutral
V1407,Clear and Present Danger,3.0,2025-05-13,neutral
V1411,Crimson Tide,4.5,2025-06-19,positive
V1411,Clear and Present Danger,3.5,2025-09-09,neutral
V1411,Cliffhanger,2.0,2024-09-04,negative
V1411,In the Line of Fire,4.0,2025-05-21,positive
V1411,Jaws,3.5,2025-03-18,neutral
V1411,Mars Attacks!,3.0,2024-04-17,neutral
V1411,Do the Right Thing,4.5,2024-10-09,positive
V1411,Osmosis Jones,2.0,2025-06-04,negative
V1411,Training Day,4.5,2024-09-14,positive
V1411,Tears of the Sun,3.5,2024-04-13,neutral
V1411,School of Rock,4.5,2024-09-05,positive
V1411,In the Cut,2.0,2025-08-28,negative
V1411,Cold Mountain,4.5,2024-04-16,positive
V1412,Mystery Men,2.0,2025-05-14,negative
V1412,Do the Right Thing,4.0,2025-08-02,positive
V1415,Clear and Present Danger,3.0,2025-11-14,neutral
V1415,Do the Right Thing,3.0,2024-04-20,neutral
V1415,Training Day,4.0,2025-10-20,positive
V1417,Crimson Tide,4.0,2024-04-30,positive
V1417,Clear and Present Danger,4.0,2025-08-17,positive
V1417,Cliffhanger,5.0,2025-09-10,positive
V1417,In the Line of Fire,3.0,2024-02-10,neutral
V1418,Cliffhanger,3.5,2025-03-26,neutral
V1418,Mystery Men,3.5,2025-06-19,neutral
V1418,Cold Mountain,3.5,2025-10-05,neutral
V1419,Crimson Tide,4.5,2025-11-16,positive
V1419,Jaws,4.0,2025-08-03,positive
V1419,Training Day,4.5,2024-12-02,positive
V1419,My Boss's Daughter,3.0,2025-02-26,neutral
V1419,School of Rock,4.0,2025-04-12,positive
V1419,Cold Mountain,3.5,2025-01-02,neutral
V1421,Cliffhanger,0.5,2024-12-26,negative
V1421,In the Line of Fire,3.5,2024-02-18,neutral
V1421,Once Upon a Time in America,4.0,2025-10-12,positive
V1421,Jaws,4.0,2024-06-13,positive
V1421,Jaws 2,1.5,2025-07-14,negative
V1421,Mars Attacks!,3.0,2025-02-14,neutral
V1421,Training Day,3.0,2024-06-25,neutral
V1421,School of Rock,2.5,2024-04-01,neutral
V1422,Crimson Tide,3.0,2025-07-05,neutral
V1422,Clear and Present Danger,3.0,2024-08-21,neutral
V1422,In the Line of Fire,4.0,2024-04-13,positive
V1423,Crimson Tide,5.0,2025-10-16,positive
V1423,Clear and Present Danger,4.0,2025-05-24,positive
V1423,Cliffhanger,3.0,2025-01-26,neutral
V1423,In the Line of Fire,3.0,2025-12-25,neutral
V1424,Do the Right Thing,5.0,2025-03-24,positive
V1426,Jaws,2.0,2024-06-12,negative
V1426,School of Rock,3.0,2024-04-24,neutral
V1426,Letters to Juliet,3.5,2025-06-02,neutral
V1427,Labyrinth,5.0,2024-10-30,positive
V1429,Mars Attacks!,3.0,2024-07-01,neutral
V1430,Crimson Tide,3.0,2024-03-18,neutral
V1430,In the Line of Fire,4.0,2025-12-29,positive
V1433,Clear and Present Danger,4.0,2025-11-10,positive
V1433,Safe House,4.0,2024-05-29,positive
V1433,Walk of Shame,2.0,2024-12-28,negative
V1435,In the Line of Fire,4.5,2025-01-29,positive
V1435,Mars Attacks!,2.5,2024-10-27,neutral
V1436,Clear and Present Danger,3.0,2024-03-25,neutral
V1436,Cliffhanger,1.0,2025-03-29,negative
V1436,In the Line of Fire,3.0,2025-07-15,neutral
V1437,Crimson Tide,3.0,2024-10-07,neutral
V1437,Clear and Present Danger,4.0,2025-12-12,positive
V1437,Cliffhanger,5.0,2024-08-19,positive
V1437,In the Line of Fire,3.0,2024-08-09,neutral
V1437,Jaws,3.0,2024-09-06,neutral
V1440,Crimson Tide,4.0,2025-05-09,positive
V1440,Clear and Present Danger,5.0,2025-07-23,positive
V1440,Cliffhanger,4.0,2024-07-15,positive
V1440,In the Line of Fire,4.0,2025-06-15,positive
V1442,Crimson Tide,3.0,2025-08-12,neutral
V1442,Cliffhanger,4.0,2025-01-31,positive
V1442,In the Line of Fire,4.0,2025-01-07,positive
V1445,Crimson Tide,5.0,2025-03-17,positive
V1445,Clear and Present Danger,3.0,2024-08-28,neutral
V1446,Once Upon a Time in America,3.0,2024-03-19,neutral
V1446,Jaws,2.5,2025-12-20,neutral
V1448,Mars Attacks!,2.0,2025-08-15,negative
V1450,Crimson Tide,3.0,2025-06-03,neutral
V1450,Clear and Present Danger,3.0,2024-11-17,neutral
V1450,Cliffhanger,3.0,2025-09-10,neutral
V1453,Mystery Men,1.5,2025-12-19,negative
V1453,Training Day,4.0,2024-08-17,positive
V1453,School of Rock,2.5,2024-02-24,neutral
V1454,Training Day,3.0,2025-05-24,neutral
V1454,School of Rock,3.5,2024-06-24,neutral
V1456,Training Day,3.5,2025-07-26,neutral
V1457,Cliffhanger,3.0,2024-12-21,neutral
V1457,Jaws,5.0,2024-05-31,positive
V1458,Clear and Present Danger,3.5,2024-03-07,neutral
V1458,Jaws,5.0,2024-09-15,positive
V1458,Jaws 2,2.5,2024-01-29,neutral
V1458,Mars Attacks!,1.5,2025-03-17,negative
V1458,Jaws: The Revenge,1.0,2024-05-16,negative
V1460,In the Line of Fire,5.0,2025-04-07,positive
V1463,Training Day,4.0,2025-11-21,positive
V1464,Mars Attacks!,3.0,2025-08-06,neutral
V1466,Cliffhanger,3.0,2025-02-20,neutral
V1466,Once Upon a Time in America,4.0,2025-11-28,positive
V1470,Crimson Tide,3.0,2024-01-07,neutral
V1470,Labyrinth,2.0,2025-01-01,negative
V1472,Crimson Tide,5.0,2024-03-13,positive
V1472,Clear and Present Danger,5.0,2025-02-27,positive
V1472,Cliffhanger,5.0,2024-07-18,positive
V1472,In the Line of Fire,5.0,2024-07-02,positive
V1474,Cliffhanger,3.0,2025-10-26,neutral
V1474,In the Line of Fire,4.0,2024-05-02,positive
V1478,School of Rock,3.0,2025-02-17,neutral
V1485,Jaws 2,1.5,2025-12-02,negative
V1486,Jaws,4.5,2025-01-25,positive
V1488,Crimson Tide,3.0,2024-12-17,neutral
V1488,Clear and Present Danger,5.0,2024-12-29,positive
V1488,Cliffhanger,4.0,2024-09-15,positive
V1489,Clear and Present Danger,3.5,2024-09-23,neutral
V1491,Clear and Present Danger,3.0,2024-12-25,neutral
V1491,In the Line of Fire,5.0,2024-12-13,positive
V1492,Jaws,3.0,2025-06-20,neutral
V1494,Cliffhanger,2.5,2025-09-12,neutral
V1494,Labyrinth,3.0,2024-03-01,neutral
V1494,Training Day,3.0,2024-06-21,neutral
V1494,School of Rock,3.0,2025-06-25,neutral
V1498,Crimson Tide,4.0,2025-01-28,positive
V1498,Clear and Present Danger,5.0,2025-08-04,positive
V1498,Cliffhanger,4.0,2024-03-12,positive
V1498,In the Line of Fire,4.0,2025-09-27,positive
V1499,Crimson Tide,2.0,2024-08-11,negative
V1499,Clear and Present Danger,5.0,2025-11-30,positive
V1499,Cliffhanger,4.0,2025-01-18,positive
V1502,Crimson Tide,4.0,2025-03-27,positive
V1502,Training Day,3.5,2024-06-30,neutral
V1503,Tears of the Sun,3.0,2025-03-31,neutral
V1507,Crimson Tide,2.0,2025-07-04,negative
V1507,Clear and Present Danger,3.5,2024-05-03,neutral
V1507,Cliffhanger,1.0,2024-10-25,negative
V1507,Jaws,5.0,2024-07-03,positive
V1507,Jaws 2,2.0,2024-04-12,negative
V1507,Mars Attacks!,0.5,2024-06-07,negative
V1507,Labyrinth,3.5,2025-04-10,neutral
V1507,Jaws: The Revenge,1.0,2025-02-02,negative
V1507,Osmosis Jones,0.5,2024-04-29,negative
V1507,Training Day,3.0,2024-12-12,neutral
V1507,School of Rock,3.0,2024-09-02,neutral
V1511,Crimson Tide,3.0,2025-02-17,neutral
V1512,Clear and Present Danger,5.0,2025-05-06,positive
V1512,Cliffhanger,3.0,2025-11-06,neutral
V1512,In the Line of Fire,4.0,2025-08-28,positive
V1514,Crimson Tide,4.0,2024-04-03,positive
V1514,Clear and Present Danger,3.0,2025-06-23,neutral
V1514,Cliffhanger,3.0,2025-06-28,neutral
V1515,Jaws,4.5,2025-07-13,positive
V1515,Do the Right Thing,4.5,2024-11-24,positive
V1515,Osmosis Jones,2.5,2024-07-21,neutral
V1515,School of Rock,3.5,2025-03-12,neutral
V1516,Crimson Tide,2.5,2024-03-25,neutral
V1516,Clear and Present Danger,2.5,2024-04-16,neutral
V1516,Cliffhanger,2.0,2025-09-16,negative
V1516,In the Line of Fire,3.5,2024-10-21,neutral
V1516,Jaws,4.0,2024-02-26,positive
V1516,Jaws 2,2.0,2024-07-11,negative
V1516,Mars Attacks!,0.5,2025-08-24,negative
V1516,Training Day,0.5,2025-07-09,negative
V1516,School of Rock,2.5,2024-02-19,neutral
V1516,Poseidon,2.0,2024-11-06,negative
V1518,Once Upon a Time in America,5.0,2025-07-04,positive
V1518,Mars Attacks!,5.0,2025-12-01,positive
V1518,School of Rock,3.0,2025-06-04,neutral
V1519,Mars Attacks!,3.0,2025-06-04,neutral
V1523,Labyrinth,4.0,2024-02-15,positive
V1523,School of Rock,3.0,2025-04-13,neutral
V1524,Labyrinth,5.0,2024-08-14,positive
V1525,Cliffhanger,2.0,2024-07-27,negative
V1525,Jaws,3.0,2025-10-17,neutral
V1525,Mystery Men,3.5,2025-01-25,neutral
V1526,Training Day,4.5,2024-04-29,positive
V1528,Clear and Present Danger,4.5,2024-09-03,positive
V1528,In the Line of Fire,3.0,2024-12-04,neutral
V1528,Jaws,3.0,2024-08-21,neutral
V1528,Training Day,3.5,2025-02-15,neutral
V1530,Heavy,4.0,2025-09-05,positive
V1530,Mars Attacks!,2.0,2024-09-21,negative
V1530,Training Day,4.0,2025-11-27,positive
V1531,Crimson Tide,3.0,2025-10-03,neutral
V1531,Cliffhanger,1.0,2025-10-31,negative
V1532,Cliffhanger,4.5,2025-02-23,positive
V1533,Crimson Tide,4.0,2025-02-27,positive
V1533,Clear and Present Danger,4.0,2024-07-13,positive
V1533,Cliffhanger,4.0,2024-09-16,positive
V1537,Clear and Present Danger,5.0,2025-12-10,positive
V1537,Cliffhanger,5.0,2025-04-04,positive
V1537,In the Line of Fire,3.0,2024-08-16,neutral
V1537,Do the Right Thing,4.0,2024-04-28,positive
V1540,Crimson Tide,4.0,2025-05-15,positive
V1543,School of Rock,5.0,2024-12-01,positive
V1544,Clear and Present Danger,2.0,2024-09-19,negative
V1544,Cliffhanger,3.0,2025-12-12,neutral
V1544,In the Line of Fire,3.0,2024-10-20,neutral
V1544,Mars Attacks!,5.0,2024-09-24,positive
V1545,Crimson Tide,5.0,2025-02-08,positive
V1545,Clear and Present Danger,4.0,2024-07-25,positive
V1545,Cliffhanger,3.0,2025-05-24,neutral
V1546,Crimson Tide,4.0,2024-02-06,positive
V1546,Clear and Present Danger,4.0,2024-04-24,positive
V1547,Crimson Tide,3.0,2025-02-01,neutral
V1547,Clear and Present Danger,5.0,2025-12-11,positive
V1547,Cliffhanger,3.0,2025-03-22,neutral
V1547,In the Line of Fire,3.0,2024-05-26,neutral
V1547,Jaws,3.0,2024-02-12,neutral
V1548,Jaws,3.0,2024-07-12,neutral
V1548,Labyrinth,3.0,2024-11-21,neutral
V1550,School of Rock,2.0,2024-06-05,negative
V1552,Jaws: The Revenge,1.5,2024-09-13,negative
V1552,School of Rock,3.0,2025-04-18,neutral
V1553,Do the Right Thing,5.0,2024-02-27,positive
V1554,School of Rock,3.0,2024-10-25,neutral
V1555,In the Line of Fire,3.0,2024-07-07,neutral
V1555,Mars Attacks!,3.0,2025-11-04,neutral
V1557,Mars Attacks!,3.0,2025-03-27,neutral
V1559,School of Rock,5.0,2025-09-08,positive
V1560,Jaws,1.0,2024-06-13,negative
V1560,Mars Attacks!,1.0,2024-11-21,negative
V1560,Labyrinth,3.0,2024-03-07,neutral
V1560,Mystery Men,2.0,2024-01-18,negative
V1562,Clear and Present Danger,4.5,2024-11-25,positive
V1562,Cliffhanger,4.0,2024-04-16,positive
V1562,Mars Attacks!,4.0,2025-01-25,positive
V1565,Crimson Tide,3.0,2025-01-31,neutral
V1565,Jaws,3.0,2024-08-17,neutral
V1566,Crimson Tide,4.0,2025-07-31,positive
V1566,Clear and Present Danger,3.0,2025-10-26,neutral
V1566,In the Line of Fire,5.0,2025-08-08,positive
V1566,Mars Attacks!,2.0,2025-12-03,negative
V1566,Labyrinth,5.0,2024-08-31,positive
V1567,Clear and Present Danger,3.0,2024-09-13,neutral
V1567,Cliffhanger,2.0,2025-10-13,negative
V1567,Mars Attacks!,5.0,2024-06-05,positive
V1567,Mystery Men,4.0,2025-01-03,positive
V1568,Clear and Present Danger,2.5,2025-10-14,neutral
V1568,Labyrinth,3.5,2025-02-01,neutral
V1568,Do the Right Thing,3.5,2025-01-11,neutral
V1569,Crimson Tide,4.0,2024-11-03,positive
V1569,Clear and Present Danger,3.0,2025-02-24,neutral
V1570,Crimson Tide,5.0,2024-08-20,positive
V1570,Clear and Present Danger,4.0,2025-10-03,positive
V1570,Cliffhanger,3.0,2025-02-19,neutral
V1571,Mars Attacks!,2.5,2025-04-16,neutral
V1571,Training Day,3.5,2025-02-01,neutral
V1571,School of Rock,1.5,2024-11-29,negative
V1572,School of Rock,4.5,2025-06-26,positive
V1575,Crimson Tide,4.0,2025-12-30,positive
V1575,Clear and Present Danger,4.0,2025-11-06,positive
V1575,Cliffhanger,3.0,2025-04-19,neutral
V1577,Jaws,3.0,2025-02-22,neutral
V1577,Jaws 2,2.0,2024-08-06,negative
V1579,Crimson Tide,4.0,2024-04-21,positive
V1579,Clear and Present Danger,4.0,2024-11-03,positive
V1579,Cliffhanger,4.0,2025-09-30,positive
V1581,Mars Attacks!,2.0,2024-08-10,negative
V1584,Clear and Present Danger,4.5,2024-06-09,positive
V1584,Cliffhanger,3.5,2025-06-13,neutral
V1584,Jaws,4.0,2025-03-29,positive
V1586,Clear and Present Danger,5.0,2025-01-30,positive
V1586,Cliffhanger,5.0,2024-10-06,positive
V1586,In the Line of Fire,3.0,2024-06-08,neutral
V1588,Crimson Tide,5.0,2024-07-21,positive
V1588,In the Line of Fire,3.0,2025-04-24,neutral
V1588,Jaws,4.5,2024-05-13,positive
V1588,Mars Attacks!,1.5,2024-11-19,negative
V1588,Do the Right Thing,4.0,2025-09-19,positive
V1588,School of Rock,3.5,2024-02-06,neutral
V1588,Cold Mountain,3.5,2024-03-07,neutral
V1588,Freedom Writers,4.0,2024-02-24,positive
V1588,Green Lantern,3.5,2024-11-16,neutral
V1595,Crimson Tide,3.0,2024-07-26,neutral
V1595,Clear and Present Danger,4.0,2024-08-06,positive
V1595,Cliffhanger,3.0,2025-01-06,neutral
V1595,In the Line of Fire,4.0,2025-08-20,positive
V1600,Clear and Present Danger,4.0,2025-05-01,positive
V1600,In the Line of Fire,4.0,2024-10-23,positive
V1600,Mystery Men,3.0,2025-07-29,neutral
V1601,Jaws,2.5,2024-06-04,neutral
V1601,Labyrinth,3.0,2025-06-29,neutral
V1602,Mystery Men,4.0,2024-06-11,positive
V1602,Osmosis Jones,4.0,2025-04-25,positive
V1602,School of Rock,4.0,2025-12-07,positive
V1602,Grown Ups,4.0,2024-04-26,positive
V1604,Labyrinth,3.0,2025-03-31,neutral
V1604,Mystery Men,2.0,2024-05-18,negative
V1604,Do the Right Thing,3.0,2025-01-23,neutral
V1608,Clear and Present Danger,4.0,2024-01-21,positive
V1608,Cliffhanger,3.0,2025-01-06,neutral
V1608,Jaws,3.0,2025-08-08,neutral
V1608,Mars Attacks!,2.0,2024-01-21,negative
V1608,Mystery Men,3.0,2025-08-03,neutral
V1609,School of Rock,4.5,2024-03-28,positive
V1616,Crimson Tide,1.5,2024-06-30,negative
V1616,Cliffhanger,2.5,2025-11-24,neutral
V1616,In the Line of Fire,1.5,2024-04-23,negative
V1616,Jaws,2.5,2025-11-15,neutral
V1616,Mars Attacks!,0.5,2024-11-24,negative
V1617,Crimson Tide,3.0,2024-03-26,neutral
V1617,Clear and Present Danger,3.0,2025-05-21,neutral
V1617,Cliffhanger,3.0,2025-08-27,neutral
V1617,In the Line of Fire,3.0,2025-01-08,neutral
V1619,Mars Attacks!,0.5,2025-06-09,negative
V1620,Cliffhanger,4.5,2024-01-25,positive
V1620,Jaws,4.0,2024-06-19,positive
V1621,Clear and Present Danger,4.0,2025-12-18,positive
V1622,Clear and Present Danger,4.0,2025-03-19,positive
V1622,Cliffhanger,3.0,2025-11-03,neutral
V1625,Crimson Tide,4.0,2024-12-06,positive
V1625,Clear and Present Danger,4.0,2025-10-01,positive
V1626,Cliffhanger,1.0,2024-01-20,negative
V1626,Jaws,3.0,2025-04-26,neutral
V1627,In the Line of Fire,4.5,2025-12-12,positive
V1627,Jaws,4.0,2025-01-19,positive
V1627,Jaws 2,1.0,2025-06-08,negative
V1627,Do the Right Thing,5.0,2025-03-10,positive
V1627,Cold Mountain,4.0,2024-05-15,positive
V1628,Crimson Tide,3.0,2024-09-24,neutral
V1629,Cliffhanger,2.5,2024-10-15,neutral
V1629,Jaws,3.5,2025-04-05,neutral
V1629,School of Rock,4.0,2025-11-13,positive
V1631,Crimson Tide,5.0,2025-06-05,positive
V1631,Clear and Present Danger,5.0,2024-05-11,positive
V1631,Cliffhanger,3.0,2024-09-05,neutral
V1632,Cliffhanger,3.0,2024-03-07,neutral
V1632,Mars Attacks!,3.0,2024-08-30,neutral
V1634,Clear and Present Danger,4.0,2024-03-18,positive
V1636,Clear and Present Danger,3.0,2024-12-15,neutral
V1636,Cliffhanger,3.0,2024-03-13,neutral
V1638,Clear and Present Danger,3.0,2025-04-16,neutral
V1638,In the Line of Fire,4.0,2025-11-11,positive
V1639,Jaws,4.0,2024-02-27,positive
V1643,Crimson Tide,5.0,2024-03-24,positive
V1643,Mars Attacks!,4.0,2024-04-03,positive
V1643,Labyrinth,1.0,2025-12-03,negative
V1644,Mars Attacks!,2.5,2024-03-22,neutral
V1644,Dark Skies,2.5,2025-06-26,neutral
V1645,Crimson Tide,4.0,2024-07-21,positive
V1645,Clear and Present Danger,3.0,2025-09-11,neutral
V1645,Cliffhanger,2.0,2024-10-21,negative
V1645,In the Line of Fire,4.0,2024-03-03,positive
V1647,Cliffhanger,3.0,2024-01-07,neutral
V1648,Do the Right Thing,1.0,2024-07-21,negative
V1649,Crimson Tide,4.0,2025-07-09,positive
V1649,Cliffhanger,4.0,2025-12-17,positive
V1649,In the Line of Fire,4.0,2024-03-18,positive
V1651,Clear and Present Danger,4.0,2024-11-25,positive
V1651,Cliffhanger,4.0,2024-06-15,positive
V1652,Labyrinth,4.0,2025-08-29,positive
V1653,Jaws,4.0,2025-06-02,positive
V1653,Labyrinth,4.0,2025-03-12,positive
V1653,Mystery Men,3.0,2024-09-03,neutral
V1653,Training Day,4.0,2025-11-30,positive
V1653,School of Rock,4.0,2024-06-14,positive
V1654,Crimson Tide,4.0,2025-05-20,positive
V1656,Cliffhanger,3.0,2024-03-02,neutral
V1657,Jaws,3.0,2025-03-16,neutral
V1658,Crimson Tide,3.0,2025-04-01,neutral
V1658,Clear and Present Danger,4.0,2025-11-21,positive
V1658,Cliffhanger,4.0,2025-01-05,positive
V1659,Crimson Tide,5.0,2025-11-25,positive
V1659,Clear and Present Danger,4.0,2024-11-22,positive
V1660,Crocodile Dundee in Los Angeles,4.0,2025-05-06,positive
V1661,Crimson Tide,5.0,2025-05-15,positive
V1661,Clear and Present Danger,5.0,2024-07-13,positive
V1661,Cliffhanger,5.0,2024-02-13,positive
V1665,Jaws,4.5,2025-04-21,positive
V1666,Cliffhanger,1.0,2025-02-16,negative
V1667,Mars Attacks!,4.0,2025-04-20,positive
V1667,Labyrinth,3.0,2025-01-29,neutral
V1667,Mystery Men,3.0,2024-05-22,neutral
V1668,Jaws,4.0,2025-10-09,positive
V1669,Clear and Present Danger,4.0,2024-01-15,positive
V1669,Mars Attacks!,4.5,2025-11-08,positive
V1670,Mars Attacks!,3.0,2025-08-30,neutral
V1671,Clear and Present Danger,4.0,2024-04-07,positive
V1671,Cliffhanger,3.0,2024-06-02,neutral
V1672,Clear and Present Danger,4.0,2024-01-23,positive
V1672,In the Line of Fire,4.0,2024-11-06,positive
V1672,Jaws,4.5,2025-07-16,positive
V1672,Mystery Men,3.5,2025-05-13,neutral
V1672,Do the Right Thing,3.5,2025-03-19,neutral
V1675,Cliffhanger,3.0,2024-06-12,neutral
V1676,Labyrinth,4.0,2024-03-02,positive
V1676,Do the Right Thing,4.0,2024-03-09,positive
V1677,Jaws,2.0,2025-05-03,negative
V1677,School of Rock,3.5,2024-08-28,neutral
V1678,Jaws,1.5,2024-08-09,negative
V1678,Tears of the Sun,3.5,2024-11-11,neutral
V1678,Freedom Writers,5.0,2025-10-07,positive
V1681,Crimson Tide,3.0,2025-03-15,neutral
V1681,Clear and Present Danger,3.0,2024-05-12,neutral
V1681,Cliffhanger,3.0,2025-01-17,neutral
V1681,In the Line of Fire,3.0,2024-05-11,neutral
V1682,Clear and Present Danger,3.0,2025-04-29,neutral
V1682,Jaws,5.0,2025-01-13,positive
V1682,Jaws 2,1.0,2024-11-30,negative
V1685,Crimson Tide,5.0,2024-11-16,positive
V1685,Clear and Present Danger,3.0,2025-05-02,neutral
V1685,Cliffhanger,4.0,2024-12-14,positive
V1685,In the Line of Fire,3.0,2025-12-16,neutral
V1686,Crimson Tide,4.0,2024-11-25,positive
V1686,Clear and Present Danger,3.5,2024-08-22,neutral
V1686,Jaws,4.0,2024-08-30,positive
V1686,Training Day,3.5,2025-05-15,neutral
V1689,Crimson Tide,5.0,2024-01-20,positive
V1689,Jaws,5.0,2024-04-07,positive
V1689,Labyrinth,3.0,2025-09-30,neutral
V1691,Mystery Men,5.0,2025-05-17,positive
V1694,Crimson Tide,5.0,2024-09-29,positive
V1694,Clear and Present Danger,5.0,2024-07-16,positive
V1694,Cliffhanger,3.0,2025-12-29,neutral
V1697,Crimson Tide,5.0,2024-03-01,positive
V1698,Clear and Present Danger,4.0,2025-10-10,positive
V1698,Cliffhanger,2.0,2025-09-27,negative
V1699,Crimson Tide,3.0,2024-10-06,neutral
V1699,Clear and Present Danger,5.0,2024-11-17,positive
V1699,Cliffhanger,3.0,2024-07-23,neutral
V1699,In the Line of Fire,4.0,2024-07-11,positive
V1703,Jaws,2.5,2024-05-03,neutral
V1705,Mars Attacks!,4.0,2024-07-18,positive
V1705,School of Rock,1.0,2024-10-16,negative
V1706,Mars Attacks!,4.0,2025-03-09,positive
V1707,Once Upon a Time in America,3.0,2024-01-12,neutral
V1708,Crimson Tide,3.0,2024-05-27,neutral
V1709,Crimson Tide,3.0,2025-10-29,neutral
V1709,Cliffhanger,3.0,2024-03-21,neutral
V1713,Jaws,4.0,2024-05-31,positive
V1714,Training Day,4.5,2025-07-22,positive
V1714,Poseidon,3.5,2024-11-17,neutral
V1714,Freedom Writers,4.0,2025-04-11,positive
V1715,Clear and Present Danger,5.0,2025-09-13,positive
V1715,Cliffhanger,3.0,2025-08-23,neutral
V1715,In the Line of Fire,4.0,2024-01-18,positive
V1715,Once Upon a Time in America,5.0,2024-11-30,positive
V1715,Jaws,5.0,2024-05-25,positive
V1715,Jaws 2,2.0,2025-01-19,negative
V1715,Mars Attacks!,1.0,2025-03-20,negative
V1715,Labyrinth,3.0,2024-07-01,neutral
V1715,Mystery Men,3.0,2024-02-05,neutral
V1715,Do the Right Thing,4.0,2025-08-02,positive
V1715,School of Rock,4.0,2025-06-07,positive
V1716,Jaws,4.5,2025-12-31,positive
V1716,Mars Attacks!,2.5,2024-03-10,neutral
V1717,Clear and Present Danger,3.0,2025-06-19,neutral
V1718,Clear and Present Danger,4.0,2024-08-28,positive
V1718,House Party 3,4.0,2024-12-31,positive
V1718,In the Line of Fire,5.0,2024-12-17,positive
V1719,Mars Attacks!,3.5,2025-02-14,neutral
V1719,Crocodile Dundee in Los Angeles,4.0,2025-03-02,positive
V1719,School of Rock,3.0,2025-12-12,neutral
V1720,Training Day,4.0,2024-04-01,positive
V1722,Crimson Tide,4.0,2024-06-11,positive
V1722,Clear and Present Danger,5.0,2024-09-24,positive
V1722,In the Line of Fire,5.0,2025-10-22,positive
V1723,Clear and Present Danger,2.0,2024-02-23,negative
V1724,Jaws,5.0,2024-08-18,positive
V1725,Crimson Tide,3.0,2024-08-12,neutral
V1725,Clear and Present Danger,3.0,2024-06-05,neutral
V1725,Cliffhanger,2.0,2024-11-23,negative
V1726,Cliffhanger,2.5,2025-10-11,neutral
V1726,Jaws,4.5,2025-06-06,positive
V1728,Cliffhanger,4.5,2024-01-25,positive
V1728,Jaws,4.5,2025-02-28,positive
V1729,Clear and Present Danger,3.0,2024-07-23,neutral
V1729,Once Upon a Time in America,4.0,2024-08-23,positive
V1729,Jaws,5.0,2024-12-23,positive
V1729,Jaws 2,3.0,2025-01-11,neutral
V1729,Mars Attacks!,4.0,2024-06-17,positive
V1730,School of Rock,4.0,2025-07-03,positive
V1731,In the Line of Fire,4.0,2025-09-29,positive
V1731,School of Rock,4.0,2025-01-18,positive
V1732,In the Line of Fire,3.5,2024-07-25,neutral
V1732,Once Upon a Time in America,3.0,2024-12-08,neutral
V1732,Jaws,5.0,2024-09-23,positive
V1734,In the Line of Fire,3.5,2024-10-19,neutral
V1734,Mystery Men,3.0,2025-09-09,neutral
V1734,Like Crazy,3.5,2025-02-19,neutral
V1735,Crimson Tide,5.0,2024-02-12,positive
V1736,Jaws,4.5,2024-07-29,positive
V1736,Training Day,4.5,2024-11-01,positive
V1736,School of Rock,4.0,2024-08-07,positive
V1740,Crimson Tide,3.0,2024-11-06,neutral
V1740,Clear and Present Danger,3.0,2025-10-25,neutral
V1741,Mars Attacks!,2.0,2024-09-15,negative
V1741,Labyrinth,3.0,2024-11-13,neutral
V1741,Mystery Men,2.0,2024-07-04,negative
V1741,Osmosis Jones,0.5,2025-05-26,negative
V1741,Bright Star,3.5,2024-12-01,neutral
V1741,Safe House,1.5,2025-09-08,negative
V1744,In the Line of Fire,4.0,2025-05-18,positive
V1745,Jaws,2.5,2024-10-19,neutral
V1746,Jaws,4.0,2024-09-11,positive
V1746,Do the Right Thing,4.5,2024-01-01,positive
V1747,Mars Attacks!,1.0,2024-02-21,negative
V1747,House Party 2,4.0,2024-10-07,positive
V1748,Crimson Tide,3.5,2025-03-31,neutral
V1748,Clear and Present Danger,4.0,2024-06-12,positive
V1748,Cliffhanger,3.0,2024-08-08,neutral
V1748,In the Line of Fire,3.0,2025-03-09,neutral
V1748,Jaws,5.0,2024-03-18,positive
V1748,Mars Attacks!,1.0,2024-01-23,negative
V1748,Do the Right Thing,3.5,2024-05-02,neutral
V1749,Jaws,4.0,2025-04-12,positive
V1750,Crimson Tide,4.0,2024-07-28,positive
V1750,Clear and Present Danger,4.0,2025-11-29,positive
V1750,Cliffhanger,3.5,2025-05-02,neutral
V1751,Jaws,3.0,2024-03-29,neutral
V1751,School of Rock,3.0,2025-08-16,neutral
V1752,Clear and Present Danger,3.0,2024-10-03,neutral
V1753,Crimson Tide,3.0,2025-05-06,neutral
V1753,Clear and Present Danger,3.0,2024-06-05,neutral
V1753,Cliffhanger,3.0,2025-11-25,neutral
V1753,In the Line of Fire,3.0,2025-05-24,neutral
V1754,Clear and Present Danger,4.0,2025-02-26,positive
V1754,Cliffhanger,3.0,2025-08-13,neutral
V1754,In the Line of Fire,4.0,2024-03-05,positive
V1755,Crimson Tide,3.0,2025-12-27,neutral
V1755,Cliffhanger,1.5,2024-07-26,negative
V1755,Jaws,3.0,2025-11-18,neutral
V1755,Mars Attacks!,2.5,2024-07-11,neutral
V1755,Labyrinth,5.0,2024-01-02,positive
V1755,Crocodile Dundee in Los Angeles,1.0,2025-07-30,negative
V1755,Osmosis Jones,1.0,2025-07-26,negative
V1755,Dark Skies,4.0,2024-08-25,positive
V1758,School of Rock,3.5,2024-02-18,neutral
V1759,Mars Attacks!,3.0,2025-09-04,neutral
V1763,Clear and Present Danger,4.0,2025-04-28,positive
V1763,Cliffhanger,4.0,2025-11-05,positive
V1763,Jaws,3.5,2025-07-18,neutral
V1763,Jaws 2,4.0,2025-10-16,positive
V1763,Mystery Men,2.0,2025-08-17,negative
V1763,Do the Right Thing,4.0,2024-12-21,positive
V1763,Training Day,3.0,2025-11-19,neutral
V1763,School of Rock,4.0,2025-11-22,positive
V1766,Cliffhanger,3.0,2025-03-18,neutral
V1768,Jaws,5.0,2024-05-20,positive
V1770,Do the Right Thing,3.5,2025-10-22,neutral
V1771,Jaws,4.0,2025-07-06,positive
V1772,In the Line of Fire,3.0,2024-02-13,neutral
V1772,Jaws,4.0,2025-10-02,positive
V1773,Clear and Present Danger,5.0,2025-07-07,positive
V1775,Mars Attacks!,4.0,2024-06-12,positive
V1775,School of Rock,3.5,2024-05-22,neutral
V1777,Crimson Tide,3.0,2025-12-10,neutral
V1777,Clear and Present Danger,5.0,2025-03-05,positive
V1777,Cliffhanger,4.0,2025-05-28,positive
V1777,In the Line of Fire,4.0,2024-04-16,positive
V1780,Crimson Tide,4.0,2025-07-17,positive
V1780,Clear and Present Danger,4.0,2024-08-20,positive
V1780,Cliffhanger,4.5,2024-12-08,positive
V1780,Mars Attacks!,3.5,2025-01-17,neutral
V1786,Training Day,4.0,2025-06-19,positive
V1786,Cold Mountain,3.5,2024-08-12,neutral
V1788,Labyrinth,4.0,2025-02-21,positive
V1789,Crimson Tide,2.5,2024-04-18,neutral
V1789,Cliffhanger,4.5,2025-04-09,positive
V1789,Jaws,3.0,2024-07-11,neutral
V1789,Mars Attacks!,2.0,2025-05-31,negative
V1789,School of Rock,3.5,2024-05-27,neutral
V1791,Clear and Present Danger,4.0,2024-11-09,positive
V1791,Jaws: The Revenge,0.5,2024-11-06,negative
V1792,Crimson Tide,5.0,2025-10-15,positive
V1792,Clear and Present Danger,3.0,2024-07-14,neutral
V1792,Cliffhanger,3.0,2024-10-29,neutral
V1803,Jaws,2.0,2025-11-27,negative
V1803,School of Rock,4.0,2025-04-08,positive
V1804,Green Lantern,3.5,2025-01-01,neutral
V1804,Safe House,4.0,2025-12-15,positive
V1806,Cliffhanger,3.0,2025-02-01,neutral
V1806,Jaws,4.0,2025-03-14,positive
V1806,Mars Attacks!,4.0,2025-05-04,positive
V1806,Freedom Writers,1.5,2024-02-12,negative
V1809,Clear and Present Danger,5.0,2024-02-02,positive
V1809,In the Line of Fire,5.0,2024-02-01,positive
V1810,Once Upon a Time in America,5.0,2025-01-27,positive
V1810,Labyrinth,1.0,2024-04-10,negative
V1810,Cold Mountain,4.5,2025-09-27,positive
V1811,Mars Attacks!,2.0,2025-12-02,negative
V1811,Labyrinth,2.0,2025-01-24,negative
V1811,Mystery Men,2.0,2024-03-29,negative
V1811,Do the Right Thing,4.0,2024-04-04,positive
V1812,Clear and Present Danger,4.0,2025-10-08,positive
V1812,In the Line of Fire,5.0,2025-01-23,positive
V1812,Jaws,4.0,2025-09-10,positive
V1813,Jaws,4.0,2024-11-13,positive
V1815,Crocodile Dundee in Los Angeles,1.0,2025-04-07,negative
V1815,Training Day,4.0,2024-04-07,positive
V1815,Cold Mountain,3.0,2025-08-30,neutral
V1817,Jaws,4.5,2024-01-29,positive
V1819,Training Day,3.5,2024-03-11,neutral
V1820,Crimson Tide,3.0,2024-10-08,neutral
V1820,Clear and Present Danger,3.0,2025-07-02,neutral
V1820,Cliffhanger,3.0,2024-09-16,neutral
V1825,Mars Attacks!,4.0,2025-06-13,positive
V1828,Crimson Tide,3.0,2025-04-07,neutral
V1828,Clear and Present Danger,3.0,2024-02-10,neutral
V1828,Cliffhanger,3.0,2025-03-12,neutral
V1828,In the Line of Fire,4.0,2024-03-19,positive
V1829,Jaws,5.0,2024-09-12,positive
V1829,Mars Attacks!,4.0,2025-10-31,positive
V1829,School of Rock,5.0,2025-01-20,positive
V1830,Crimson Tide,3.0,2024-08-16,neutral
V1830,Clear and Present Danger,4.0,2025-08-20,positive
V1830,Cliffhanger,4.0,2025-12-31,positive
V1830,In the Line of Fire,3.0,2024-04-28,neutral
V1831,Crimson Tide,4.0,2024-05-15,positive
V1831,Clear and Present Danger,3.0,2025-09-11,neutral
V1831,Cliffhanger,4.0,2025-05-23,positive
V1833,Crimson Tide,4.0,2025-03-16,positive
V1833,Clear and Present Danger,4.0,2025-12-11,positive
V1833,Cliffhanger,3.0,2024-04-18,neutral
V1835,Jaws,4.0,2024-10-12,positive
V1835,Mars Attacks!,5.0,2025-03-08,positive
V1835,Labyrinth,5.0,2024-09-26,positive
V1836,Crimson Tide,4.0,2025-01-01,positive
V1836,Clear and Present Danger,5.0,2024-09-06,positive
V1836,In the Line of Fire,4.0,2024-05-20,positive
V1837,Mars Attacks!,4.0,2024-03-29,positive
V1837,Labyrinth,5.0,2024-07-20,positive
V1837,Mystery Men,5.0,2025-07-13,positive
V1837,School of Rock,4.0,2025-05-04,positive
V1839,Mystery Men,4.5,2025-11-03,positive
V1840,School of Rock,3.0,2024-04-28,neutral
V1842,Jaws,3.0,2024-07-26,neutral
V1844,Jaws,4.0,2025-12-19,positive
V1844,Labyrinth,4.5,2024-03-02,positive
V1845,Crimson Tide,5.0,2024-04-25,positive
V1845,Clear and Present Danger,5.0,2025-08-22,positive
V1845,Cliffhanger,4.0,2024-05-20,positive
V1845,In the Line of Fire,4.0,2025-05-06,positive
V1847,In the Line of Fire,4.0,2025-11-10,positive
V1847,Once Upon a Time in America,3.0,2024-08-07,neutral
V1847,Jaws,4.0,2025-07-20,positive
V1847,Mars Attacks!,3.0,2024-03-13,neutral
V1847,Do the Right Thing,3.0,2025-06-06,neutral
V1849,Crimson Tide,3.5,2024-03-10,neutral
V1849,Clear and Present Danger,3.5,2024-03-15,neutral
V1849,Cliffhanger,3.0,2025-10-03,neutral
V1849,In the Line of Fire,3.5,2025-10-02,neutral
V1849,Jaws,3.5,2024-09-25,neutral
V1849,Mars Attacks!,2.5,2025-03-18,neutral
V1849,Labyrinth,4.0,2025-02-08,positive
V1849,Mystery Men,3.0,2025-01-17,neutral
V1849,Crocodile Dundee in Los Angeles,2.5,2024-08-18,neutral
V1849,Osmosis Jones,3.0,2025-05-05,neutral
V1849,School of Rock,4.0,2025-06-05,positive
V1849,In the Cut,2.5,2025-10-12,neutral
V1849,Poseidon,2.5,2025-06-17,neutral
V1850,Clear and Present Danger,4.0,2024-03-17,positive
V1850,Mars Attacks!,2.0,2025-03-03,negative
V1851,Mars Attacks!,4.0,2025-12-22,positive
V1854,Mars Attacks!,4.0,2025-10-18,positive
V1854,Labyrinth,4.0,2025-02-06,positive
V1854,Mystery Men,1.0,2024-12-15,negative
V1854,School of Rock,2.0,2025-09-11,negative
V1854,Poseidon,3.5,2025-04-26,neutral
V1855,Clear and Present Danger,3.0,2025-12-05,neutral
V1855,Cliffhanger,3.0,2025-11-29,neutral
V1855,In the Line of Fire,3.0,2025-08-10,neutral
V1855,Jaws,4.0,2024-04-03,positive
V1855,Mars Attacks!,3.0,2024-12-16,neutral
V1855,Mystery Men,3.0,2025-10-08,neutral
V1858,Clear and Present Danger,3.0,2024-10-01,neutral
V1858,Jaws 2,3.0,2024-10-22,neutral
V1858,Mars Attacks!,1.0,2024-11-16,negative
V1861,Jaws: The Revenge,2.0,2024-09-02,negative
V1864,Clear and Present Danger,3.0,2024-11-09,neutral
V1864,In the Line of Fire,4.0,2025-06-14,positive
V1864,Jaws,4.0,2024-09-27,positive
V1864,Mars Attacks!,2.0,2025-11-05,negative
V1864,Mystery Men,3.0,2024-05-22,neutral
V1864,Training Day,4.0,2024-10-29,positive
V1866,Mars Attacks!,2.0,2025-01-05,negative
V1868,Labyrinth,5.0,2024-11-24,positive
V1868,School of Rock,3.5,2025-08-18,neutral
V1869,In the Line of Fire,4.0,2024-10-25,positive
V1870,In the Line of Fire,3.0,2025-09-04,neutral
V1870,Mystery Men,1.5,2024-12-11,negative
V1874,Mystery Men,2.5,2025-05-23,neutral
V1875,Crimson Tide,5.0,2025-05-10,positive
V1875,Clear and Present Danger,4.0,2025-08-04,positive
V1875,Cliffhanger,4.0,2024-05-29,positive
V1876,Crimson Tide,3.5,2024-09-15,neutral
V1876,Clear and Present Danger,2.5,2025-07-17,neutral
V1876,Cliffhanger,2.0,2024-07-12,negative
V1876,In the Line of Fire,3.0,2025-05-21,neutral
V1876,Jaws,5.0,2025-07-17,positive
V1876,Mars Attacks!,2.5,2025-06-07,neutral
V1876,School of Rock,4.5,2024-09-29,positive
V1876,Poseidon,2.0,2025-10-05,negative
V1881,Crimson Tide,5.0,2025-05-02,positive
V1881,Clear and Present Danger,4.0,2024-05-02,positive
V1881,Cliffhanger,3.0,2025-01-05,neutral
V1883,Jaws,4.0,2024-02-25,positive
V1884,Crimson Tide,3.0,2024-10-11,neutral
V1884,Clear and Present Danger,5.0,2024-10-01,positive
V1884,Cliffhanger,4.0,2025-12-04,positive
V1885,Clear and Present Danger,4.0,2025-11-07,positive
V1885,Cliffhanger,3.0,2024-04-24,neutral
V1885,Training Day,4.0,2024-10-10,positive
V1886,Mars Attacks!,3.0,2024-08-24,neutral
V1887,Clear and Present Danger,2.0,2025-08-07,negative
V1887,Cliffhanger,2.0,2025-07-19,negative
V1887,In the Line of Fire,3.0,2024-06-04,neutral
V1887,Labyrinth,4.0,2024-11-20,positive
V1887,Osmosis Jones,2.0,2025-01-27,negative
V1887,Tears of the Sun,2.5,2024-01-18,neutral
V1888,Mystery Men,3.0,2025-09-20,neutral
V1889,Clear and Present Danger,3.0,2024-05-07,neutral
V1889,Cliffhanger,3.0,2025-02-20,neutral
V1891,Mars Attacks!,2.0,2025-09-16,negative
V1892,Cliffhanger,1.0,2024-08-13,negative
V1892,Jaws,2.0,2024-09-01,negative
V1893,Clear and Present Danger,5.0,2025-08-16,positive
V1893,Cliffhanger,5.0,2025-01-30,positive
V1895,Do the Right Thing,4.5,2024-04-12,positive
V1896,Jaws,3.0,2025-12-30,neutral
V1896,Jaws 2,3.0,2025-01-28,neutral
V1896,Do the Right Thing,5.0,2025-01-24,positive
V1897,Cliffhanger,4.0,2024-10-05,positive
V1902,Cliffhanger,3.0,2025-05-18,neutral
V1902,Jaws,4.0,2025-06-20,positive
V1902,Mars Attacks!,4.0,2025-05-26,positive
V1904,Clear and Present Danger,5.0,2025-03-28,positive
V1904,In the Line of Fire,3.0,2024-05-27,neutral
V1905,Clear and Present Danger,3.0,2025-12-16,neutral
V1905,Cliffhanger,3.0,2025-02-17,neutral
V1906,Crimson Tide,4.0,2024-12-27,positive
V1906,Clear and Present Danger,3.0,2024-10-24,neutral
V1906,Jaws,2.5,2025-09-06,neutral
V1906,Mars Attacks!,4.0,2024-01-25,positive
V1906,Labyrinth,3.0,2024-09-06,neutral
V1906,School of Rock,3.5,2025-04-08,neutral
V1906,Green Lantern,3.0,2025-02-02,neutral
V1908,Jaws,5.0,2025-01-25,positive
V1908,Do the Right Thing,4.0,2025-04-01,positive
V1908,Osmosis Jones,3.0,2025-03-23,neutral
V1908,Training Day,3.0,2024-10-02,neutral
V1908,School of Rock,3.5,2024-09-23,neutral
V1908,In the Cut,3.0,2024-08-12,neutral
V1912,Clear and Present Danger,4.0,2025-06-13,positive
V1912,Cliffhanger,3.0,2024-07-19,neutral
V1917,Clear and Present Danger,3.0,2025-01-25,neutral
V1917,Cliffhanger,2.0,2024-08-22,negative
V1918,Jaws,4.0,2024-06-11,positive
V1918,Mystery Men,3.0,2025-07-20,neutral
V1919,In the Line of Fire,4.0,2025-06-21,positive
V1919,Do the Right Thing,4.5,2024-06-01,positive
V1919,School of Rock,4.0,2025-03-22,positive
V1924,School of Rock,4.0,2024-07-09,positive
V1925,Clear and Present Danger,4.0,2024-06-19,positive
V1925,Cliffhanger,4.0,2024-04-04,positive
V1925,Training Day,4.0,2025-11-01,positive
V1925,Tears of the Sun,4.0,2024-06-29,positive
V1926,Cliffhanger,3.0,2025-03-09,neutral
V1926,In the Line of Fire,5.0,2024-01-18,positive
V1927,Mars Attacks!,3.0,2025-09-09,neutral
V1928,Crimson Tide,4.0,2024-04-13,positive
V1928,Clear and Present Danger,4.0,2024-07-02,positive
V1928,Cliffhanger,5.0,2025-04-18,positive
V1930,Jaws,4.5,2024-07-02,positive
V1930,School of Rock,3.0,2024-07-10,neutral
V1931,Crimson Tide,4.0,2024-11-29,positive
V1931,Clear and Present Danger,4.0,2024-10-05,positive
V1931,Cliffhanger,5.0,2025-05-27,positive
V1931,House Party 3,4.0,2025-02-07,positive
V1931,In the Line of Fire,5.0,2025-04-25,positive
V1934,Jaws 2,3.0,2024-09-04,neutral
V1935,Crimson Tide,3.5,2025-01-11,neutral
V1935,Training Day,4.0,2025-04-18,positive
V1935,School of Rock,2.5,2025-12-28,neutral
V1936,Clear and Present Danger,4.0,2024-06-14,positive
V1937,Jaws,4.0,2024-02-13,positive
V1941,Mystery Men,3.0,2024-05-19,neutral
V1942,Crimson Tide,4.0,2025-06-25,positive
V1942,Clear and Present Danger,4.0,2025-02-08,positive
V1942,Cliffhanger,2.0,2025-02-17,negative
V1942,In the Line of Fire,4.0,2025-10-24,positive
V1942,Jaws,4.0,2025-09-12,positive
V1942,Mars Attacks!,4.0,2025-02-18,positive
V1942,Labyrinth,4.0,2025-02-21,positive
V1947,Cliffhanger,4.0,2025-05-26,positive
V1949,Cliffhanger,3.0,2024-07-30,neutral
V1949,Mystery Men,2.0,2025-01-11,negative
V1951,Mars Attacks!,4.0,2025-09-10,positive
V1953,Mars Attacks!,3.0,2025-01-19,neutral
V1954,Training Day,3.0,2024-11-18,neutral
V1955,Mars Attacks!,2.0,2024-01-17,negative
V1959,Cliffhanger,3.5,2025-10-15,neutral
V1959,Training Day,4.0,2025-08-27,positive
V1959,Tears of the Sun,3.0,2024-05-23,neutral
V1959,School of Rock,3.0,2025-02-09,neutral
V1960,Do the Right Thing,3.5,2024-08-20,neutral
V1963,Once Upon a Time in America,3.5,2025-05-13,neutral
V1963,Jaws,4.0,2025-04-21,positive
V1963,Do the Right Thing,4.0,2025-04-19,positive
V1963,Training Day,4.0,2024-02-22,positive
V1963,School of Rock,3.0,2025-10-17,neutral
V1964,Crimson Tide,5.0,2025-01-18,positive
V1966,Clear and Present Danger,3.0,2025-01-30,neutral
V1966,In the Line of Fire,3.0,2025-03-19,neutral
V1966,Jaws,4.0,2024-12-29,positive
V1966,Labyrinth,3.0,2025-05-03,neutral
V1966,Mystery Men,1.0,2025-05-05,negative
V1966,Do the Right Thing,4.5,2024-07-17,positive
V1966,Training Day,3.0,2024-06-18,neutral
V1966,Tears of the Sun,3.5,2024-05-29,neutral
V1966,School of Rock,3.5,2024-10-03,neutral
V1966,In the Cut,2.5,2024-08-11,neutral
V1966,Cold Mountain,4.5,2024-01-25,positive
V1967,Labyrinth,1.0,2025-09-19,negative
V1970,Crimson Tide,3.0,2024-11-30,neutral
V1970,Clear and Present Danger,3.0,2025-06-13,neutral
V1970,In the Line of Fire,3.0,2025-03-24,neutral
V1970,Jaws,3.0,2025-06-10,neutral
V1970,Mars Attacks!,3.0,2025-07-15,neutral
V1971,Clear and Present Danger,4.0,2025-06-02,positive
V1971,In the Line of Fire,3.5,2024-06-06,neutral
V1972,Crimson Tide,4.0,2024-12-04,positive
V1972,Clear and Present Danger,3.0,2025-10-12,neutral
V1972,In the Line of Fire,5.0,2024-07-20,positive
V1972,Heavy,2.0,2024-10-09,negative
V1972,Once Upon a Time in America,3.0,2024-02-15,neutral
V1972,Jaws,5.0,2024-05-16,positive
V1972,Jaws 2,4.0,2024-07-17,positive
V1972,Mars Attacks!,5.0,2024-06-04,positive
V1972,Mystery Men,4.0,2024-09-18,positive
V1972,Do the Right Thing,4.0,2024-03-08,positive
V1973,Crimson Tide,5.0,2024-09-28,positive
V1973,Clear and Present Danger,5.0,2024-03-08,positive
V1973,Cliffhanger,3.0,2024-06-18,neutral
V1973,In the Line of Fire,5.0,2024-04-26,positive
V1975,Crimson Tide,4.0,2024-12-16,positive
V1975,Clear and Present Danger,4.0,2025-01-16,positive
V1975,Cliffhanger,4.0,2024-09-21,positive
V1978,Jaws,4.0,2024-12-04,positive
V1980,Jaws,5.0,2025-06-23,positive
V1983,Crimson Tide,3.0,2025-08-26,neutral
V1984,School of Rock,3.5,2025-08-31,neutral
V1985,Crimson Tide,4.0,2024-08-19,positive
V1985,Clear and Present Danger,3.0,2025-05-09,neutral
V1985,Cliffhanger,3.0,2025-06-05,neutral
V1985,In the Line of Fire,4.0,2025-02-18,positive
V1988,Crimson Tide,4.0,2024-11-03,positive
V1988,Clear and Present Danger,4.0,2024-04-19,positive
V1988,Cliffhanger,2.0,2024-08-16,negative
V1988,Jaws,5.0,2024-09-11,positive
V1988,Cold Mountain,4.5,2024-04-10,positive
V1992,Mars Attacks!,2.0,2025-01-06,negative
V1995,Clear and Present Danger,2.0,2025-03-05,negative
V1995,Cliffhanger,4.0,2024-03-24,positive
V1997,Mystery Men,1.5,2025-05-07,negative
V1998,Crimson Tide,4.0,2024-03-08,positive
V1998,Clear and Present Danger,5.0,2024-02-28,positive
V1998,Cliffhanger,5.0,2025-03-18,positive
V1999,Mystery Men,4.0,2024-02-01,positive
V1999,In Too Deep,4.0,2024-05-01,positive
V0483,Stellar Run,4.8,2025-12-22,positive
V0812,Stellar Run,4.6,2025-09-28,positive
V0587,Stellar Run,3.3,2025-11-18,neutral
V1225,Stellar Run,2.7,2025-11-15,neutral
V0169,Stellar Run,2.9,2025-12-11,neutral
V0878,Stellar Run,4.9,2025-12-24,positive
V1655,Stellar Run,2.6,2025-11-22,neutral
V0966,Stellar Run,5.0,2025-09-05,positive
V0752,Stellar Run,4.2,2025-11-27,positive
V1365,Stellar Run,4.7,2025-09-12,positive
V0677,Stellar Run,2.7,2025-09-05,neutral
V0081,Stellar Run,3.0,2025-09-01,neutral
V0349,Stellar Run,2.8,2025-12-15,neutral
V1216,Stellar Run,2.7,2025-11-18,neutral
V1255,Stellar Run,4.0,2025-09-18,positive
V0533,Stellar Run,3.8,2025-11-22,neutral
V1017,Stellar Run,2.6,2025-09-29,neutral
V1746,Stellar Run,3.7,2025-11-25,neutral
V0927,Stellar Run,3.2,2025-12-31,neutral
V1446,Stellar Run,3.1,2025-10-24,neutral
V1735,Stellar Run,3.1,2025-11-25,neutral
V0305,Stellar Run,2.6,2025-09-20,neutral
V1793,Stellar Run,3.6,2025-09-19,neutral
V0306,Stellar Run,4.2,2025-10-07,positive
V1187,Stellar Run,3.5,2025-12-01,neutral
V1905,Stellar Run,3.9,2025-11-25,neutral
V1204,Stellar Run,4.7,2025-12-29,positive
V1344,Stellar Run,3.0,2025-10-17,neutral
V0136,Stellar Run,4.5,2025-09-05,positive
V0798,Stellar Run,4.1,2025-12-14,positive
V0815,Stellar Run,2.8,2025-12-20,neutral
V0670,Stellar Run,4.9,2025-10-25,positive
V1540,Stellar Run,2.5,2025-12-21,neutral
V1605,Stellar Run,3.7,2025-10-03,neutral
V0686,Stellar Run,3.1,2025-09-06,neutral
V1237,Stellar Run,4.3,2025-10-06,positive
V0856,Stellar Run,3.4,2025-12-08,neutral
V0703,Stellar Run,2.8,2025-10-18,neutral
V1581,Stellar Run,3.3,2025-09-26,neutral
V1349,Stellar Run,4.7,2025-10-06,positive
V1210,Stellar Run,3.6,2025-12-28,neutral
V1946,Stellar Run,4.0,2025-10-29,positive
V0595,Stellar Run,3.2,2025-12-06,neutral
V0037,Stellar Run,4.5,2025-11-15,positive
V0972,Stellar Run,4.7,2025-12-28,positive
V1172,Stellar Run,4.0,2025-12-28,positive
V0921,Stellar Run,4.6,2025-10-09,positive
V1673,Stellar Run,3.1,2025-11-25,neutral
V0544,Stellar Run,3.1,2025-11-07,neutral
V1683,Stellar Run,3.6,2025-10-01,neutral
V1964,Stellar Run,3.8,2025-12-12,neutral
V1843,Stellar Run,3.8,2025-12-30,neutral
V1951,Stellar Run,4.0,2025-12-10,positive
V0105,Stellar Run,4.2,2025-11-14,positive
V0589,Stellar Run,5.0,2025-12-19,positive
V1149,Stellar Run,3.0,2025-09-23,neutral
V1404,Stellar Run,3.1,2025-09-11,neutral
V0983,Stellar Run,4.4,2025-09-13,positive
V0529,Stellar Run,3.1,2025-11-24,neutral
V0332,Stellar Run,3.4,2025-09-27,neutral
V1567,Stellar Run,4.2,2025-10-10,positive
V1309,Stellar Run,4.7,2025-09-10,positive
V1748,Stellar Run,4.4,2025-10-01,positive
V1554,Stellar Run,3.6,2025-09-23,neutral
V0249,Stellar Run,3.8,2025-12-08,neutral
V1047,Stellar Run,3.2,2025-11-01,neutral
V0171,Stellar Run,2.9,2025-12-10,neutral
V1652,Stellar Run,4.3,2025-11-09,positive
V1866,Stellar Run,4.4,2025-12-12,positive
V0130,Stellar Run,3.8,2025-09-19,neutral
V1413,Stellar Run,4.8,2025-09-25,positive
V1294,Stellar Run,3.5,2025-09-04,neutral
V1550,Stellar Run,4.4,2025-09-14,positive
V0825,Stellar Run,4.1,2025-09-22,positive
V1585,Stellar Run,4.9,2025-12-05,positive
V1526,Stellar Run,4.8,2025-12-16,positive
V1013,Stellar Run,3.3,2025-12-08,neutral
V0756,Stellar Run,3.6,2025-12-25,neutral
V0008,Stellar Run,4.2,2025-10-16,positive
V0763,Stellar Run,4.6,2025-10-14,positive
V1986,Stellar Run,2.8,2025-12-20,neutral
V0197,Stellar Run,2.8,2025-11-06,neutral
V0279,Stellar Run,3.9,2025-11-03,neutral
V1560,Stellar Run,2.6,2025-09-16,neutral
V1711,Stellar Run,3.8,2025-10-11,neutral
V0872,Stellar Run,2.6,2025-09-05,neutral
V0615,Stellar Run,4.5,2025-09-18,positive
V0314,Stellar Run,5.0,2025-10-14,positive
V1998,Stellar Run,3.3,2025-10-17,neutral
V0615,Stellar Run,3.2,2025-09-03,neutral
V0379,Stellar Run,4.8,2025-09-12,positive
V1235,Stellar Run,2.8,2025-12-19,neutral
V1997,Stellar Run,4.7,2025-12-08,positive
V0375,Stellar Run,2.7,2025-09-28,neutral
V0101,Stellar Run,3.9,2025-10-10,neutral
V1109,Stellar Run,4.8,2025-12-13,positive
V1783,Stellar Run,3.9,2025-11-09,neutral
V0610,Stellar Run,4.8,2025-12-24,positive
V0639,Stellar Run,3.2,2025-09-12,neutral
V0107,Stellar Run,4.9,2025-09-09,positive
V0009,Stellar Run,3.7,2025-12-24,neutral
V0740,Stellar Run,2.9,2025-11-09,neutral
V1925,Stellar Run,2.7,2025-12-24,neutral
V0345,Stellar Run,4.3,2025-11-23,positive
V0213,Stellar Run,3.0,2025-12-13,neutral
V1451,Stellar Run,4.6,2025-09-22,positive
V1398,Stellar Run,2.5,2025-10-01,neutral
V1072,Stellar Run,4.4,2025-11-13,positive
V0385,Stellar Run,3.6,2025-11-10,neutral
V1256,Stellar Run,3.8,2025-10-20,neutral
V0706,Stellar Run,3.5,2025-10-22,neutral
V1185,Stellar Run,4.6,2025-10-05,positive
V0256,Stellar Run,4.0,2025-10-24,positive
V0003,Stellar Run,4.4,2025-10-22,positive
V1416,Stellar Run,4.1,2025-11-13,positive
V0246,Stellar Run,2.6,2025-10-02,neutral
V0512,Stellar Run,3.5,2025-12-03,neutral
V1977,Stellar Run,3.9,2025-10-06,neutral
V1335,Stellar Run,4.2,2025-12-01,positive
V0220,Dark Orbit,2.9,2025-06-24,neutral
V1484,Dark Orbit,4.7,2025-11-28,positive
V0666,Dark Orbit,3.8,2025-07-30,neutral
V0564,Dark Orbit,4.6,2025-08-16,positive
V0299,Dark Orbit,3.0,2025-04-16,neutral
V1364,Dark Orbit,3.7,2025-12-06,neutral
V0561,Dark Orbit,2.5,2025-08-12,neutral
V0950,Dark Orbit,4.7,2025-03-23,positive
V0123,Dark Orbit,3.0,2025-08-23,neutral
V0227,Dark Orbit,3.2,2025-05-28,neutral
V0873,Dark Orbit,4.4,2025-01-08,positive
V0134,Dark Orbit,3.3,2025-10-28,neutral
V0460,Dark Orbit,4.7,2025-08-19,positive
V1720,Dark Orbit,3.2,2025-09-02,neutral
V0984,Dark Orbit,2.8,2025-04-23,neutral
V1600,Dark Orbit,3.5,2025-05-01,neutral
V1943,Dark Orbit,4.8,2025-10-10,positive
V0225,Dark Orbit,3.8,2025-05-18,neutral
V1413,Dark Orbit,4.1,2025-02-20,positive
V1638,Dark Orbit,2.6,2025-06-08,neutral
V1162,Dark Orbit,3.2,2025-02-24,neutral
V1659,Dark Orbit,4.2,2025-05-06,positive
V1139,Dark Orbit,4.8,2025-11-11,positive
V1888,Dark Orbit,4.9,2025-04-04,positive
V0007,Dark Orbit,3.3,2025-03-18,neutral
V1413,Dark Orbit,3.4,2025-10-11,neutral
V0986,Dark Orbit,4.3,2025-04-10,positive
V1477,Dark Orbit,4.5,2025-08-06,positive
V1201,Dark Orbit,4.2,2025-04-13,positive
V1968,Dark Orbit,3.4,2025-11-05,neutral
V0779,Dark Orbit,4.7,2025-08-30,positive
V0666,Dark Orbit,3.4,2025-01-24,neutral
V1555,Dark Orbit,3.7,2025-05-04,neutral
V0883,Dark Orbit,2.7,2025-10-15,neutral
V1158,Dark Orbit,4.7,2025-03-12,positive
V0420,Dark Orbit,5.0,2025-08-28,positive
V0149,Dark Orbit,4.9,2025-02-22,positive
V0904,Dark Orbit,3.0,2025-03-11,neutral
V0760,Dark Orbit,2.5,2025-02-19,neutral
V1204,Dark Orbit,3.2,2025-07-29,neutral
V1206,Dark Orbit,2.7,2025-08-19,neutral
V1892,Dark Orbit,2.7,2025-05-02,neutral
V0513,Dark Orbit,4.1,2025-11-03,positive
V1559,Dark Orbit,4.2,2025-05-04,positive
V1109,Dark Orbit,4.2,2025-03-27,positive
V0014,Dark Orbit,3.0,2025-09-08,neutral
V0844,Dark Orbit,3.8,2025-06-19,neutral
V0470,Dark Orbit,3.6,2025-10-22,neutral
V0715,Dark Orbit,3.9,2025-07-02,neutral
V0337,Dark Orbit,5.0,2025-01-14,positive
V1171,Dark Orbit,3.0,2025-01-11,neutral
V1685,Dark Orbit,2.6,2025-03-22,neutral
V0368,Dark Orbit,3.0,2025-04-11,neutral
V0605,Dark Orbit,3.6,2025-08-24,neutral
V1267,Dark Orbit,4.3,2025-03-10,positive
V1483,Dark Orbit,4.4,2025-04-15,positive
V1559,Dark Orbit,3.6,2025-06-03,neutral
V1409,Dark Orbit,2.9,2025-02-02,neutral
V0775,Dark Orbit,2.6,2025-01-04,neutral
V0359,Dark Orbit,3.6,2025-12-17,neutral
V0174,Dark Orbit,2.9,2025-03-22,neutral
V0223,Dark Orbit,4.5,2025-08-11,positive
V0546,Dark Orbit,4.7,2025-09-24,positive
V1088,Dark Orbit,4.8,2025-10-30,positive
V0676,Dark Orbit,5.0,2025-08-20,positive
V1092,Dark Orbit,4.9,2025-12-05,positive
V0871,Dark Orbit,4.5,2025-03-30,positive
V0572,Dark Orbit,3.0,2025-06-11,neutral
V1503,Dark Orbit,3.2,2025-01-11,neutral
V1583,Dark Orbit,2.7,2025-10-02,neutral
V1191,Dark Orbit,2.8,2025-03-01,neutral
V0111,Dark Orbit,3.8,2025-04-28,neutral
V1756,Dark Orbit,3.5,2025-02-27,neutral
V1331,Dark Orbit,4.5,2025-10-25,positive
V0109,Dark Orbit,4.7,2025-09-23,positive
V1637,Dark Orbit,2.6,2025-03-06,neutral
V1758,Dark Orbit,2.7,2025-11-07,neutral
V1104,Dark Orbit,3.8,2025-10-10,neutral
V0192,Dark Orbit,3.9,2025-05-13,neutral
V1696,Dark Orbit,3.7,2025-04-02,neutral
V1717,Dark Orbit,4.5,2025-04-16,positive
V1432,Dark Orbit,2.9,2025-11-22,neutral
V0906,Dark Orbit,4.1,2025-02-06,positive
V0165,Dark Orbit,4.2,2025-06-14,positive
V1736,Dark Orbit,4.4,2025-06-22,positive
V1598,Dark Orbit,4.2,2025-01-14,positive
V1768,Dark Orbit,2.9,2025-01-16,neutral
V1521,Dark Orbit,2.7,2025-11-23,neutral
V0390,Dark Orbit,2.7,2025-09-04,neutral
V1605,Dark Orbit,2.6,2025-10-03,neutral
V1292,Dark Orbit,2.9,2025-11-06,neutral
V0724,Dark Orbit,2.8,2025-06-10,neutral
V1873,Dark Orbit,4.4,2025-09-16,positive
V0535,Dark Orbit,4.5,2025-03-23,positive
V1230,Dark Orbit,3.7,2025-12-09,neutral
V1006,Dark Orbit,2.7,2025-09-25,neutral
V0360,Dark Orbit,4.5,2025-05-28,positive
V0644,Dark Orbit,3.8,2025-07-14,neutral
V0958,Dark Orbit,2.6,2025-01-14,neutral
V1356,Dark Orbit,3.4,2025-05-14,neutral
V1304,Dark Orbit,4.3,2025-06-24,positive
V0564,Dark Orbit,3.4,2025-09-29,neutral
V0252,Dark Orbit,4.5,2025-05-01,positive
V1048,Dark Orbit,3.4,2025-04-27,neutral
V0101,Dark Orbit,2.9,2025-07-07,neutral
V1182,Dark Orbit,3.9,2025-07-12,neutral
V0081,Dark Orbit,3.5,2025-11-17,neutral
V0493,Dark Orbit,4.0,2025-07-30,positive
V0943,Dark Orbit,5.0,2025-11-13,positive
V1582,Dark Orbit,4.9,2025-11-16,positive
V1754,Dark Orbit,2.7,2025-09-27,neutral
V0549,Dark Orbit,4.7,2025-01-25,positive
V0518,Dark Orbit,3.9,2025-09-28,neutral
V1084,Dark Orbit,4.3,2025-01-03,positive
V1971,Dark Orbit,4.9,2025-11-26,positive
V1021,Dark Orbit,3.4,2025-05-08,neutral
V1565,Dark Orbit,2.7,2025-04-07,neutral
V0549,Dark Orbit,2.7,2025-05-05,neutral
V1427,Dark Orbit,3.2,2025-07-24,neutral
V0350,Dark Orbit,4.2,2025-09-25,positive
V1497,Dark Orbit,2.9,2025-06-07,neutral
V0498,Dark Orbit,2.8,2025-08-03,neutral
V1480,Dark Orbit,2.8,2025-09-28,neutral
V1968,Dark Orbit,4.7,2025-05-09,positive
V1684,Dark Orbit,5.0,2025-07-19,positive
V0799,Dark Orbit,4.4,2025-03-22,positive
V1552,Dark Orbit,2.6,2025-05-29,neutral
V0826,Dark Orbit,3.4,2025-04-28,neutral
V1114,Dark Orbit,3.0,2025-12-16,neutral
V1773,Dark Orbit,3.7,2025-01-12,neutral
V0631,Dark Orbit,4.7,2025-07-30,positive
V1051,Dark Orbit,3.8,2025-10-22,neutral
V1881,Last Kingdom,4.3,2025-01-12,positive
V0755,Last Kingdom,3.8,2025-05-04,neutral
V0366,Last Kingdom,4.9,2025-05-22,positive
V0954,Last Kingdom,2.7,2025-11-09,neutral
V1410,Last Kingdom,4.2,2025-06-24,positive
V0118,Last Kingdom,4.8,2025-05-30,positive
V0428,Last Kingdom,3.8,2025-07-01,neutral
V1203,Last Kingdom,2.8,2025-06-11,neutral
V1492,Last Kingdom,4.5,2025-04-24,positive
V0185,Last Kingdom,3.6,2025-02-18,neutral
V0956,Last Kingdom,4.0,2025-03-05,positive
V0407,Last Kingdom,4.1,2025-05-04,positive
V0406,Last Kingdom,3.5,2025-09-10,neutral
V0662,Last Kingdom,3.5,2025-04-26,neutral
V0072,Last Kingdom,4.8,2025-02-09,positive
V1254,Last Kingdom,4.9,2025-09-16,positive
V0798,Last Kingdom,3.8,2025-02-18,neutral
V0834,Last Kingdom,3.8,2025-10-10,neutral
V0018,Last Kingdom,3.0,2025-01-06,neutral
V0055,Last Kingdom,3.3,2025-01-16,neutral
V0850,Last Kingdom,4.6,2025-02-27,positive
V1073,Last Kingdom,3.4,2025-01-07,neutral
V0968,Last Kingdom,3.2,2025-11-23,neutral
V0581,Last Kingdom,4.3,2025-11-02,positive
V0851,Last Kingdom,4.2,2025-01-02,positive
V0803,Last Kingdom,3.4,2025-07-08,neutral
V1815,Last Kingdom,4.0,2025-01-30,positive
V1656,Last Kingdom,4.1,2025-03-05,positive
V1178,Last Kingdom,3.2,2025-05-27,neutral
V0474,Last Kingdom,3.4,2025-07-23,neutral
V0055,Last Kingdom,5.0,2025-10-28,positive
V0399,Last Kingdom,2.9,2025-03-29,neutral
V0442,Last Kingdom,2.9,2025-11-07,neutral
V0492,Last Kingdom,3.3,2025-08-20,neutral
V0158,Last Kingdom,2.6,2025-02-17,neutral
V1528,Last Kingdom,3.8,2025-05-31,neutral
V1927,Last Kingdom,4.1,2025-01-22,positive
V1594,Last Kingdom,4.8,2025-06-22,positive
V0878,Last Kingdom,4.4,2025-08-11,positive
V1064,Last Kingdom,4.4,2025-12-22,positive
V0874,Last Kingdom,4.9,2025-01-10,positive
V1792,Last Kingdom,3.0,2025-01-29,neutral
V0800,Last Kingdom,2.7,2025-07-23,neutral
V1785,Last Kingdom,4.2,2025-01-14,positive
V0149,Last Kingdom,3.0,2025-06-14,neutral
V1952,Last Kingdom,3.1,2025-03-31,neutral
V0698,Last Kingdom,3.6,2025-07-02,neutral
V1127,Last Kingdom,2.8,2025-04-04,neutral
V1283,Last Kingdom,3.9,2025-09-06,neutral
V1849,Last Kingdom,5.0,2025-03-15,positive
V1703,Last Kingdom,4.9,2025-05-16,positive
V0238,Last Kingdom,3.9,2025-05-04,neutral
V1626,Last Kingdom,4.5,2025-09-28,positive
V0702,Last Kingdom,4.7,2025-06-02,positive
V1870,Last Kingdom,3.8,2025-10-09,neutral
V0835,Last Kingdom,4.1,2025-01-24,positive
V1259,Last Kingdom,4.2,2025-03-05,positive
V0925,Last Kingdom,4.0,2025-12-20,positive
V0098,Last Kingdom,3.9,2025-09-17,neutral
V1450,Last Kingdom,3.2,2025-02-03,neutral
V0373,Last Kingdom,3.6,2025-01-09,neutral
V0523,Last Kingdom,3.5,2025-10-26,neutral
V1225,Last Kingdom,4.9,2025-12-28,positive
V0862,Last Kingdom,3.4,2025-11-16,neutral
V1599,Last Kingdom,3.9,2025-12-03,neutral
V1239,Last Kingdom,4.2,2025-11-04,positive
V1559,Last Kingdom,3.8,2025-08-22,neutral
V0298,Last Kingdom,3.9,2025-10-02,neutral
V1305,Last Kingdom,3.3,2025-10-19,neutral
V0211,Last Kingdom,3.8,2025-05-31,neutral
V0635,Last Kingdom,4.9,2025-10-19,positive
V0399,Last Kingdom,2.8,2025-03-31,neutral
V1719,Last Kingdom,2.9,2025-04-25,neutral
V1985,Last Kingdom,3.9,2025-08-09,neutral
V1921,Last Kingdom,4.2,2025-01-29,positive
V1143,Last Kingdom,4.1,2025-08-31,positive
V0937,Last Kingdom,2.6,2025-08-02,neutral
V0906,Last Kingdom,3.3,2025-03-31,neutral
V1932,Last Kingdom,3.1,2025-04-27,neutral
V1373,Last Kingdom,3.4,2025-12-06,neutral
V0500,Last Kingdom,4.7,2025-09-24,positive
V1551,Last Kingdom,5.0,2025-01-09,positive
V1696,Last Kingdom,4.9,2025-01-02,positive
V1818,Last Kingdom,2.9,2025-12-06,neutral
V1424,Last Kingdom,3.4,2025-10-17,neutral
V1125,Last Kingdom,4.4,2025-03-17,positive
V1116,Last Kingdom,4.2,2025-12-13,positive
V0192,Last Kingdom,3.4,2025-10-09,neutral
V0834,Last Kingdom,4.6,2025-11-19,positive
V0031,Last Kingdom,3.6,2025-10-15,neutral
V1377,Last Kingdom,4.4,2025-12-18,positive
V1654,Last Kingdom,3.3,2025-09-28,neutral
V1892,Last Kingdom,3.0,2025-03-03,neutral
V0547,Last Kingdom,3.1,2025-07-24,neutral
V1631,Last Kingdom,3.2,2025-06-09,neutral
V1842,Last Kingdom,4.6,2025-01-21,positive
V0337,Last Kingdom,2.5,2025-09-02,neutral
V1368,Last Kingdom,3.5,2025-09-21,neutral
V1813,Last Kingdom,2.6,2025-07-19,neutral
V1708,Last Kingdom,2.7,2025-07-18,neutral
V1369,Last Kingdom,3.3,2025-04-09,neutral
V1986,Last Kingdom,2.7,2025-01-14,neutral
V1081,Last Kingdom,3.2,2025-01-29,neutral
V0601,Last Kingdom,4.6,2025-11-19,positive
V0659,Last Kingdom,4.4,2025-01-28,positive
V1768,Last Kingdom,4.7,2025-11-19,positive
V1945,Last Kingdom,4.1,2025-08-15,positive
V0104,Last Kingdom,3.2,2025-07-08,neutral
V0035,Last Kingdom,4.0,2025-09-11,positive
V0801,Last Kingdom,4.9,2025-03-25,positive
V1814,Last Kingdom,4.4,2025-03-13,positive
V0844,Last Kingdom,2.8,2025-12-10,neutral
V0040,Last Kingdom,4.4,2025-10-12,positive
V1008,Last Kingdom,4.8,2025-11-17,positive
V1891,Last Kingdom,3.9,2025-01-25,neutral
V1910,Last Kingdom,4.4,2025-11-05,positive
V0047,Last Kingdom,4.2,2025-07-23,positive
V0539,Last Kingdom,3.0,2025-02-04,neutral
V0930,Last Kingdom,2.8,2025-04-29,neutral
V1908,Last Kingdom,4.8,2025-06-10,positive
V0415,Last Kingdom,3.5,2025-06-26,neutral
V0957,Last Kingdom,3.7,2025-10-06,neutral
V0420,Last Kingdom,2.7,2025-03-26,neutral
V0335,Last Kingdom,3.0,2025-01-01,neutral
V0865,Last Kingdom,4.9,2025-05-02,positive
V0651,Last Kingdom,3.9,2025-03-09,neutral
V2000,Last Kingdom,3.0,2025-06-26,neutral
V0917,Last Kingdom,3.9,2025-02-08,neutral
V0629,Last Kingdom,4.3,2025-05-16,positive
V0346,Last Kingdom,2.9,2025-10-24,neutral
V0811,Last Kingdom,4.9,2025-05-31,positive
V0194,Last Kingdom,5.0,2025-08-09,positive
V0485,Last Kingdom,3.1,2025-08-20,neutral
V0209,Last Kingdom,2.8,2025-07-23,neutral
V0291,Last Kingdom,3.7,2025-08-26,neutral
V1052,Last Kingdom,2.7,2025-03-29,neutral
V1708,Last Kingdom,4.7,2025-03-24,positive
V1832,Last Kingdom,3.0,2025-10-29,neutral
V1287,Last Kingdom,4.8,2025-04-10,positive
V0860,Last Kingdom,3.4,2025-03-29,neutral
V1700,Last Kingdom,4.2,2025-09-09,positive
V0897,Last Kingdom,4.7,2025-04-30,positive
V0475,Last Kingdom,2.8,2025-10-04,neutral
V1056,Last Kingdom,5.0,2025-04-01,positive
V0837,Last Kingdom,3.9,2025-01-15,neutral
V0921,Last Kingdom,4.3,2025-01-12,positive
V1116,Last Kingdom,4.2,2025-11-22,positive
V0244,Last Kingdom,2.7,2025-08-21,neutral
V1764,Last Kingdom,3.5,2025-09-12,neutral
V1598,Last Kingdom,2.5,2025-03-17,neutral
V1566,Last Kingdom,2.9,2025-01-02,neutral
V1350,Last Kingdom,4.1,2025-03-29,positive
V0672,Last Kingdom,5.0,2025-12-12,positive
V1391,Last Kingdom,4.4,2025-12-04,positive
V1105,Last Kingdom,4.2,2025-08-18,positive
V0830,Last Kingdom,2.7,2025-10-19,neutral
V1334,Last Kingdom,3.9,2025-03-31,neutral
V0671,Last Kingdom,3.6,2025-10-18,neutral
V1217,Last Kingdom,3.8,2025-01-21,neutral
V1397,Last Kingdom,4.1,2025-05-18,positive
V1110,Last Kingdom,4.7,2025-05-28,positive
V1952,Last Kingdom,4.8,2025-03-23,positive
V1743,Last Kingdom,4.9,2025-06-19,positive
V1417,Last Kingdom,3.9,2025-04-28,neutral
V1997,Last Kingdom,3.1,2025-11-03,neutral
V1985,Last Kingdom,3.2,2025-05-30,neutral
V1241,Last Kingdom,4.0,2025-06-22,positive
V1134,Last Kingdom,2.7,2025-11-19,neutral
V0711,Last Kingdom,3.8,2025-08-20,neutral
V1972,Last Kingdom,3.6,2025-01-19,neutral
V0732,Last Kingdom,3.9,2025-04-02,neutral
V0917,Last Kingdom,3.8,2025-07-19,neutral
V1991,Last Kingdom,4.8,2025-12-03,positive
V0926,Last Kingdom,2.7,2025-05-21,neutral
V1258,Last Kingdom,4.2,2025-02-02,positive
V0945,Last Kingdom,3.7,2025-09-11,neutral
V1110,Last Kingdom,3.9,2025-03-18,neutral
V0894,Last Kingdom,4.6,2025-09-16,positive
V1715,Last Kingdom,3.9,2025-03-08,neutral
V1012,Last Kingdom,3.8,2025-01-20,neutral
V1396,Last Kingdom,4.1,2025-09-26,positive
V1398,Last Kingdom,3.4,2025-11-17,neutral
V1425,Last Kingdom,4.2,2025-05-18,positive
V1778,Last Kingdom,3.5,2025-07-04,neutral
V1491,Last Kingdom,3.6,2025-11-14,neutral
V0079,Last Kingdom,2.9,2025-01-16,neutral
V1843,Last Kingdom,4.4,2025-10-05,positive
V1746,Last Kingdom,3.0,2025-07-11,neutral
V1073,Last Kingdom,3.5,2025-07-21,neutral
V0288,Last Kingdom,4.0,2025-06-30,positive
V0381,Last Kingdom,4.9,2025-11-23,positive
V1400,Last Kingdom,4.6,2025-09-30,positive
V1617,Last Kingdom,3.1,2025-07-20,neutral
V1927,Last Kingdom,4.8,2025-04-10,positive
V1173,Last Kingdom,2.9,2025-02-22,neutral
V0164,Last Kingdom,3.3,2025-12-17,neutral
V1092,Last Kingdom,4.8,2025-06-22,positive
V1872,Echo Valley,4.9,2025-06-25,positive
V0352,Echo Valley,3.1,2025-07-26,neutral
V1423,Echo Valley,4.0,2025-04-24,positive
V1406,Echo Valley,4.7,2025-07-09,positive
V1925,Echo Valley,4.3,2025-09-16,positive
V0757,Echo Valley,4.1,2025-07-07,positive
V1063,Echo Valley,4.9,2025-05-15,positive
V1145,Echo Valley,3.3,2025-06-16,neutral
V0999,Echo Valley,3.2,2025-12-15,neutral
V0016,Echo Valley,4.1,2025-04-10,positive
V1798,Echo Valley,4.6,2025-12-12,positive
V0153,Echo Valley,4.0,2025-02-27,positive
V0338,Echo Valley,4.6,2025-01-25,positive
V0684,Echo Valley,4.5,2025-10-25,positive
V0177,Echo Valley,3.3,2025-07-06,neutral
V0667,Echo Valley,3.3,2025-05-31,neutral
V0672,Echo Valley,4.3,2025-04-14,positive
V0750,Echo Valley,4.5,2025-11-14,positive
V0975,Echo Valley,4.5,2025-09-26,positive
V0917,Echo Valley,4.9,2025-06-12,positive
V0545,Echo Valley,4.1,2025-03-18,positive
V0224,Echo Valley,4.5,2025-05-26,positive
V0073,Echo Valley,3.5,2025-07-01,neutral
V1084,Echo Valley,3.8,2025-03-04,neutral
V1150,Echo Valley,4.6,2025-01-31,positive
V1552,Echo Valley,3.4,2025-09-02,neutral
V0482,Echo Valley,4.6,2025-09-21,positive
V0714,Echo Valley,2.8,2025-07-25,neutral
V0678,Echo Valley,4.5,2025-10-13,positive
V0877,Echo Valley,3.3,2025-08-02,neutral
V1583,Echo Valley,4.5,2025-10-26,positive
V0922,Echo Valley,3.2,2025-10-03,neutral
V0344,Echo Valley,3.3,2025-03-12,neutral
V0691,Echo Valley,4.1,2025-12-09,positive
V1501,Echo Valley,3.4,2025-10-29,neutral
V1776,Echo Valley,4.6,2025-06-12,positive
V0590,Echo Valley,3.3,2025-04-02,neutral
V1259,Echo Valley,4.5,2025-03-02,positive
V0877,Echo Valley,4.8,2025-06-20,positive
V0013,Echo Valley,4.5,2025-01-21,positive
V0763,Echo Valley,4.1,2025-11-24,positive
V0476,Echo Valley,2.8,2025-02-07,neutral
V1797,Echo Valley,4.7,2025-03-01,positive
V0142,Echo Valley,3.3,2025-04-17,neutral
V0070,Echo Valley,4.1,2025-09-25,positive
V1138,Echo Valley,3.2,2025-04-04,neutral
V0583,Echo Valley,3.5,2025-09-24,neutral
V1202,Echo Valley,3.7,2025-11-14,neutral
V1024,Echo Valley,3.1,2025-12-20,neutral
V0920,Echo Valley,4.3,2025-11-23,positive
V0600,Echo Valley,4.4,2025-11-26,positive
V0266,Echo Valley,5.0,2025-07-07,positive
V1442,Echo Valley,3.2,2025-03-27,neutral
V1945,Echo Valley,4.5,2025-02-05,positive
V0355,Echo Valley,4.5,2025-12-29,positive
V1510,Echo Valley,2.7,2025-03-10,neutral
V0410,Echo Valley,4.6,2025-11-07,positive
V0015,Echo Valley,2.7,2025-11-17,neutral
V0773,Echo Valley,3.8,2025-01-05,neutral
V0851,Echo Valley,3.0,2025-05-15,neutral
V1133,Echo Valley,3.8,2025-08-26,neutral
V1571,Echo Valley,4.3,2025-08-30,positive
V1363,Echo Valley,3.0,2025-08-22,neutral
V0717,Echo Valley,3.2,2025-09-03,neutral
V1994,Echo Valley,3.2,2025-07-05,neutral
V0278,Echo Valley,3.9,2025-07-14,neutral
V0067,Echo Valley,2.7,2025-06-16,neutral
V1673,Echo Valley,3.5,2025-12-09,neutral
V1347,Echo Valley,2.8,2025-10-11,neutral
V0109,Echo Valley,4.3,2025-10-09,positive
V1967,Echo Valley,2.9,2025-03-03,neutral
V0937,Echo Valley,3.6,2025-12-18,neutral
V1469,Echo Valley,4.1,2025-04-22,positive
V1980,Echo Valley,4.8,2025-04-06,positive
V0668,Echo Valley,3.9,2025-04-04,neutral
V1161,Echo Valley,3.5,2025-11-11,neutral
V0351,Echo Valley,4.5,2025-02-21,positive
V1347,Echo Valley,3.3,2025-10-27,neutral
V1133,Echo Valley,4.7,2025-10-09,positive
V0666,Echo Valley,4.9,2025-12-01,positive
V1617,Echo Valley,3.9,2025-10-23,neutral
V0656,Echo Valley,3.2,2025-10-12,neutral
V0251,Echo Valley,3.7,2025-09-08,neutral
V1524,Echo Valley,4.5,2025-09-10,positive
V0594,Echo Valley,3.9,2025-05-07,neutral
V0535,Echo Valley,4.9,2025-05-10,positive
V1021,Echo Valley,2.8,2025-11-09,neutral
V1830,Echo Valley,4.6,2025-08-17,positive
V1193,Echo Valley,3.9,2025-08-13,neutral
V0902,Echo Valley,3.3,2025-02-05,neutral
V1366,Echo Valley,3.8,2025-11-02,neutral
V1020,Echo Valley,4.3,2025-02-27,positive
V1675,Echo Valley,4.9,2025-06-17,positive
V1938,Echo Valley,2.9,2025-09-23,neutral
V1664,Echo Valley,2.7,2025-12-12,neutral
V1625,Echo Valley,4.5,2025-07-06,positive
V1768,Echo Valley,2.9,2025-01-28,neutral
V1810,Echo Valley,3.9,2025-01-23,neutral
V1243,Echo Valley,3.8,2025-12-18,neutral
V1037,Echo Valley,4.2,2025-10-19,positive
V1420,Echo Valley,4.2,2025-12-27,positive
V0732,Echo Valley,3.8,2025-04-05,neutral
V0125,Neon Nights,3.2,2025-01-21,neutral
V0619,Neon Nights,4.1,2025-05-01,positive
V1669,Neon Nights,3.9,2025-10-21,neutral
V0225,Neon Nights,4.6,2025-08-24,positive
V0334,Neon Nights,3.9,2025-04-18,neutral
V1902,Neon Nights,2.9,2025-02-17,neutral
V1183,Neon Nights,4.3,2025-03-27,positive
V1202,Neon Nights,2.7,2025-06-28,neutral
V0408,Neon Nights,4.7,2025-09-02,positive
V1048,Neon Nights,4.6,2025-04-09,positive
V1868,Neon Nights,5.0,2025-01-03,positive
V0170,Neon Nights,3.7,2025-04-18,neutral
V1247,Neon Nights,2.6,2025-02-28,neutral
V0310,Neon Nights,2.9,2025-03-19,neutral
V1776,Neon Nights,4.9,2025-12-18,positive
V0840,Neon Nights,2.8,2025-08-27,neutral
V0236,Neon Nights,4.2,2025-11-07,positive
V0238,Neon Nights,2.8,2025-02-27,neutral
V1871,Neon Nights,4.0,2025-04-03,positive
V0066,Neon Nights,3.4,2025-08-17,neutral
V1521,Neon Nights,4.8,2025-09-28,positive
V0406,Neon Nights,3.0,2025-11-15,neutral
V0602,Neon Nights,3.5,2025-10-20,neutral
V0427,Neon Nights,2.9,2025-10-02,neutral
V1333,Neon Nights,4.4,2025-12-07,positive
V0213,Neon Nights,3.2,2025-03-18,neutral
V0206,Neon Nights,4.5,2025-02-16,positive
V1399,Neon Nights,2.9,2025-07-22,neutral
V0691,Neon Nights,3.3,2025-01-05,neutral
V0276,Neon Nights,3.4,2025-03-18,neutral
V0036,Neon Nights,4.6,2025-10-30,positive
V1982,Neon Nights,4.6,2025-06-29,positive
V0136,Neon Nights,4.8,2025-12-02,positive
V1466,Neon Nights,3.4,2025-12-08,neutral
V1596,Neon Nights,4.6,2025-12-22,positive
V1590,Neon Nights,3.6,2025-02-19,neutral
V0291,Neon Nights,4.8,2025-05-22,positive
V1126,Neon Nights,3.5,2025-06-17,neutral
V1562,Neon Nights,2.6,2025-03-08,neutral
V1929,Neon Nights,4.4,2025-02-08,positive
V0053,Neon Nights,4.8,2025-03-14,positive
V0866,Neon Nights,2.9,2025-03-05,neutral
V0473,Neon Nights,2.7,2025-10-13,neutral
V1227,Neon Nights,4.3,2025-11-14,positive
V1975,Neon Nights,4.7,2025-02-13,positive
V0046,Neon Nights,2.8,2025-07-31,neutral
V0577,Neon Nights,4.8,2025-09-29,positive
V0702,Neon Nights,4.7,2025-06-13,positive
V1696,Neon Nights,2.5,2025-12-17,neutral
V1437,Neon Nights,2.6,2025-12-30,neutral
V0121,Neon Nights,3.4,2025-03-05,neutral
V1854,Neon Nights,3.9,2025-07-27,neutral
V1574,Neon Nights,3.6,2025-11-24,neutral
V1612,Neon Nights,3.4,2025-06-07,neutral
V1209,Neon Nights,3.4,2025-12-13,neutral
V0584,Neon Nights,4.9,2025-08-06,positive
V0515,Neon Nights,2.8,2025-09-03,neutral
V1660,Neon Nights,2.5,2025-05-09,neutral
V0091,Neon Nights,2.8,2025-10-12,neutral
V1605,Neon Nights,3.0,2025-09-21,neutral
V1651,Neon Nights,2.8,2025-07-31,neutral
V0817,Neon Nights,2.7,2025-05-22,neutral
V0332,Neon Nights,3.9,2025-08-05,neutral
V1059,Neon Nights,4.2,2025-02-19,positive
V0918,Neon Nights,2.6,2025-02-24,neutral
V1475,Neon Nights,4.3,2025-02-25,positive
V0950,Neon Nights,2.6,2025-02-13,neutral
V0928,Neon Nights,3.7,2025-02-22,neutral
V0470,Neon Nights,2.6,2025-06-20,neutral
V1783,Neon Nights,3.8,2025-05-28,neutral
V0565,Neon Nights,4.5,2025-09-09,positive
V0359,Neon Nights,2.6,2025-02-28,neutral
V1158,Neon Nights,3.8,2025-08-11,neutral
V1082,Neon Nights,3.6,2025-12-13,neutral
V0880,Neon Nights,2.6,2025-11-02,neutral
V0247,Neon Nights,3.0,2025-10-15,neutral
V1375,Neon Nights,2.9,2025-04-13,neutral
V1659,Neon Nights,4.6,2025-08-14,positive
V1822,Neon Nights,2.9,2025-07-21,neutral
V0724,Neon Nights,3.1,2025-10-27,neutral
V0284,Neon Nights,2.5,2025-12-25,neutral
V0118,Neon Nights,3.6,2025-05-17,neutral
V0637,Neon Nights,2.6,2025-06-19,neutral
V0139,Neon Nights,4.0,2025-03-01,positive
V1366,Neon Nights,3.1,2025-08-28,neutral
V0041,Neon Nights,3.1,2025-12-02,neutral
V1574,Neon Nights,4.3,2025-10-10,positive
V1551,Neon Nights,4.1,2025-12-25,positive
V0553,Neon Nights,3.1,2025-10-21,neutral
V1450,Neon Nights,2.9,2025-02-03,neutral
V0524,Neon Nights,2.6,2025-11-09,neutral
V1208,Neon Nights,4.0,2025-06-02,positive
V1018,Neon Nights,3.8,2025-07-22,neutral
V1010,Neon Nights,2.7,2025-11-24,neutral
V0949,Neon Nights,2.8,2025-10-30,neutral
V0850,Neon Nights,4.4,2025-07-15,positive
V0210,Neon Nights,4.9,2025-07-30,positive
V0305,Neon Nights,4.9,2025-04-21,positive
V0994,Neon Nights,3.1,2025-09-03,neutral
V1702,Neon Nights,3.6,2025-03-31,neutral
V0432,Neon Nights,4.2,2025-12-19,positive
V1219,Neon Nights,4.8,2025-05-29,positive
V1251,Neon Nights,2.7,2025-08-17,neutral
V1685,Neon Nights,3.6,2025-05-16,neutral
V1958,Neon Nights,3.0,2025-12-05,neutral
V0105,Neon Nights,4.8,2025-09-21,positive
V1730,Neon Nights,3.5,2025-03-29,neutral
V1723,Neon Nights,4.1,2025-03-23,positive
V1292,Neon Nights,2.7,2025-12-05,neutral
V1907,Neon Nights,4.5,2025-10-07,positive
V0482,Neon Nights,4.4,2025-07-09,positive
V1171,Neon Nights,4.7,2025-09-20,positive
V1598,Neon Nights,2.9,2025-10-27,neutral
V0230,Neon Nights,4.9,2025-02-12,positive
V1497,Neon Nights,4.0,2025-10-03,positive
V0594,Neon Nights,4.5,2025-12-05,positive
V1744,Neon Nights,4.8,2025-02-06,positive
V1832,Neon Nights,2.8,2025-05-14,neutral
V1553,Neon Nights,4.7,2025-03-03,positive
V0730,Neon Nights,4.8,2025-09-25,positive
V1170,Neon Nights,3.4,2025-08-14,neutral
V1910,Neon Nights,2.7,2025-01-06,neutral
V0053,Neon Nights,3.5,2025-05-13,neutral
V0656,Neon Nights,4.6,2025-08-31,positive
V0369,Neon Nights,2.7,2025-04-07,neutral
V1220,Neon Nights,4.1,2025-07-26,positive
V0173,Neon Nights,3.7,2025-03-22,neutral
V1674,Neon Nights,2.9,2025-10-30,neutral
V1374,Neon Nights,3.8,2025-08-05,neutral
V0949,Neon Nights,5.0,2025-07-20,positive
V1906,Neon Nights,2.6,2025-09-02,neutral
V0089,Neon Nights,4.3,2025-10-29,positive
V0530,Neon Nights,3.6,2025-02-15,neutral
V0727,Neon Nights,4.7,2025-08-07,positive
V1316,Neon Nights,3.2,2025-05-08,neutral
V1831,Neon Nights,3.1,2025-12-20,neutral
V1481,Neon Nights,4.4,2025-07-13,positive
V0943,Neon Nights,4.5,2025-10-25,positive
V1373,Neon Nights,3.2,2025-11-25,neutral
V0093,Neon Nights,4.3,2025-11-06,positive
V0580,Neon Nights,3.9,2025-11-09,neutral
V1476,Neon Nights,3.6,2025-05-16,neutral
V0545,Neon Nights,2.9,2025-08-20,neutral
V0910,Neon Nights,3.3,2025-01-06,neutral
V0791,Neon Nights,4.8,2025-03-14,positive
V1188,Neon Nights,3.5,2025-05-05,neutral
V1112,Neon Nights,3.8,2025-10-07,neutral
V1176,Neon Nights,3.5,2025-04-24,neutral
V1427,Neon Nights,2.6,2025-09-14,neutral
V0893,Neon Nights,3.5,2025-03-12,neutral
V0310,Neon Nights,3.9,2025-09-27,neutral
V0871,Neon Nights,2.7,2025-01-12,neutral
V0615,Neon Nights,4.6,2025-02-07,positive
V1202,Neon Nights,4.4,2025-05-08,positive
V1229,Neon Nights,5.0,2025-11-24,positive
V1789,Neon Nights,2.8,2025-04-15,neutral
V0437,Neon Nights,4.7,2025-09-01,positive
V0700,Neon Nights,2.6,2025-04-06,neutral
V0522,Neon Nights,2.7,2025-06-14,neutral
V0681,Neon Nights,2.9,2025-12-25,neutral
V1857,Neon Nights,3.7,2025-05-23,neutral
V0537,Neon Nights,3.6,2025-03-05,neutral
V1332,Neon Nights,4.2,2025-01-17,positive
V0561,Neon Nights,3.5,2025-01-15,neutral
V1731,Neon Nights,4.4,2025-02-02,positive
V1837,Neon Nights,2.8,2025-02-03,neutral
V0530,Neon Nights,4.4,2025-11-01,positive
V1292,Neon Nights,4.9,2025-01-22,positive
V1494,Neon Nights,3.7,2025-01-02,neutral
V1129,Neon Nights,2.7,2025-03-16,neutral
V0555,Neon Nights,5.0,2025-07-31,positive
V1613,Neon Nights,4.1,2025-04-26,positive
V1883,Neon Nights,4.9,2025-07-21,positive
V1119,Neon Nights,3.8,2025-08-05,neutral
V1649,Neon Nights,4.0,2025-05-08,positive
V1427,Neon Nights,3.3,2025-11-13,neutral
V1038,Neon Nights,4.2,2025-07-15,positive
V1776,Neon Nights,4.0,2025-02-16,positive
V0643,Neon Nights,2.8,2025-12-04,neutral
V0277,Neon Nights,2.6,2025-11-03,neutral
V1408,Neon Nights,3.1,2025-09-02,neutral
V1903,Neon Nights,2.6,2025-07-15,neutral
V0233,Neon Nights,3.6,2025-02-06,neutral
V1492,Neon Nights,4.0,2025-02-01,positive
V1542,Neon Nights,3.0,2025-10-12,neutral
V0644,Neon Nights,4.3,2025-05-08,positive
V0258,Neon Nights,3.1,2025-02-21,neutral
V0763,Neon Nights,3.7,2025-11-03,neutral
V0101,Neon Nights,4.1,2025-01-13,positive
V0617,Neon Nights,4.9,2025-03-11,positive
V0513,Neon Nights,4.8,2025-04-02,positive
V0769,Neon Nights,4.5,2025-12-16,positive
V1517,Neon Nights,3.6,2025-10-13,neutral
V0841,Neon Nights,3.6,2025-01-26,neutral
V0332,Neon Nights,4.8,2025-01-08,positive
V0645,Neon Nights,3.7,2025-08-05,neutral
V0908,Neon Nights,2.6,2025-06-24,neutral
V0923,Neon Nights,4.9,2025-06-07,positive
V1601,Harbor Lights,2.6,2025-09-17,neutral
V0268,Harbor Lights,3.4,2025-05-05,neutral
V1637,Harbor Lights,4.5,2025-07-27,positive
V1750,Harbor Lights,3.5,2025-11-21,neutral
V1435,Harbor Lights,3.5,2025-05-29,neutral
V0685,Harbor Lights,3.1,2025-11-06,neutral
V0110,Harbor Lights,4.2,2025-01-05,positive
V0329,Harbor Lights,2.9,2025-04-06,neutral
V0371,Harbor Lights,4.7,2025-08-20,positive
V1422,Harbor Lights,3.5,2025-12-03,neutral
V1565,Harbor Lights,3.5,2025-06-11,neutral
V0213,Harbor Lights,4.3,2025-02-10,positive
V0205,Harbor Lights,4.9,2025-02-17,positive
V1031,Harbor Lights,3.8,2025-05-09,neutral
V0796,Harbor Lights,4.8,2025-01-31,positive
V1100,Harbor Lights,4.0,2025-01-08,positive
V0812,Harbor Lights,5.0,2025-09-04,positive
V0262,Harbor Lights,2.9,2025-04-11,neutral
V1220,Harbor Lights,4.5,2025-07-03,positive
V0028,Harbor Lights,5.0,2025-05-20,positive
V0837,Harbor Lights,4.1,2025-05-15,positive
V0871,Harbor Lights,2.8,2025-02-08,neutral
V0338,Harbor Lights,3.1,2025-01-28,neutral
V1507,Harbor Lights,3.6,2025-09-03,neutral
V1427,Harbor Lights,4.7,2025-10-29,positive
V1091,Harbor Lights,3.4,2025-01-25,neutral
V1678,Harbor Lights,5.0,2025-11-22,positive
V1942,Harbor Lights,2.8,2025-09-21,neutral
V1376,Harbor Lights,3.1,2025-10-13,neutral
V0665,Harbor Lights,4.4,2025-05-10,positive
V1946,Harbor Lights,4.2,2025-05-18,positive
V0880,Harbor Lights,3.4,2025-05-11,neutral
V1336,Harbor Lights,2.9,2025-08-28,neutral
V0404,Harbor Lights,4.9,2025-02-09,positive
V0316,Harbor Lights,3.8,2025-08-18,neutral
V1568,Harbor Lights,4.1,2025-09-09,positive
V1671,Harbor Lights,4.8,2025-02-13,positive
V0816,Harbor Lights,3.2,2025-04-16,neutral
V1314,Harbor Lights,3.7,2025-12-14,neutral
V0063,Harbor Lights,3.9,2025-04-09,neutral
V0778,Harbor Lights,2.7,2025-12-17,neutral
V0973,Harbor Lights,4.1,2025-07-01,positive
V0125,Harbor Lights,3.5,2025-02-04,neutral
V0506,Harbor Lights,4.3,2025-01-22,positive
V0399,Harbor Lights,5.0,2025-01-17,positive
V0471,Harbor Lights,3.8,2025-06-16,neutral
V0297,Harbor Lights,3.1,2025-05-17,neutral
V1737,Harbor Lights,2.5,2025-04-28,neutral
V1757,Harbor Lights,4.4,2025-12-25,positive
V1055,Harbor Lights,3.5,2025-02-05,neutral
V0972,Harbor Lights,4.8,2025-09-16,positive
V1726,Harbor Lights,2.9,2025-08-06,neutral
V0521,Harbor Lights,4.9,2025-05-11,positive
V0536,Harbor Lights,4.6,2025-05-15,positive
V0431,Harbor Lights,4.2,2025-10-01,positive
V0974,Harbor Lights,3.6,2025-11-05,neutral
V1607,Harbor Lights,4.1,2025-10-10,positive
V1334,Harbor Lights,4.1,2025-12-09,positive
V0253,Harbor Lights,4.9,2025-03-17,positive
V1050,Harbor Lights,3.8,2025-12-05,neutral
V0791,Harbor Lights,3.6,2025-11-15,neutral
V1201,Harbor Lights,2.9,2025-09-28,neutral
V1817,Harbor Lights,3.3,2025-12-20,neutral
V0645,Harbor Lights,2.8,2025-09-04,neutral
V0982,Harbor Lights,3.6,2025-02-23,neutral
V0282,Harbor Lights,2.6,2025-05-10,neutral
V0184,Harbor Lights,4.9,2025-11-03,positive
V1456,Harbor Lights,2.8,2025-05-10,neutral
V0418,Harbor Lights,4.0,2025-10-13,positive
V0334,Harbor Lights,3.9,2025-09-24,neutral
V0212,Harbor Lights,5.0,2025-03-19,positive
V1351,Harbor Lights,3.5,2025-10-09,neutral
V1674,Harbor Lights,3.9,2025-03-22,neutral
V0354,Harbor Lights,4.8,2025-09-22,positive
V1458,Harbor Lights,3.0,2025-10-23,neutral
V0299,Harbor Lights,2.8,2025-03-04,neutral
V0380,Harbor Lights,2.5,2025-04-28,neutral
V0130,Harbor Lights,3.7,2025-12-21,neutral
V0778,Harbor Lights,2.6,2025-02-28,neutral
V1723,Harbor Lights,4.7,2025-11-20,positive
V1884,Harbor Lights,3.5,2025-12-13,neutral
V0023,Harbor Lights,3.2,2025-10-08,neutral
V0764,Harbor Lights,3.2,2025-07-16,neutral
V1879,Harbor Lights,3.2,2025-05-01,neutral
V0654,Harbor Lights,4.9,2025-11-29,positive
V1208,Harbor Lights,4.5,2025-09-19,positive
V0566,Harbor Lights,4.4,2025-08-04,positive
V1128,Harbor Lights,3.3,2025-11-25,neutral
V0837,Harbor Lights,4.2,2025-10-29,positive
V0201,Harbor Lights,4.3,2025-01-18,positive
V0035,Harbor Lights,3.5,2025-08-23,neutral
V0374,Harbor Lights,4.5,2025-01-02,positive
V1933,Harbor Lights,4.0,2025-06-18,positive
V0897,Harbor Lights,4.8,2025-02-08,positive
V0095,Harbor Lights,4.7,2025-08-12,positive
V0799,Harbor Lights,2.7,2025-08-05,neutral
V1854,Harbor Lights,3.4,2025-11-28,neutral
V1777,Harbor Lights,4.3,2025-02-14,positive
V1827,Harbor Lights,2.5,2025-04-26,neutral
V0916,Harbor Lights,3.5,2025-10-05,neutral
V1676,Harbor Lights,4.0,2025-10-30,positive
V0086,Harbor Lights,3.4,2025-09-25,neutral
V1151,Harbor Lights,3.9,2025-04-10,neutral
V0603,Harbor Lights,3.8,2025-10-11,neutral
V1157,The Final Frontier,3.5,2025-11-15,neutral
V0941,The Final Frontier,3.8,2025-01-08,neutral
V1143,The Final Frontier,4.1,2025-10-12,positive
V0243,The Final Frontier,4.2,2025-08-30,positive
V1313,The Final Frontier,2.7,2025-09-06,neutral
V0063,The Final Frontier,3.6,2025-07-09,neutral
V0744,The Final Frontier,3.9,2025-08-21,neutral
V1837,The Final Frontier,4.0,2025-07-13,positive
V0260,The Final Frontier,2.8,2025-01-12,neutral
V1805,The Final Frontier,3.4,2025-12-26,neutral
V1740,The Final Frontier,3.9,2025-11-20,neutral
V1788,The Final Frontier,3.3,2025-04-06,neutral
V0162,The Final Frontier,4.4,2025-10-11,positive
V1838,The Final Frontier,2.8,2025-10-20,neutral
V0150,The Final Frontier,3.8,2025-08-25,neutral
V1990,The Final Frontier,3.6,2025-03-02,neutral
V1447,The Final Frontier,2.8,2025-02-16,neutral
V0608,The Final Frontier,4.5,2025-07-17,positive
V0198,The Final Frontier,4.6,2025-10-05,positive
V1130,The Final Frontier,4.0,2025-03-16,positive
V1213,The Final Frontier,3.6,2025-07-26,neutral
V0363,The Final Frontier,4.9,2025-03-25,positive
V0685,The Final Frontier,3.6,2025-09-20,neutral
V1662,The Final Frontier,4.8,2025-12-29,positive
V0542,The Final Frontier,2.8,2025-07-07,neutral
V1687,The Final Frontier,3.2,2025-10-11,neutral
V0996,The Final Frontier,4.4,2025-01-24,positive
V0259,The Final Frontier,2.9,2025-01-02,neutral
V1730,The Final Frontier,2.5,2025-07-07,neutral
V1177,The Final Frontier,2.6,2025-01-10,neutral
V1295,The Final Frontier,4.3,2025-07-24,positive
V0701,The Final Frontier,2.6,2025-07-29,neutral
V0352,The Final Frontier,3.2,2025-04-19,neutral
V1771,The Final Frontier,3.8,2025-08-29,neutral
V1884,The Final Frontier,4.7,2025-10-14,positive
V1814,The Final Frontier,2.7,2025-05-24,neutral
V1066,The Final Frontier,4.5,2025-11-30,positive
V0375,The Final Frontier,4.3,2025-03-24,positive
V0493,The Final Frontier,3.5,2025-02-16,neutral
V0798,The Final Frontier,4.5,2025-10-05,positive
V0765,The Final Frontier,2.6,2025-01-04,neutral
V0720,The Final Frontier,4.4,2025-10-15,positive
V0121,The Final Frontier,3.4,2025-02-16,neutral
V0003,The Final Frontier,3.7,2025-11-09,neutral
V1654,The Final Frontier,4.1,2025-02-25,positive
V0646,The Final Frontier,4.4,2025-04-06,positive
V0090,The Final Frontier,4.5,2025-07-05,positive
V1626,The Final Frontier,3.9,2025-08-14,neutral
V0409,The Final Frontier,2.7,2025-01-23,neutral
V0882,The Final Frontier,2.5,2025-10-31,neutral
V1960,The Final Frontier,4.3,2025-09-05,positive
V1339,The Final Frontier,3.9,2025-02-14,neutral
V0640,The Final Frontier,4.2,2025-10-15,positive
V0465,The Final Frontier,3.9,2025-11-27,neutral
V0960,The Final Frontier,3.9,2025-07-31,neutral
V1772,The Final Frontier,4.0,2025-07-31,positive
V0572,The Final Frontier,3.5,2025-08-30,neutral
V1501,The Final Frontier,4.5,2025-02-15,positive
V1055,The Final Frontier,3.0,2025-03-14,neutral
V0637,The Final Frontier,4.8,2025-10-03,positive
V1486,The Final Frontier,3.3,2025-02-06,neutral
V0315,The Final Frontier,4.2,2025-06-30,positive
V0826,The Final Frontier,2.7,2025-04-24,neutral
V1828,The Final Frontier,4.7,2025-06-01,positive
V1620,The Final Frontier,3.8,2025-07-04,neutral
V1805,The Final Frontier,4.8,2025-05-04,positive
V0862,The Final Frontier,4.7,2025-09-29,positive
V1118,The Final Frontier,3.6,2025-08-11,neutral
V0397,The Final Frontier,5.0,2025-10-29,positive
V0515,The Final Frontier,3.8,2025-06-03,neutral
V1121,The Final Frontier,3.3,2025-06-05,neutral
V0467,The Final Frontier,4.5,2025-07-15,positive
V1292,The Final Frontier,2.8,2025-06-02,neutral
V0098,The Final Frontier,3.6,2025-06-19,neutral
V0910,The Final Frontier,3.5,2025-05-22,neutral
V0920,The Final Frontier,2.7,2025-11-14,neutral
V1968,The Final Frontier,3.9,2025-07-23,neutral
V1494,The Final Frontier,3.9,2025-01-05,neutral
V0683,The Final Frontier,3.7,2025-06-16,neutral
V1434,The Final Frontier,4.2,2025-06-08,positive
V1229,The Final Frontier,2.7,2025-02-22,neutral
V0171,The Final Frontier,3.8,2025-02-21,neutral
V0795,The Final Frontier,4.2,2025-02-18,positive
V0292,The Final Frontier,4.3,2025-06-18,positive
V0912,The Final Frontier,4.2,2025-12-16,positive
V0363,The Final Frontier,3.5,2025-03-28,neutral
V1272,The Final Frontier,3.3,2025-07-09,neutral
V1884,The Final Frontier,2.7,2025-05-18,neutral
V0363,The Final Frontier,4.2,2025-01-01,positive
V0374,The Final Frontier,4.5,2025-08-13,positive
V1844,The Final Frontier,4.9,2025-10-17,positive
V0022,The Final Frontier,4.4,2025-03-22,positive
V1433,The Final Frontier,2.8,2025-01-26,neutral
V0440,The Final Frontier,3.4,2025-04-04,neutral
V1635,The Final Frontier,4.0,2025-12-02,positive
V0902,The Final Frontier,3.3,2025-11-21,neutral
V0898,The Final Frontier,4.6,2025-05-25,positive
V0205,The Final Frontier,4.6,2025-08-15,positive
V0950,The Final Frontier,4.8,2025-11-01,positive
V1451,The Final Frontier,4.1,2025-10-30,positive
V1871,The Final Frontier,4.6,2025-04-29,positive
V0099,The Final Frontier,3.2,2025-01-05,neutral
V1388,The Final Frontier,3.3,2025-11-15,neutral
V1478,The Final Frontier,4.7,2025-01-07,positive
V0243,The Final Frontier,2.8,2025-01-02,neutral
V0065,The Final Frontier,3.8,2025-04-20,neutral
V1431,The Final Frontier,3.9,2025-05-26,neutral
V1284,The Final Frontier,4.9,2025-11-11,positive
V1340,The Final Frontier,4.0,2025-06-22,positive
V0357,The Final Frontier,4.4,2025-10-07,positive
V0499,The Final Frontier,3.4,2025-07-11,neutral
V0094,The Final Frontier,2.6,2025-07-05,neutral
V0835,The Final Frontier,3.9,2025-09-07,neutral
V1320,The Final Frontier,3.6,2025-01-10,neutral
V1872,The Final Frontier,3.9,2025-10-08,neutral
V1469,The Final Frontier,2.6,2025-08-13,neutral
V1425,The Final Frontier,3.8,2025-05-04,neutral
V1423,The Final Frontier,4.7,2025-12-15,positive
V0447,The Final Frontier,4.6,2025-12-06,positive
V0629,The Final Frontier,5.0,2025-10-25,positive
V1766,The Final Frontier,3.5,2025-04-26,neutral
V0939,The Final Frontier,4.6,2025-07-13,positive
V0685,The Final Frontier,2.9,2025-06-17,neutral
V0713,The Final Frontier,3.0,2025-01-06,neutral
V0778,The Final Frontier,4.7,2025-06-10,positive
V0377,The Final Frontier,3.8,2025-05-27,neutral
V0377,The Final Frontier,3.0,2025-10-26,neutral
V1940,The Final Frontier,2.9,2025-10-21,neutral
V1617,The Final Frontier,4.6,2025-04-24,positive
V0143,The Final Frontier,2.6,2025-01-08,neutral
V0082,The Final Frontier,3.6,2025-11-26,neutral
V1387,The Final Frontier,2.5,2025-01-24,neutral
V1566,The Final Frontier,3.5,2025-10-04,neutral
V0519,The Final Frontier,4.7,2025-05-05,positive
V0239,The Final Frontier,3.6,2025-02-15,neutral
V1628,The Final Frontier,2.5,2025-03-11,neutral
V1836,The Final Frontier,4.9,2025-12-14,positive
V1868,The Final Frontier,4.7,2025-08-22,positive
V1153,The Final Frontier,3.9,2025-10-12,neutral
V0663,The Final Frontier,2.7,2025-10-17,neutral
V1216,The Final Frontier,3.3,2025-10-31,neutral
V0810,The Final Frontier,4.6,2025-01-24,positive
V0859,The Final Frontier,2.9,2025-12-10,neutral
V0018,The Final Frontier,3.4,2025-12-22,neutral
V1067,The Final Frontier,3.7,2025-04-06,neutral
V0949,The Final Frontier,2.8,2025-01-13,neutral
V1859,The Final Frontier,4.5,2025-08-16,positive
V1725,The Final Frontier,4.4,2025-03-24,positive
V0013,The Final Frontier,4.3,2025-04-03,positive
V0345,The Final Frontier,4.0,2025-02-20,positive
V1353,The Final Frontier,4.8,2025-03-29,positive
V1075,The Final Frontier,4.8,2025-03-05,positive
V0009,Mirage City,2.7,2025-12-18,neutral
V0218,Mirage City,3.0,2025-02-27,neutral
V0761,Mirage City,2.7,2025-06-20,neutral
V1206,Mirage City,3.7,2025-06-10,neutral
V1993,Mirage City,4.2,2025-08-29,positive
V0782,Mirage City,4.3,2025-10-12,positive
V1537,Mirage City,3.7,2025-06-23,neutral
V1568,Mirage City,3.0,2025-12-25,neutral
V1122,Mirage City,2.9,2025-07-12,neutral
V1861,Mirage City,2.9,2025-10-25,neutral
V1043,Mirage City,4.7,2025-05-22,positive
V1775,Mirage City,5.0,2025-01-28,positive
V0283,Mirage City,3.7,2025-03-28,neutral
V0003,Mirage City,3.0,2025-01-28,neutral
V0604,Mirage City,4.8,2025-10-02,positive
V0469,Mirage City,2.9,2025-03-11,neutral
V0517,Mirage City,3.7,2025-02-15,neutral
V0571,Mirage City,2.8,2025-12-02,neutral
V1535,Mirage City,2.7,2025-09-26,neutral
V1995,Mirage City,4.3,2025-07-04,positive
V1436,Mirage City,4.3,2025-01-06,positive
V1505,Mirage City,4.1,2025-01-07,positive
V0104,Mirage City,4.2,2025-05-22,positive
V0449,Mirage City,3.6,2025-03-09,neutral
V0736,Mirage City,2.8,2025-03-07,neutral
V0764,Mirage City,4.4,2025-04-10,positive
V0268,Mirage City,3.3,2025-09-15,neutral
V0097,Mirage City,3.0,2025-07-28,neutral
V1398,Mirage City,4.5,2025-01-30,positive
V0473,Mirage City,3.4,2025-08-14,neutral
V1850,Mirage City,3.8,2025-10-27,neutral
V0271,Mirage City,4.1,2025-02-06,positive
V1226,Mirage City,4.7,2025-02-15,positive
V1405,Mirage City,3.4,2025-02-07,neutral
V1246,Mirage City,2.9,2025-01-21,neutral
V1535,Mirage City,4.9,2025-09-29,positive
V0060,Mirage City,4.9,2025-05-15,positive
V1109,Mirage City,3.5,2025-05-22,neutral
V0333,Mirage City,4.5,2025-03-19,positive
V0416,Mirage City,2.5,2025-03-02,neutral
V0115,Mirage City,4.7,2025-07-07,positive
V1985,Mirage City,4.8,2025-08-02,positive
V0944,Mirage City,4.3,2025-01-21,positive
V1905,Mirage City,3.8,2025-03-20,neutral
V0807,Mirage City,3.3,2025-07-05,neutral
V0588,Mirage City,2.6,2025-05-11,neutral
V1977,Mirage City,3.0,2025-08-09,neutral
V0628,Mirage City,4.3,2025-11-06,positive
V1163,Mirage City,3.3,2025-08-02,neutral
V1239,Mirage City,3.0,2025-07-12,neutral
V1734,Mirage City,3.6,2025-03-28,neutral
V1709,Mirage City,4.9,2025-03-02,positive
V0524,Mirage City,4.2,2025-04-21,positive
V1884,Mirage City,3.9,2025-06-25,neutral
V0657,Mirage City,2.8,2025-05-17,neutral
V1055,Mirage City,4.9,2025-09-20,positive
V1094,Mirage City,4.0,2025-09-10,positive
V1408,Mirage City,4.1,2025-11-13,positive
V0835,Mirage City,4.3,2025-03-17,positive
V1859,Mirage City,4.0,2025-12-31,positive
V1399,Mirage City,3.0,2025-07-14,neutral
V0694,Mirage City,4.3,2025-05-03,positive
V1972,Mirage City,4.9,2025-05-25,positive
V0383,Mirage City,3.4,2025-07-07,neutral
V0484,Mirage City,4.9,2025-04-26,positive
V1945,Mirage City,3.1,2025-01-18,neutral
V0162,Mirage City,4.6,2025-12-28,positive
V1084,Mirage City,3.4,2025-09-13,neutral
V1473,Mirage City,3.7,2025-05-17,neutral
V1491,Mirage City,3.9,2025-07-19,neutral
V0551,Mirage City,3.6,2025-09-13,neutral
V1202,Mirage City,4.5,2025-12-31,positive
V0550,Mirage City,3.0,2025-11-22,neutral
V1981,Mirage City,3.9,2025-05-03,neutral
V1756,Mirage City,4.8,2025-05-19,positive
V1218,Mirage City,4.5,2025-09-15,positive
V0883,Mirage City,2.8,2025-04-17,neutral
V0363,Mirage City,2.6,2025-06-25,neutral
V1429,Mirage City,4.8,2025-01-05,positive
V1919,Mirage City,3.3,2025-11-13,neutral
V0180,Mirage City,3.5,2025-06-24,neutral
V0293,Mirage City,3.4,2025-06-15,neutral
V0781,Mirage City,3.6,2025-07-23,neutral
V0232,Mirage City,4.7,2025-05-03,positive
V0566,Mirage City,4.4,2025-03-11,positive
V1206,Mirage City,3.5,2025-03-02,neutral
V1912,Mirage City,4.2,2025-05-27,positive
V0543,Mirage City,3.0,2025-11-30,neutral
V1624,Mirage City,4.5,2025-03-22,positive
V0617,Mirage City,3.0,2025-06-12,neutral
V1659,Mirage City,3.5,2025-01-29,neutral
V1348,Mirage City,4.9,2025-08-23,positive
V1395,Mirage City,4.1,2025-01-10,positive
V1497,Mirage City,3.8,2025-03-04,neutral
V0730,Mirage City,2.8,2025-03-27,neutral
V0755,Mirage City,4.8,2025-10-09,positive
V1141,Mirage City,3.0,2025-05-24,neutral
V1671,Mirage City,4.7,2025-12-03,positive
V0887,Mirage City,3.1,2025-09-16,neutral
V1729,Mirage City,4.2,2025-12-15,positive
V0100,Mirage City,4.1,2025-02-27,positive
V0336,Mirage City,4.2,2025-11-28,positive
V1417,Mirage City,3.4,2025-09-28,neutral
V1520,Mirage City,3.6,2025-03-17,neutral
V0928,Mirage City,3.5,2025-03-09,neutral
V0664,Mirage City,3.7,2025-07-28,neutral
V0229,Mirage City,4.1,2025-05-23,positive
V0096,Mirage City,4.5,2025-11-19,positive
V1667,Mirage City,2.7,2025-08-13,neutral
V1900,Mirage City,3.8,2025-07-08,neutral
V0094,Mirage City,2.9,2025-01-19,neutral
V1754,Mirage City,2.8,2025-12-16,neutral
V0634,Mirage City,4.2,2025-04-06,positive
V1937,Mirage City,2.6,2025-04-10,neutral
V0617,Mirage City,4.2,2025-04-27,positive
V0253,Mirage City,3.8,2025-04-22,neutral
V1286,Mirage City,5.0,2025-12-22,positive
V1861,Mirage City,3.0,2025-01-18,neutral
V1275,Mirage City,2.9,2025-06-27,neutral
V1589,Mirage City,4.3,2025-07-20,positive
V1231,Mirage City,4.3,2025-11-27,positive
V1753,Mirage City,3.4,2025-09-06,neutral
V1473,Mirage City,3.4,2025-07-11,neutral
V1830,Mirage City,4.8,2025-12-04,positive
V0304,Mirage City,4.2,2025-03-28,positive
V1669,Mirage City,4.0,2025-08-15,positive
V1831,Mirage City,2.9,2025-09-25,neutral
V0589,Mirage City,4.2,2025-07-06,positive
V1697,Mirage City,3.1,2025-04-24,neutral
V0465,Mirage City,3.8,2025-08-05,neutral
V1991,Mirage City,2.7,2025-01-18,neutral
V0101,Mirage City,2.6,2025-10-10,neutral
V0384,Mirage City,4.5,2025-07-19,positive
V0248,Mirage City,4.6,2025-09-16,positive
V0410,Mirage City,2.5,2025-07-15,neutral
V0256,Mirage City,3.4,2025-03-21,neutral
V1732,Mirage City,4.9,2025-10-11,positive
V1389,Mirage City,3.0,2025-10-14,neutral
V0184,Mirage City,4.6,2025-09-10,positive
V0891,Mirage City,3.8,2025-12-29,neutral
V0529,Mirage City,3.3,2025-07-26,neutral
V1544,Mirage City,3.0,2025-05-15,neutral
V1987,Mirage City,5.0,2025-04-21,positive
V0291,Mirage City,3.8,2025-03-24,neutral
V1300,Mirage City,3.2,2025-02-24,neutral
V0316,Mirage City,4.2,2025-06-27,positive
V1517,Mirage City,4.5,2025-10-17,positive
V1404,Mirage City,2.9,2025-11-20,neutral
V1963,Mirage City,3.4,2025-07-01,neutral
V1682,Mirage City,3.3,2025-11-13,neutral
V0762,Mirage City,3.5,2025-12-02,neutral
V1707,Mirage City,3.7,2025-11-22,neutral
V1636,Mirage City,4.1,2025-05-06,positive
V1089,Mirage City,4.2,2025-01-29,positive
V1008,Mirage City,3.1,2025-05-22,neutral
V0995,Mirage City,4.6,2025-12-09,positive
V1946,Mirage City,4.1,2025-06-06,positive
V0664,Mirage City,4.1,2025-03-18,positive
V0451,Mirage City,4.2,2025-07-17,positive
V1042,Mirage City,3.1,2025-05-27,neutral
V1697,Mirage City,3.5,2025-08-31,neutral
V0643,Mirage City,2.6,2025-05-22,neutral
V0653,Mirage City,4.5,2025-05-09,positive
V1919,Mirage City,3.4,2025-11-17,neutral
V0877,Mirage City,3.9,2025-05-18,neutral
V1881,Mirage City,3.6,2025-12-11,neutral
V0035,Mirage City,2.7,2025-10-19,neutral
V1477,Mirage City,3.0,2025-07-12,neutral
V0658,Mirage City,3.4,2025-08-19,neutral
V0379,Mirage City,2.5,2025-01-31,neutral
V0281,Mirage City,3.6,2025-01-10,neutral
V0325,Mirage City,4.1,2025-12-08,positive
V1017,Crimson Tide,4.2,2025-02-19,positive
V0307,Crimson Tide,3.0,2025-06-07,neutral
V0499,Crimson Tide,4.1,2025-08-09,positive
V0948,Crimson Tide,3.6,2025-09-30,neutral
V0075,Crimson Tide,3.7,2025-10-17,neutral
V0152,Crimson Tide,4.7,2025-03-26,positive
V0474,Crimson Tide,5.0,2025-02-10,positive
V0380,Crimson Tide,3.5,2025-03-09,neutral
V1566,Crimson Tide,3.3,2025-01-15,neutral
V1182,Crimson Tide,3.7,2025-09-29,neutral
V1116,Crimson Tide,4.6,2025-08-04,positive
V1917,Crimson Tide,4.2,2025-04-17,positive
V1844,Crimson Tide,3.0,2025-12-24,neutral
V1235,Crimson Tide,3.5,2025-02-16,neutral
V0633,Crimson Tide,3.8,2025-04-07,neutral
V1485,Crimson Tide,3.0,2025-10-24,neutral
V0256,Crimson Tide,2.8,2025-03-16,neutral
V0142,Crimson Tide,4.4,2025-06-30,positive
V0996,Crimson Tide,3.2,2025-07-13,neutral
V1311,Crimson Tide,3.2,2025-08-22,neutral
V0015,Crimson Tide,2.9,2025-12-31,neutral
V1983,Crimson Tide,3.3,2025-10-15,neutral
V1116,Crimson Tide,3.7,2025-12-07,neutral
V0610,Crimson Tide,3.6,2025-10-21,neutral
V0634,Crimson Tide,3.0,2025-02-15,neutral
V1824,Crimson Tide,5.0,2025-06-27,positive
V0527,Crimson Tide,3.5,2025-06-19,neutral
V0723,Crimson Tide,3.7,2025-06-11,neutral
V0078,Crimson Tide,4.9,2025-10-29,positive
V1158,Crimson Tide,4.9,2025-08-07,positive
V0904,Crimson Tide,4.1,2025-02-10,positive
V1332,Crimson Tide,4.2,2025-07-03,positive
V0457,Crimson Tide,4.2,2025-06-14,positive
V1216,Crimson Tide,2.9,2025-08-27,neutral
V0717,Crimson Tide,2.9,2025-02-26,neutral
V0847,Crimson Tide,3.2,2025-12-12,neutral
V0161,Crimson Tide,4.8,2025-06-10,positive
V1272,Crimson Tide,4.4,2025-10-14,positive
V1253,Crimson Tide,3.2,2025-07-21,neutral
V1347,Crimson Tide,4.9,2025-08-11,positive
V1544,Crimson Tide,4.9,2025-05-15,positive
V0599,Crimson Tide,3.1,2025-04-24,neutral
V0150,Crimson Tide,3.5,2025-06-06,neutral
V1901,Crimson Tide,4.4,2025-11-05,positive
V0497,Crimson Tide,3.1,2025-12-28,neutral
V1185,Crimson Tide,3.9,2025-08-19,neutral
V0553,Crimson Tide,3.8,2025-07-29,neutral
V1385,Crimson Tide,2.9,2025-12-03,neutral
V0460,Crimson Tide,3.8,2025-01-25,neutral
V0263,Crimson Tide,4.3,2025-11-06,positive
V0448,Crimson Tide,3.8,2025-10-22,neutral
V1579,Crimson Tide,4.8,2025-09-25,positive
V0205,Crimson Tide,4.9,2025-05-08,positive
V1832,Crimson Tide,2.7,2025-10-20,neutral
V0355,Crimson Tide,4.4,2025-02-28,positive
V0981,Crimson Tide,4.6,2025-06-17,positive
V0713,Crimson Tide,4.3,2025-04-09,positive
V0846,Crimson Tide,4.5,2025-07-09,positive
V0271,Crimson Tide,2.5,2025-03-06,neutral
V0619,Crimson Tide,4.6,2025-05-23,positive
V0782,Crimson Tide,4.0,2025-02-02,positive
V1161,Crimson Tide,2.9,2025-01-28,neutral
V1510,Crimson Tide,4.4,2025-07-02,positive
V0418,Crimson Tide,3.5,2025-08-25,neutral
V0730,Crimson Tide,3.5,2025-09-28,neutral
V0678,Crimson Tide,4.2,2025-10-26,positive
V0966,Crimson Tide,3.6,2025-01-02,neutral
V1652,Crimson Tide,4.0,2025-02-10,positive
V1935,Crimson Tide,3.4,2025-02-05,neutral
V0612,Crimson Tide,3.3,2025-04-07,neutral
V0795,Crimson Tide,3.1,2025-04-24,neutral
V1111,Crimson Tide,4.7,2025-10-09,positive
V0608,Crimson Tide,3.5,2025-04-04,neutral
V1911,Crimson Tide,2.6,2025-12-10,neutral
V0510,Crimson Tide,3.2,2025-04-10,neutral
V0543,Crimson Tide,2.8,2025-07-28,neutral
V0617,Crimson Tide,4.3,2025-04-29,positive
V0852,Crimson Tide,4.2,2025-09-16,positive
V1348,Crimson Tide,3.9,2025-07-22,neutral
V0058,Crimson Tide,4.8,2025-01-17,positive
V1945,Crimson Tide,4.3,2025-11-30,positive
V0289,Crimson Tide,3.5,2025-10-19,neutral
V1194,Crimson Tide,4.5,2025-01-26,positive
V0184,Crimson Tide,3.7,2025-11-28,neutral
V1822,Crimson Tide,3.2,2025-05-27,neutral
V0077,Crimson Tide,3.3,2025-06-04,neutral
V0318,Crimson Tide,4.5,2025-04-27,positive
V0751,Crimson Tide,4.5,2025-01-25,positive
V1249,Crimson Tide,3.3,2025-05-24,neutral
V0919,Crimson Tide,4.4,2025-06-22,positive
V1554,Crimson Tide,2.8,2025-03-23,neutral
V0314,Crimson Tide,2.5,2025-11-16,neutral
V0034,Crimson Tide,3.9,2025-03-10,neutral
V0221,Crimson Tide,2.5,2025-04-21,neutral
V0045,Crimson Tide,3.5,2025-04-23,neutral
V0904,Crimson Tide,2.8,2025-02-04,neutral
V1846,Crimson Tide,3.4,2025-08-08,neutral
V1671,Crimson Tide,3.6,2025-01-06,neutral
V1590,Crimson Tide,3.4,2025-09-02,neutral
V1667,Crimson Tide,4.4,2025-06-11,positive
V0356,Crimson Tide,3.0,2025-05-23,neutral
V0161,Crimson Tide,4.3,2025-03-30,positive
V1139,Crimson Tide,2.9,2025-05-13,neutral
V0060,Crimson Tide,4.8,2025-04-21,positive
V1623,Crimson Tide,3.9,2025-03-09,neutral
V0939,Crimson Tide,4.5,2025-02-04,positive
V1658,Crimson Tide,4.3,2025-01-09,positive
V1962,Crimson Tide,2.8,2025-03-25,neutral
V0107,Crimson Tide,4.5,2025-07-11,positive
V1480,Crimson Tide,3.1,2025-07-31,neutral
V1809,Crimson Tide,4.4,2025-10-07,positive
V0209,Crimson Tide,4.2,2025-09-01,positive
V0658,Crimson Tide,4.1,2025-05-14,positive
V1705,Crimson Tide,3.0,2025-11-04,neutral
V0541,Crimson Tide,4.1,2025-01-26,positive
V0466,Crimson Tide,3.6,2025-10-02,neutral
V1616,Crimson Tide,2.9,2025-12-13,neutral
V1036,Crimson Tide,3.3,2025-02-02,neutral
V0083,Crimson Tide,3.4,2025-10-27,neutral
V0808,Crimson Tide,3.1,2025-10-01,neutral
V1039,Crimson Tide,3.7,2025-03-17,neutral
V1285,Crimson Tide,4.4,2025-04-07,positive
V0157,Crimson Tide,2.7,2025-04-06,neutral
V0097,Crimson Tide,4.9,2025-03-03,positive
V0086,Crimson Tide,5.0,2025-05-01,positive
V1133,Crimson Tide,4.4,2025-08-01,positive
V0103,Crimson Tide,4.9,2025-12-09,positive
V0152,Crimson Tide,4.7,2025-08-21,positive
V0993,Crimson Tide,4.5,2025-05-30,positive
V1910,Crimson Tide,3.4,2025-04-26,neutral
V1204,Crimson Tide,4.2,2025-11-14,positive
V0365,Crimson Tide,4.7,2025-11-03,positive
V1566,Crimson Tide,2.9,2025-02-26,neutral
V0292,Crimson Tide,4.4,2025-09-10,positive
V0512,Crimson Tide,3.0,2025-04-23,neutral
V0044,Crimson Tide,2.9,2025-07-04,neutral
V0232,Crimson Tide,4.2,2025-07-12,positive
V1404,Crimson Tide,4.1,2025-05-14,positive
V1741,Crimson Tide,4.4,2025-04-09,positive
V0004,Crimson Tide,3.0,2025-12-21,neutral
V2000,Crimson Tide,3.6,2025-05-29,neutral
V1854,Crimson Tide,4.6,2025-01-10,positive
V1023,Crimson Tide,4.8,2025-09-18,positive
V0025,Crimson Tide,4.5,2025-05-19,positive
V0022,Crimson Tide,3.4,2025-07-11,neutral
V1040,Crimson Tide,4.0,2025-12-17,positive
V1792,Crimson Tide,4.2,2025-06-10,positive
V1018,Crimson Tide,4.8,2025-05-12,positive
V0814,Crimson Tide,3.0,2025-08-07,neutral
V1941,Crimson Tide,3.5,2025-11-03,neutral
V0549,Crimson Tide,3.7,2025-04-05,neutral
V0654,Crimson Tide,3.4,2025-03-29,neutral
V0315,Crimson Tide,4.7,2025-01-09,positive
V0716,Crimson Tide,4.5,2025-10-05,positive
V0275,Crimson Tide,3.9,2025-01-15,neutral
V1900,Crimson Tide,3.2,2025-03-22,neutral
V0147,Crimson Tide,4.9,2025-06-15,positive
V1575,Crimson Tide,2.9,2025-07-30,neutral
V0651,Crimson Tide,4.3,2025-06-11,positive
V0824,Crimson Tide,3.7,2025-04-30,neutral
V1475,Crimson Tide,2.9,2025-03-20,neutral
V1275,Crimson Tide,4.9,2025-06-01,positive
V0088,Crimson Tide,3.3,2025-08-09,neutral
V1277,Winter's Edge,4.2,2025-09-21,positive
V0696,Winter's Edge,4.3,2025-02-19,positive
V0457,Winter's Edge,4.6,2025-12-02,positive
V0090,Winter's Edge,4.6,2025-05-20,positive
V0460,Winter's Edge,2.7,2025-12-27,neutral
V1316,Winter's Edge,2.9,2025-02-12,neutral
V1946,Winter's Edge,3.4,2025-03-30,neutral
V0607,Winter's Edge,4.7,2025-09-19,positive
V1457,Winter's Edge,4.7,2025-07-10,positive
V1113,Winter's Edge,5.0,2025-08-02,positive
V0611,Winter's Edge,4.0,2025-01-05,positive
V1088,Winter's Edge,3.8,2025-06-17,neutral
V0798,Winter's Edge,4.4,2025-06-08,positive
V1715,Winter's Edge,4.5,2025-12-11,positive
V0364,Winter's Edge,4.8,2025-10-19,positive
V1020,Winter's Edge,3.7,2025-08-15,neutral
V1704,Winter's Edge,4.4,2025-06-10,positive
V1966,Winter's Edge,3.2,2025-07-18,neutral
V1783,Winter's Edge,4.4,2025-07-24,positive
V0244,Winter's Edge,2.8,2025-11-02,neutral
V0607,Winter's Edge,4.0,2025-12-04,positive
V1465,Winter's Edge,2.9,2025-08-12,neutral
V0396,Winter's Edge,4.2,2025-04-04,positive
V0094,Winter's Edge,3.1,2025-05-26,neutral
V0445,Winter's Edge,3.7,2025-02-27,neutral
V1047,Winter's Edge,4.3,2025-10-18,positive
V0230,Winter's Edge,4.0,2025-02-16,positive
V0315,Winter's Edge,4.0,2025-07-28,positive
V1256,Winter's Edge,3.8,2025-05-23,neutral
V1335,Winter's Edge,3.0,2025-03-24,neutral
V1507,Winter's Edge,3.0,2025-10-09,neutral
V0885,Winter's Edge,4.3,2025-08-05,positive
V1527,Winter's Edge,2.7,2025-03-28,neutral
V0713,Winter's Edge,3.8,2025-04-11,neutral
V0397,Winter's Edge,4.7,2025-10-06,positive
V0008,Winter's Edge,3.3,2025-06-14,neutral
V0368,Winter's Edge,3.8,2025-05-19,neutral
V0482,Winter's Edge,4.8,2025-10-09,positive
V1133,Winter's Edge,3.5,2025-12-19,neutral
V1660,Winter's Edge,4.4,2025-11-12,positive
V1572,Winter's Edge,3.6,2025-11-10,neutral
V1094,Winter's Edge,4.6,2025-12-24,positive
V1549,Winter's Edge,4.6,2025-08-12,positive
V0364,Winter's Edge,3.0,2025-10-12,neutral
V1787,Winter's Edge,3.5,2025-09-14,neutral
V1618,Winter's Edge,3.7,2025-04-15,neutral
V1844,Winter's Edge,4.1,2025-02-12,positive
V1809,Winter's Edge,4.8,2025-11-20,positive
V1537,Winter's Edge,3.6,2025-07-26,neutral
V0508,Winter's Edge,4.9,2025-08-11,positive
V0223,Winter's Edge,3.0,2025-01-01,neutral
V1360,Winter's Edge,3.0,2025-09-16,neutral
V0463,Winter's Edge,4.2,2025-11-08,positive
V1740,Winter's Edge,3.1,2025-09-18,neutral
V1839,Winter's Edge,4.0,2025-04-06,positive
V1754,Winter's Edge,3.3,2025-02-02,neutral
V1921,Winter's Edge,4.9,2025-12-25,positive
V0988,Winter's Edge,4.1,2025-09-10,positive
V0866,Winter's Edge,4.6,2025-11-19,positive
V0343,Winter's Edge,4.8,2025-01-04,positive
V1071,Winter's Edge,4.5,2025-02-21,positive
V0507,Winter's Edge,3.7,2025-02-08,neutral
V0911,Winter's Edge,4.8,2025-07-29,positive
V1423,Winter's Edge,4.0,2025-02-26,positive
V1187,Winter's Edge,3.9,2025-10-01,neutral
V0613,Winter's Edge,2.9,2025-06-29,neutral
V1384,Winter's Edge,4.6,2025-01-09,positive
V0309,Winter's Edge,3.4,2025-12-26,neutral
V1953,Winter's Edge,4.4,2025-07-24,positive
V1253,Winter's Edge,2.7,2025-07-01,neutral
V0663,Winter's Edge,4.0,2025-08-18,positive
V1215,Winter's Edge,2.9,2025-10-17,neutral
V0668,Winter's Edge,4.2,2025-04-25,positive
V1287,Winter's Edge,3.6,2025-11-22,neutral
V0611,Winter's Edge,4.0,2025-03-11,positive
V0912,Winter's Edge,2.9,2025-05-18,neutral
V1265,Winter's Edge,5.0,2025-07-30,positive
V0624,Winter's Edge,3.9,2025-02-02,neutral
V0812,Winter's Edge,2.5,2025-09-06,neutral
V1602,Winter's Edge,4.2,2025-11-01,positive
V1020,Winter's Edge,4.2,2025-05-11,positive
V1743,Winter's Edge,3.2,2025-10-20,neutral
V1953,Winter's Edge,4.0,2025-09-18,positive
V1033,Winter's Edge,3.7,2025-06-04,neutral
V0592,Winter's Edge,4.1,2025-08-23,positive
V0423,Winter's Edge,3.8,2025-07-24,neutral
V1093,Winter's Edge,3.2,2025-02-24,neutral
V1197,Winter's Edge,3.2,2025-10-01,neutral
V0021,Winter's Edge,4.1,2025-11-06,positive
V1652,Winter's Edge,3.3,2025-07-21,neutral
V0351,Winter's Edge,5.0,2025-03-02,positive
V0336,Winter's Edge,3.6,2025-07-24,neutral
V0813,Winter's Edge,4.0,2025-07-24,positive
V0126,Winter's Edge,2.9,2025-01-10,neutral
V1095,Winter's Edge,2.8,2025-05-10,neutral
V0454,Winter's Edge,3.8,2025-01-01,neutral
V1138,Winter's Edge,4.5,2025-04-08,positive
V0676,Winter's Edge,4.5,2025-09-05,positive
V1129,Winter's Edge,4.3,2025-05-02,positive
V0537,Winter's Edge,3.5,2025-02-24,neutral
V1773,Winter's Edge,4.8,2025-05-02,positive
V0916,Winter's Edge,2.6,2025-07-09,neutral
V0436,Winter's Edge,4.3,2025-01-24,positive
V1557,Winter's Edge,4.0,2025-12-14,positive
V1781,Winter's Edge,3.0,2025-11-02,neutral
V1867,Winter's Edge,2.7,2025-07-03,neutral
V0535,Winter's Edge,3.6,2025-10-17,neutral
V1109,Winter's Edge,5.0,2025-12-07,positive
V0885,Winter's Edge,3.8,2025-08-18,neutral
V0983,Winter's Edge,3.8,2025-01-10,neutral
V0332,Winter's Edge,4.5,2025-08-01,positive
V0064,Winter's Edge,3.0,2025-02-27,neutral
V0763,Winter's Edge,3.1,2025-12-19,neutral
V0606,Blue Horizon,3.1,2025-06-05,neutral
V1232,Blue Horizon,3.5,2025-11-01,neutral
V0562,Blue Horizon,3.6,2025-12-07,neutral
V1849,Blue Horizon,3.4,2025-07-25,neutral
V0617,Blue Horizon,4.5,2025-01-20,positive
V0259,Blue Horizon,3.4,2025-03-01,neutral
V1224,Blue Horizon,2.8,2025-08-12,neutral
V1910,Blue Horizon,3.0,2025-08-06,neutral
V1752,Blue Horizon,2.5,2025-04-03,neutral
V0484,Blue Horizon,4.1,2025-04-21,positive
V0604,Blue Horizon,3.1,2025-08-14,neutral
V0630,Blue Horizon,3.3,2025-09-03,neutral
V0591,Blue Horizon,3.4,2025-12-17,neutral
V0457,Blue Horizon,2.9,2025-11-04,neutral
V1737,Blue Horizon,3.3,2025-04-29,neutral
V1002,Blue Horizon,3.2,2025-02-11,neutral
V1493,Blue Horizon,2.9,2025-06-28,neutral
V1698,Blue Horizon,4.4,2025-11-02,positive
V0808,Blue Horizon,4.9,2025-03-07,positive
V1906,Blue Horizon,4.4,2025-02-04,positive
V0486,Blue Horizon,4.9,2025-11-24,positive
V1014,Blue Horizon,3.2,2025-03-22,neutral
V1316,Blue Horizon,4.0,2025-10-07,positive
V1139,Blue Horizon,3.3,2025-06-14,neutral
V0666,Blue Horizon,4.2,2025-03-29,positive
V0349,Blue Horizon,2.8,2025-12-15,neutral
V1760,Blue Horizon,2.8,2025-06-10,neutral
V1029,Blue Horizon,4.0,2025-06-17,positive
V0919,Blue Horizon,4.8,2025-02-04,positive
V1084,Blue Horizon,3.3,2025-11-23,neutral
V0190,Blue Horizon,3.3,2025-05-13,neutral
V0966,Blue Horizon,4.1,2025-04-28,positive
V0731,Blue Horizon,4.7,2025-03-14,positive
V1499,Blue Horizon,4.5,2025-06-01,positive
V0945,Blue Horizon,3.3,2025-03-02,neutral
V1651,Blue Horizon,3.1,2025-10-20,neutral
V1736,Blue Horizon,3.3,2025-11-05,neutral
V1001,Blue Horizon,3.1,2025-09-19,neutral
V0256,Blue Horizon,2.7,2025-09-29,neutral
V1613,Blue Horizon,3.1,2025-02-05,neutral
V1320,Blue Horizon,5.0,2025-09-24,positive
V0875,Blue Horizon,3.8,2025-01-20,neutral
V1822,Blue Horizon,3.9,2025-03-31,neutral
V0723,Blue Horizon,3.7,2025-03-31,neutral
V0020,Blue Horizon,3.6,2025-05-27,neutral
V0648,Blue Horizon,3.0,2025-12-17,neutral
V0912,Blue Horizon,3.3,2025-12-21,neutral
V1354,Blue Horizon,4.3,2025-04-19,positive
V0989,Blue Horizon,3.8,2025-09-20,neutral
V1769,Blue Horizon,4.2,2025-02-24,positive
V0386,Blue Horizon,3.5,2025-05-30,neutral
V0180,Blue Horizon,3.4,2025-09-03,neutral
V0333,Blue Horizon,4.0,2025-10-31,positive
V0134,Blue Horizon,4.5,2025-06-08,positive
V0280,Blue Horizon,3.1,2025-10-28,neutral
V0771,Blue Horizon,3.2,2025-11-19,neutral
V1856,Blue Horizon,4.0,2025-06-24,positive
V1200,Blue Horizon,2.8,2025-01-15,neutral
V1091,Blue Horizon,3.7,2025-11-01,neutral
V1183,Blue Horizon,3.1,2025-01-09,neutral
V1907,Blue Horizon,2.9,2025-12-17,neutral
V1443,Blue Horizon,3.5,2025-02-13,neutral
V1070,Blue Horizon,2.9,2025-05-29,neutral
V0604,Blue Horizon,4.8,2025-07-19,positive
V1591,Blue Horizon,4.4,2025-09-22,positive
V1846,Blue Horizon,3.6,2025-12-10,neutral
V0760,Blue Horizon,4.8,2025-08-13,positive
V0760,Blue Horizon,4.3,2025-09-09,positive
V0714,Blue Horizon,3.8,2025-09-24,neutral
V0228,Blue Horizon,2.9,2025-10-31,neutral
V0904,Blue Horizon,3.8,2025-10-26,neutral
V1353,Blue Horizon,4.6,2025-12-06,positive
V1680,Blue Horizon,3.9,2025-03-12,neutral
V1310,Blue Horizon,3.6,2025-11-08,neutral
V0168,Blue Horizon,3.3,2025-08-25,neutral
V1190,Blue Horizon,4.9,2025-09-28,positive
V1896,Blue Horizon,4.5,2025-06-18,positive
V1628,Blue Horizon,4.4,2025-04-16,positive
V0328,Blue Horizon,5.0,2025-09-25,positive
V0215,Blue Horizon,3.0,2025-02-12,neutral
V0061,Blue Horizon,3.4,2025-04-18,neutral
V0890,Blue Horizon,2.7,2025-10-02,neutral
V0504,Blue Horizon,3.7,2025-11-09,neutral
V1104,Blue Horizon,4.8,2025-02-10,positive
V1181,Blue Horizon,2.6,2025-01-06,neutral
V1629,Blue Horizon,4.7,2025-11-13,positive
V1728,Blue Horizon,2.9,2025-10-21,neutral
V0216,Blue Horizon,2.6,2025-08-16,neutral
V0647,Blue Horizon,3.6,2025-03-17,neutral
V0867,Blue Horizon,4.6,2025-10-27,positive
V0766,Blue Horizon,4.1,2025-02-15,positive
V1525,Blue Horizon,2.6,2025-09-16,neutral
V1479,Blue Horizon,2.5,2025-08-26,neutral
V1713,Blue Horizon,2.8,2025-12-09,neutral
V0809,Blue Horizon,2.8,2025-01-11,neutral
V1179,Blue Horizon,2.7,2025-05-04,neutral
V0510,Blue Horizon,3.9,2025-09-30,neutral
V0972,Blue Horizon,4.7,2025-06-07,positive
V0716,Blue Horizon,3.6,2025-03-04,neutral
V1176,Blue Horizon,3.3,2025-01-31,neutral
V1096,Blue Horizon,4.3,2025-02-21,positive
V0088,Blue Horizon,4.7,2025-05-26,positive
V0614,Blue Horizon,3.0,2025-04-19,neutral
V0143,Blue Horizon,4.5,2025-06-25,positive
V1088,Blue Horizon,4.4,2025-09-12,positive
V0287,Blue Horizon,4.2,2025-08-14,positive
V1044,Blue Horizon,3.1,2025-11-03,neutral
V0724,Blue Horizon,2.7,2025-05-04,neutral
V0015,Blue Horizon,3.3,2025-11-17,neutral
V1790,Blue Horizon,4.1,2025-08-09,positive
V0598,Blue Horizon,2.7,2025-08-19,neutral
V0685,Blue Horizon,3.1,2025-07-17,neutral
V0999,Blue Horizon,3.4,2025-10-18,neutral
V1797,Blue Horizon,3.2,2025-03-01,neutral
V0805,Blue Horizon,4.2,2025-12-14,positive
V1717,Blue Horizon,3.7,2025-09-18,neutral
V0373,Blue Horizon,2.9,2025-08-22,neutral
V1218,Blue Horizon,4.1,2025-08-04,positive
V0840,Blue Horizon,3.1,2025-01-03,neutral
V0363,Blue Horizon,4.5,2025-09-24,positive
V0526,Blue Horizon,4.2,2025-02-05,positive
V0157,Blue Horizon,4.1,2025-01-18,positive
V1427,Blue Horizon,3.3,2025-08-25,neutral
V1827,Blue Horizon,4.7,2025-04-15,positive
V1301,Blue Horizon,3.2,2025-06-03,neutral
V1998,Blue Horizon,2.6,2025-07-11,neutral
V1371,Blue Horizon,2.8,2025-10-14,neutral
V0439,Blue Horizon,3.7,2025-01-05,neutral
V0428,Blue Horizon,4.6,2025-08-05,positive
V1787,Blue Horizon,3.1,2025-02-22,neutral
V0555,Blue Horizon,4.4,2025-08-21,positive
V0471,Blue Horizon,3.0,2025-10-31,neutral
V0045,Blue Horizon,4.5,2025-10-22,positive
V0857,Blue Horizon,4.2,2025-09-11,positive
V1763,Blue Horizon,4.1,2025-12-04,positive
V1418,Blue Horizon,2.9,2025-01-02,neutral
V1099,Blue Horizon,3.8,2025-05-23,neutral
V1568,Blue Horizon,4.4,2025-05-19,positive
V0719,Blue Horizon,3.1,2025-02-27,neutral
V1703,Blue Horizon,4.7,2025-06-18,positive
V0279,Blue Horizon,3.2,2025-09-09,neutral
V0403,Blue Horizon,3.6,2025-01-11,neutral
V1133,Blue Horizon,4.5,2025-10-14,positive
V1552,Blue Horizon,4.6,2025-07-16,positive
V1589,Blue Horizon,4.9,2025-01-18,positive
V1210,Blue Horizon,4.8,2025-09-15,positive
V1039,Blue Horizon,3.7,2025-09-10,neutral
V1336,Blue Horizon,3.1,2025-07-03,neutral
V0480,Blue Horizon,4.4,2025-04-20,positive
V0921,Blue Horizon,2.7,2025-01-08,neutral
V1470,Blue Horizon,4.1,2025-01-05,positive
V0231,Blue Horizon,4.6,2025-06-28,positive
V1789,Blue Horizon,3.0,2025-08-03,neutral
V0262,Blue Horizon,3.2,2025-07-22,neutral
V0342,Blue Horizon,2.7,2025-01-21,neutral
V1736,Blue Horizon,3.1,2025-03-29,neutral
V0175,Blue Horizon,4.1,2025-11-09,positive
V0923,Blue Horizon,3.2,2025-08-25,neutral
V0573,Blue Horizon,4.3,2025-02-03,positive
V1014,Blue Horizon,4.3,2025-12-20,positive
V0205,Blue Horizon,3.2,2025-10-17,neutral
V1600,Blue Horizon,4.1,2025-05-03,positive
V0122,Blue Horizon,4.0,2025-11-15,positive
V0203,Blue Horizon,2.9,2025-11-21,neutral
V0568,Blue Horizon,2.6,2025-10-06,neutral
V1496,Blue Horizon,4.4,2025-10-13,positive
V0524,Blue Horizon,3.0,2025-10-22,neutral
V0765,Blue Horizon,4.6,2025-02-10,positive
V1625,Blue Horizon,2.5,2025-03-15,neutral
V1705,Blue Horizon,3.0,2025-12-22,neutral
V0859,Blue Horizon,4.6,2025-02-21,positive
V0106,Blue Horizon,3.5,2025-01-19,neutral
V0884,Blue Horizon,3.0,2025-02-20,neutral
V0973,Blue Horizon,3.5,2025-01-07,neutral
V1423,Blue Horizon,4.8,2025-12-01,positive
V0311,Blue Horizon,3.3,2025-01-18,neutral
V1623,Blue Horizon,4.5,2025-05-02,positive
V1478,Blue Horizon,3.4,2025-03-11,neutral
V0839,Blue Horizon,2.5,2025-10-06,neutral
V0953,Blue Horizon,2.6,2025-09-01,neutral
V0197,Blue Horizon,3.3,2025-09-11,neutral
V1635,Blue Horizon,2.6,2025-10-16,neutral
V0945,Blue Horizon,2.7,2025-04-21,neutral
V1542,Blue Horizon,2.9,2025-01-18,neutral
V0192,Blue Horizon,4.5,2025-02-25,positive
V1160,Blue Horizon,3.7,2025-01-22,neutral
V0155,Blue Horizon,2.9,2025-12-02,neutral
V0246,Blue Horizon,3.1,2025-01-13,neutral
V1783,Blue Horizon,4.4,2025-12-30,positive
V1623,Blue Horizon,2.8,2025-02-27,neutral
V0343,Blue Horizon,4.9,2025-10-08,positive
V0971,Blue Horizon,3.3,2025-01-04,neutral
V0834,Blue Horizon,2.9,2025-01-28,neutral
V0462,Blue Horizon,4.5,2025-06-04,positive
V1849,Blue Horizon,2.9,2025-03-09,neutral
V1327,Blue Horizon,3.4,2025-07-23,neutral
V0440,Blue Horizon,2.7,2025-10-28,neutral
V1872,Phantom Signal,4.0,2025-12-07,positive
V0625,Phantom Signal,3.7,2025-08-17,neutral
V0370,Phantom Signal,3.0,2025-07-12,neutral
V0375,Phantom Signal,3.4,2025-08-04,neutral
V0194,Phantom Signal,3.7,2025-04-26,neutral
V0162,Phantom Signal,4.5,2025-11-30,positive
V1475,Phantom Signal,4.9,2025-10-13,positive
V0275,Phantom Signal,4.6,2025-05-19,positive
V0736,Phantom Signal,2.8,2025-10-27,neutral
V0076,Phantom Signal,3.9,2025-03-09,neutral
V0227,Phantom Signal,3.8,2025-06-13,neutral
V1889,Phantom Signal,3.6,2025-02-16,neutral
V1804,Phantom Signal,4.3,2025-07-27,positive
V1501,Phantom Signal,4.7,2025-11-07,positive
V0523,Phantom Signal,4.5,2025-09-03,positive
V1861,Phantom Signal,2.8,2025-09-21,neutral
V0950,Phantom Signal,4.8,2025-07-14,positive
V1025,Phantom Signal,3.6,2025-09-27,neutral
V0049,Phantom Signal,3.6,2025-09-19,neutral
V1347,Phantom Signal,4.9,2025-10-13,positive
V0225,Phantom Signal,3.2,2025-10-20,neutral
V1734,Phantom Signal,3.6,2025-10-18,neutral
V0090,Phantom Signal,4.3,2025-01-26,positive
V1565,Phantom Signal,4.4,2025-09-28,positive
V1931,Phantom Signal,4.9,2025-04-14,positive
V1281,Phantom Signal,4.5,2025-03-07,positive
V0472,Phantom Signal,3.8,2025-05-23,neutral
V0554,Phantom Signal,2.6,2025-08-18,neutral
V0324,Phantom Signal,4.9,2025-03-02,positive
V0841,Phantom Signal,3.0,2025-06-13,neutral
V1464,Phantom Signal,5.0,2025-01-05,positive
V0409,Phantom Signal,4.4,2025-09-09,positive
V1775,Phantom Signal,3.3,2025-01-08,neutral
V1800,Phantom Signal,2.5,2025-04-17,neutral
V0043,Phantom Signal,3.4,2025-01-10,neutral
V1625,Phantom Signal,5.0,2025-05-30,positive
V0929,Phantom Signal,4.0,2025-05-03,positive
V0007,Phantom Signal,4.4,2025-09-22,positive
V1164,Phantom Signal,2.8,2025-02-16,neutral
V1635,Phantom Signal,4.9,2025-01-02,positive
V1742,Phantom Signal,4.4,2025-02-17,positive
V1286,Phantom Signal,2.8,2025-03-19,neutral
V1013,Phantom Signal,4.4,2025-04-14,positive
V1192,Phantom Signal,4.4,2025-12-11,positive
V1489,Phantom Signal,4.0,2025-08-24,positive
V0796,Phantom Signal,4.3,2025-01-05,positive
V0615,Phantom Signal,4.9,2025-10-06,positive
V1931,Phantom Signal,5.0,2025-10-08,positive
V0796,Phantom Signal,2.6,2025-05-06,neutral
V1223,Phantom Signal,4.2,2025-10-29,positive
V0511,Phantom Signal,2.7,2025-08-11,neutral
V1711,Phantom Signal,2.7,2025-05-06,neutral
V0197,Phantom Signal,3.3,2025-09-25,neutral
V1357,Phantom Signal,3.4,2025-11-06,neutral
V0531,Phantom Signal,4.4,2025-06-18,positive
V1972,Phantom Signal,2.5,2025-06-08,neutral
V1303,Phantom Signal,4.2,2025-05-14,positive
V0141,Phantom Signal,4.4,2025-07-05,positive
V0569,Phantom Signal,3.6,2025-07-31,neutral
V0769,Phantom Signal,3.1,2025-10-22,neutral
V1192,Phantom Signal,3.5,2025-12-27,neutral
V0905,Phantom Signal,2.7,2025-03-17,neutral
V1128,Phantom Signal,4.1,2025-03-12,positive
V0033,Phantom Signal,3.8,2025-03-13,neutral
V0188,Phantom Signal,4.8,2025-12-19,positive
V1337,Phantom Signal,4.0,2025-04-24,positive
V1571,Phantom Signal,2.9,2025-05-28,neutral
V1825,Phantom Signal,3.8,2025-07-20,neutral
V1026,Phantom Signal,4.2,2025-02-05,positive
V1854,Phantom Signal,4.5,2025-03-11,positive
V0735,Phantom Signal,3.5,2025-11-23,neutral
V0328,Phantom Signal,3.6,2025-04-24,neutral
V0018,Phantom Signal,4.0,2025-05-31,positive
V1581,Phantom Signal,3.9,2025-10-14,neutral
V0680,Phantom Signal,4.2,2025-02-24,positive
V1922,Phantom Signal,4.5,2025-02-05,positive
V1996,Phantom Signal,2.5,2025-06-17,neutral
V1364,Phantom Signal,2.6,2025-07-23,neutral
V0952,Phantom Signal,2.6,2025-11-05,neutral
V0874,Phantom Signal,2.7,2025-07-29,neutral
V1151,Phantom Signal,3.6,2025-05-05,neutral
V0061,Phantom Signal,4.4,2025-02-15,positive
V0360,Phantom Signal,2.8,2025-04-13,neutral
V1506,Phantom Signal,3.4,2025-11-18,neutral
V0257,Phantom Signal,3.2,2025-01-16,neutral
V1091,Phantom Signal,4.3,2025-07-11,positive
V0892,Phantom Signal,4.5,2025-06-16,positive
V1826,Phantom Signal,4.3,2025-05-13,positive
V1988,Phantom Signal,4.7,2025-06-06,positive
V0901,Phantom Signal,4.6,2025-08-03,positive
V0615,Phantom Signal,2.6,2025-07-16,neutral
V1274,Phantom Signal,2.5,2025-02-15,neutral
V1023,Phantom Signal,4.9,2025-11-17,positive
V0634,Phantom Signal,3.1,2025-09-09,neutral
V0717,Phantom Signal,2.7,2025-10-13,neutral
V0840,Phantom Signal,4.9,2025-10-01,positive
V1551,Phantom Signal,2.8,2025-02-21,neutral
V0940,Phantom Signal,3.5,2025-12-09,neutral
V0008,Phantom Signal,3.5,2025-09-18,neutral
V1658,Phantom Signal,4.8,2025-07-18,positive
V1604,Phantom Signal,4.6,2025-07-24,positive
V0566,Phantom Signal,4.1,2025-02-09,positive
V0906,Phantom Signal,3.6,2025-07-29,neutral
V1754,Phantom Signal,3.2,2025-05-19,neutral
V0957,Phantom Signal,3.9,2025-02-11,neutral
V1309,Phantom Signal,2.6,2025-04-17,neutral
V1997,Phantom Signal,3.3,2025-02-25,neutral
V1159,Phantom Signal,4.9,2025-09-05,positive
V0258,Phantom Signal,3.2,2025-05-01,neutral
V0430,Phantom Signal,4.3,2025-06-07,positive
V1800,Phantom Signal,4.9,2025-07-13,positive
V0309,Phantom Signal,4.1,2025-02-14,positive
V1728,Phantom Signal,4.4,2025-05-10,positive
V0336,Phantom Signal,4.5,2025-07-02,positive
V0036,Phantom Signal,3.2,2025-07-24,neutral
V0580,Phantom Signal,4.4,2025-11-26,positive
V0208,Phantom Signal,3.7,2025-12-10,neutral
V0401,Phantom Signal,3.8,2025-10-07,neutral
V0950,Phantom Signal,4.2,2025-05-08,positive
V0479,Phantom Signal,4.2,2025-06-07,positive
V1616,Phantom Signal,4.7,2025-05-28,positive
V1652,Phantom Signal,3.8,2025-04-02,neutral
V0568,Phantom Signal,3.8,2025-10-28,neutral
V0830,Phantom Signal,4.4,2025-07-27,positive
V0712,Phantom Signal,5.0,2025-02-20,positive
V0373,Phantom Signal,4.7,2025-02-16,positive
V0637,Phantom Signal,3.2,2025-04-11,neutral
V1643,Phantom Signal,2.6,2025-04-06,neutral
V1451,Phantom Signal,4.0,2025-07-25,positive
V1948,Phantom Signal,4.6,2025-09-28,positive
V0491,Phantom Signal,4.3,2025-09-12,positive
V1315,Phantom Signal,5.0,2025-09-16,positive
V0415,Phantom Signal,4.2,2025-03-25,positive
V0216,Phantom Signal,4.6,2025-11-01,positive
V1276,Phantom Signal,2.6,2025-11-06,neutral
V0184,Phantom Signal,2.5,2025-05-22,neutral
V0610,Phantom Signal,3.1,2025-09-01,neutral
V1537,Phantom Signal,2.7,2025-12-20,neutral
V1685,Phantom Signal,3.9,2025-08-27,neutral
V0094,Phantom Signal,4.4,2025-02-23,positive
V1811,Phantom Signal,4.8,2025-03-21,positive
V1401,Phantom Signal,5.0,2025-11-12,positive
V1479,Phantom Signal,4.0,2025-09-17,positive
V0584,Phantom Signal,3.8,2025-11-22,neutral
V1777,Phantom Signal,4.1,2025-07-06,positive
V0158,Phantom Signal,3.4,2025-04-16,neutral
V0692,Phantom Signal,2.8,2025-09-29,neutral
V0968,Phantom Signal,4.2,2025-03-27,positive
V1715,Phantom Signal,2.5,2025-08-16,neutral
V0282,Phantom Signal,2.6,2025-08-28,neutral
V0465,Phantom Signal,3.5,2025-08-28,neutral
V0874,Phantom Signal,3.8,2025-01-15,neutral
V1596,Phantom Signal,4.6,2025-11-12,positive
V0266,Phantom Signal,4.7,2025-04-14,positive
V1205,Phantom Signal,3.1,2025-11-21,neutral
V1005,Phantom Signal,3.7,2025-03-03,neutral
V1716,Phantom Signal,4.7,2025-04-27,positive
V1147,Phantom Signal,2.5,2025-02-24,neutral
V1635,Phantom Signal,4.2,2025-05-27,positive
V1468,Phantom Signal,3.4,2025-10-09,neutral
V1776,Phantom Signal,2.9,2025-09-14,neutral
V0527,Phantom Signal,3.0,2025-12-09,neutral
V1573,Phantom Signal,3.5,2025-03-11,neutral
V0382,Phantom Signal,2.8,2025-03-25,neutral
V1199,Phantom Signal,3.5,2025-01-20,neutral
V1370,Phantom Signal,4.6,2025-07-15,positive
V0532,Phantom Signal,2.5,2025-07-23,neutral
V1641,Phantom Signal,3.4,2025-08-15,neutral
V0895,Phantom Signal,3.1,2025-11-14,neutral
V1741,Phantom Signal,4.8,2025-07-06,positive
V1932,Phantom Signal,2.6,2025-03-14,neutral
V0237,Phantom Signal,4.6,2025-07-28,positive
V0796,Phantom Signal,4.8,2025-02-07,positive
V0405,Rising Storm,4.9,2025-07-06,positive
V1666,Rising Storm,3.1,2025-11-29,neutral
V1602,Rising Storm,3.0,2025-03-22,neutral
V1533,Rising Storm,3.8,2025-12-22,neutral
V0455,Rising Storm,3.9,2025-10-23,neutral
V0600,Rising Storm,2.6,2025-09-15,neutral
V0618,Rising Storm,4.0,2025-02-24,positive
V1658,Rising Storm,3.3,2025-02-08,neutral
V0469,Rising Storm,3.4,2025-01-24,neutral
V0146,Rising Storm,3.4,2025-07-13,neutral
V1654,Rising Storm,4.2,2025-10-09,positive
V0828,Rising Storm,4.7,2025-05-06,positive
V1259,Rising Storm,3.9,2025-06-18,neutral
V0192,Rising Storm,4.6,2025-01-02,positive
V1804,Rising Storm,3.6,2025-05-22,neutral
V1575,Rising Storm,4.6,2025-03-21,positive
V1199,Rising Storm,2.8,2025-08-06,neutral
V0968,Rising Storm,3.3,2025-05-07,neutral
V1567,Rising Storm,4.4,2025-02-26,positive
V1856,Rising Storm,3.3,2025-08-18,neutral
V0202,Rising Storm,3.4,2025-03-10,neutral
V1153,Rising Storm,3.4,2025-09-12,neutral
V0532,Rising Storm,4.8,2025-03-21,positive
V0094,Rising Storm,3.7,2025-12-10,neutral
V0466,Rising Storm,3.2,2025-07-16,neutral
V0600,Rising Storm,4.6,2025-08-11,positive
V0758,Rising Storm,3.7,2025-05-24,neutral
V0290,Rising Storm,3.6,2025-01-19,neutral
V0056,Rising Storm,4.6,2025-08-24,positive
V0950,Rising Storm,4.5,2025-03-04,positive
V1546,Rising Storm,5.0,2025-11-30,positive
V1542,Rising Storm,4.3,2025-04-28,positive
V0444,Rising Storm,3.3,2025-02-20,neutral
V0468,Rising Storm,3.0,2025-09-29,neutral
V0906,Rising Storm,4.6,2025-06-01,positive
V1031,Rising Storm,4.2,2025-06-16,positive
V0786,Rising Storm,2.9,2025-01-26,neutral
V0532,Rising Storm,3.5,2025-07-21,neutral
V0303,Rising Storm,3.8,2025-08-19,neutral
V0615,Rising Storm,3.6,2025-01-24,neutral
V0279,Rising Storm,4.7,2025-01-06,positive
V1400,Rising Storm,4.9,2025-04-16,positive
V1761,Rising Storm,3.3,2025-12-28,neutral
V1489,Rising Storm,3.5,2025-10-08,neutral
V0856,Rising Storm,4.0,2025-12-21,positive
V0447,Rising Storm,3.8,2025-09-28,neutral
V0974,Rising Storm,4.7,2025-11-07,positive
V1422,Rising Storm,3.8,2025-01-16,neutral
V1918,Rising Storm,4.0,2025-09-25,positive
V0479,Rising Storm,3.3,2025-04-01,neutral
V0759,Rising Storm,3.4,2025-05-01,neutral
V0053,Rising Storm,4.6,2025-12-18,positive
V1582,Rising Storm,3.9,2025-03-16,neutral
V1521,Rising Storm,3.3,2025-02-12,neutral
V1749,Rising Storm,3.1,2025-08-19,neutral
V0019,Rising Storm,4.1,2025-06-10,positive
V0659,Rising Storm,4.3,2025-07-30,positive
V1025,Rising Storm,3.7,2025-11-01,neutral
V0695,Rising Storm,3.6,2025-06-26,neutral
V0158,Rising Storm,2.6,2025-10-28,neutral
V1703,Rising Storm,4.6,2025-09-27,positive
V0977,Rising Storm,4.4,2025-04-18,positive
V0267,Rising Storm,3.0,2025-08-22,neutral
V1447,Rising Storm,4.1,2025-04-01,positive
V0988,Rising Storm,2.7,2025-02-22,neutral
V0952,Rising Storm,3.7,2025-07-09,neutral
V1243,Rising Storm,2.8,2025-03-03,neutral
V0337,Rising Storm,2.9,2025-01-30,neutral
V1809,Rising Storm,3.2,2025-10-06,neutral
V1715,Rising Storm,3.9,2025-10-10,neutral
V0067,Rising Storm,2.8,2025-07-11,neutral
V0871,Rising Storm,4.0,2025-10-24,positive
V1652,Rising Storm,4.7,2025-04-02,positive
V1530,Rising Storm,5.0,2025-07-31,positive
V1628,Rising Storm,5.0,2025-10-09,positive
V1824,Rising Storm,3.5,2025-05-17,neutral
V1015,Rising Storm,3.9,2025-02-09,neutral
V1779,Rising Storm,4.7,2025-02-06,positive
V1556,Rising Storm,4.5,2025-01-10,positive
V0165,Rising Storm,3.6,2025-07-24,neutral
V1595,Rising Storm,4.2,2025-01-21,positive
V1928,Rising Storm,3.0,2025-01-17,neutral
V0379,Rising Storm,3.0,2025-07-31,neutral
V1878,Rising Storm,3.1,2025-05-24,neutral
V0232,Rising Storm,3.2,2025-08-14,neutral
V0909,Rising Storm,4.8,2025-08-10,positive
V0011,Rising Storm,3.9,2025-10-04,neutral
V1519,Rising Storm,3.3,2025-07-23,neutral
V0125,Rising Storm,4.0,2025-03-22,positive
V1255,Rising Storm,4.2,2025-10-09,positive
V0449,Rising Storm,3.7,2025-11-06,neutral
V0324,Rising Storm,4.7,2025-09-10,positive
V0328,Rising Storm,3.5,2025-10-21,neutral
V0713,Rising Storm,4.9,2025-11-30,positive
V1154,Rising Storm,4.6,2025-08-08,positive
V1472,Rising Storm,4.1,2025-08-03,positive
V1688,Rising Storm,2.9,2025-03-29,neutral
V1320,Rising Storm,3.0,2025-06-05,neutral
V1002,Rising Storm,4.1,2025-05-16,positive
V0766,Rising Storm,2.5,2025-01-12,neutral
V1760,Rising Storm,4.5,2025-10-07,positive
V0858,Rising Storm,4.4,2025-09-11,positive
V1734,Rising Storm,3.9,2025-01-12,neutral
V1363,Rising Storm,4.6,2025-02-22,positive
V0352,Rising Storm,3.0,2025-11-01,neutral
V0160,Rising Storm,4.9,2025-07-10,positive
V1807,Rising Storm,3.2,2025-05-02,neutral
V1173,The Lost Archive,2.9,2025-01-18,neutral
V0322,The Lost Archive,3.1,2025-06-28,neutral
V0355,The Lost Archive,3.1,2025-01-04,neutral
V0138,The Lost Archive,3.4,2025-01-21,neutral
V1336,The Lost Archive,4.9,2025-06-19,positive
V0233,The Lost Archive,3.1,2025-11-13,neutral
V0692,The Lost Archive,4.3,2025-05-26,positive
V1839,The Lost Archive,3.5,2025-01-18,neutral
V1033,The Lost Archive,3.2,2025-10-11,neutral
V1605,The Lost Archive,4.4,2025-04-17,positive
V0503,The Lost Archive,3.2,2025-04-09,neutral
V0505,The Lost Archive,4.0,2025-07-21,positive
V0271,The Lost Archive,2.6,2025-01-04,neutral
V1156,The Lost Archive,3.1,2025-10-03,neutral
V0259,The Lost Archive,2.7,2025-05-18,neutral
V1802,The Lost Archive,4.5,2025-10-24,positive
V1539,The Lost Archive,4.8,2025-11-03,positive
V1253,The Lost Archive,4.9,2025-11-04,positive
V0242,The Lost Archive,3.7,2025-03-15,neutral
V0406,The Lost Archive,3.3,2025-02-08,neutral
V0762,The Lost Archive,4.8,2025-05-23,positive
V0787,The Lost Archive,4.7,2025-04-04,positive
V1313,The Lost Archive,4.8,2025-02-17,positive
V0701,The Lost Archive,2.7,2025-11-15,neutral
V0272,The Lost Archive,2.7,2025-04-03,neutral
V0470,The Lost Archive,3.1,2025-02-21,neutral
V0821,The Lost Archive,4.6,2025-03-07,positive
V0562,The Lost Archive,4.2,2025-08-31,positive
V1042,The Lost Archive,3.1,2025-11-19,neutral
V0211,The Lost Archive,4.7,2025-03-14,positive
V0872,The Lost Archive,4.4,2025-03-03,positive
V0055,The Lost Archive,2.9,2025-01-03,neutral
V1520,The Lost Archive,3.3,2025-09-30,neutral
V0282,The Lost Archive,2.9,2025-05-19,neutral
V0217,The Lost Archive,3.1,2025-02-02,neutral
V0680,The Lost Archive,2.7,2025-07-01,neutral
V0430,The Lost Archive,4.1,2025-03-13,positive
V0614,The Lost Archive,2.6,2025-05-02,neutral
V1744,The Lost Archive,4.0,2025-08-15,positive
V1307,The Lost Archive,4.0,2025-03-13,positive
V0260,The Lost Archive,3.1,2025-07-11,neutral
V0269,The Lost Archive,3.8,2025-03-20,neutral
V0484,The Lost Archive,4.1,2025-12-29,positive
V1384,The Lost Archive,3.8,2025-06-14,neutral
V0225,The Lost Archive,4.8,2025-10-30,positive
V0016,The Lost Archive,3.7,2025-06-04,neutral
V0085,The Lost Archive,3.5,2025-08-09,neutral
V1177,The Lost Archive,4.7,2025-04-12,positive
V1552,The Lost Archive,5.0,2025-03-29,positive
V0881,The Lost Archive,4.7,2025-07-01,positive
V1931,The Lost Archive,3.7,2025-01-30,neutral
V1112,The Lost Archive,3.6,2025-12-07,neutral
V0118,The Lost Archive,3.8,2025-09-24,neutral
V1607,The Lost Archive,3.8,2025-07-03,neutral
V1699,The Lost Archive,4.4,2025-10-05,positive
V1433,The Lost Archive,3.7,2025-08-12,neutral
V0829,The Lost Archive,3.8,2025-03-30,neutral
V0815,The Lost Archive,4.0,2025-09-04,positive
V0345,The Lost Archive,3.0,2025-07-05,neutral
V1598,The Lost Archive,4.3,2025-11-23,positive
V0165,The Lost Archive,3.9,2025-10-27,neutral
V0354,The Lost Archive,2.5,2025-04-04,neutral
V0218,The Lost Archive,4.3,2025-10-01,positive
V1360,The Lost Archive,4.4,2025-11-22,positive
V0615,The Lost Archive,3.5,2025-08-17,neutral
V1207,The Lost Archive,4.1,2025-05-09,positive
V0186,The Lost Archive,3.1,2025-03-28,neutral
V0561,The Lost Archive,3.9,2025-02-14,neutral
V1217,The Lost Archive,4.0,2025-01-06,positive
V1342,The Lost Archive,4.6,2025-08-02,positive
V0909,The Lost Archive,3.5,2025-01-21,neutral
V0538,The Lost Archive,2.6,2025-06-25,neutral
V1190,The Lost Archive,3.0,2025-07-04,neutral
V0978,The Lost Archive,2.5,2025-05-26,neutral
V0475,The Lost Archive,4.3,2025-11-11,positive
V0173,The Lost Archive,3.4,2025-10-22,neutral
V0412,The Lost Archive,2.8,2025-10-03,neutral
V0611,The Lost Archive,4.9,2025-08-26,positive
V0456,The Lost Archive,4.2,2025-07-15,positive
V0860,The Lost Archive,2.9,2025-01-11,neutral
V0996,The Lost Archive,3.5,2025-12-04,neutral
V0820,The Lost Archive,4.4,2025-02-26,positive
V1702,The Lost Archive,3.6,2025-01-29,neutral
V0266,The Lost Archive,4.3,2025-07-20,positive
V1461,The Lost Archive,3.9,2025-07-01,neutral
V0468,The Lost Archive,3.2,2025-08-26,neutral
V0185,The Lost Archive,4.1,2025-08-16,positive
V1756,The Lost Archive,3.0,2025-04-25,neutral
V1777,The Lost Archive,2.8,2025-04-12,neutral
V1317,The Lost Archive,4.3,2025-11-13,positive
V1977,The Lost Archive,4.8,2025-08-11,positive
V1466,The Lost Archive,3.2,2025-02-20,neutral
V1674,The Lost Archive,4.4,2025-05-28,positive
V0942,The Lost Archive,4.1,2025-04-02,positive
V0796,The Lost Archive,4.9,2025-09-25,positive
V1832,The Lost Archive,4.2,2025-01-17,positive
V1619,The Lost Archive,3.0,2025-05-09,neutral
V1997,The Lost Archive,4.7,2025-01-24,positive
V1657,The Lost Archive,4.6,2025-02-05,positive
V0205,The Lost Archive,2.5,2025-09-19,neutral
V0178,The Lost Archive,3.9,2025-09-11,neutral
V0354,The Lost Archive,2.6,2025-06-03,neutral
V0346,The Lost Archive,3.6,2025-05-27,neutral
V0547,The Lost Archive,3.7,2025-05-17,neutral
V0449,The Lost Archive,4.5,2025-05-18,positive
V1631,The Lost Archive,3.5,2025-04-11,neutral
V0524,The Lost Archive,5.0,2025-08-18,positive
V0339,The Lost Archive,4.4,2025-07-03,positive
V0758,The Lost Archive,4.4,2025-04-26,positive
V0857,The Lost Archive,3.2,2025-10-14,neutral
V0958,The Lost Archive,3.6,2025-03-30,neutral
V1447,The Lost Archive,2.5,2025-05-17,neutral
V1961,The Lost Archive,3.1,2025-01-02,neutral
V1791,The Lost Archive,3.3,2025-06-22,neutral
V1520,The Lost Archive,3.5,2025-05-18,neutral
V0571,The Lost Archive,4.0,2025-05-01,positive
V0033,The Lost Archive,3.1,2025-01-17,neutral
V1093,The Lost Archive,3.6,2025-02-09,neutral
V0625,The Lost Archive,4.1,2025-09-08,positive
V1510,The Lost Archive,3.6,2025-02-18,neutral
V1959,The Lost Archive,3.0,2025-09-25,neutral
V0105,The Lost Archive,2.7,2025-07-22,neutral
V1542,The Lost Archive,4.9,2025-08-20,positive
V0720,The Lost Archive,3.5,2025-08-01,neutral
V0958,The Lost Archive,3.5,2025-03-09,neutral
V0479,The Lost Archive,4.5,2025-07-26,positive
V1976,The Lost Archive,3.2,2025-02-04,neutral
V1422,The Lost Archive,4.5,2025-02-14,positive
V1529,The Lost Archive,4.8,2025-11-08,positive
V0306,The Lost Archive,4.2,2025-08-20,positive
V1182,The Lost Archive,3.8,2025-02-26,neutral
V0686,The Lost Archive,4.1,2025-01-21,positive
V1716,The Lost Archive,3.2,2025-10-15,neutral
V0484,The Lost Archive,4.7,2025-07-06,positive
V0069,The Lost Archive,3.1,2025-06-22,neutral
V0508,The Lost Archive,3.6,2025-08-16,neutral
V1043,The Lost Archive,3.5,2025-05-06,neutral
V1321,The Lost Archive,2.6,2025-08-14,neutral
V0829,The Lost Archive,4.7,2025-08-30,positive
V0247,The Lost Archive,3.0,2025-10-08,neutral
V0376,The Lost Archive,4.6,2025-08-04,positive
V1867,The Lost Archive,4.4,2025-10-22,positive
V1259,The Lost Archive,3.6,2025-01-09,neutral
V1326,The Lost Archive,3.0,2025-09-17,neutral
V1557,The Lost Archive,4.5,2025-06-18,positive
V0096,The Lost Archive,3.0,2025-07-18,neutral
V0850,The Lost Archive,4.5,2025-04-15,positive
V1427,The Lost Archive,4.7,2025-09-21,positive
V1032,The Lost Archive,2.6,2025-09-04,neutral
V0645,Silver Lining,2.6,2025-11-23,neutral
V1374,Silver Lining,2.8,2025-11-23,neutral
V1697,Silver Lining,2.6,2025-03-02,neutral
V1327,Silver Lining,4.3,2025-10-15,positive
V0160,Silver Lining,4.2,2025-10-07,positive
V0907,Silver Lining,3.0,2025-01-16,neutral
V1719,Silver Lining,3.5,2025-02-01,neutral
V0334,Silver Lining,4.2,2025-10-23,positive
V1802,Silver Lining,4.9,2025-01-08,positive
V1189,Silver Lining,4.6,2025-10-25,positive
V1719,Silver Lining,5.0,2025-11-12,positive
V1672,Silver Lining,3.7,2025-10-02,neutral
V1151,Silver Lining,3.3,2025-03-20,neutral
V1810,Silver Lining,3.1,2025-04-15,neutral
V0186,Silver Lining,4.8,2025-08-23,positive
V1094,Silver Lining,3.3,2025-08-05,neutral
V0538,Silver Lining,3.2,2025-03-29,neutral
V0062,Silver Lining,4.0,2025-04-16,positive
V1407,Silver Lining,4.7,2025-12-07,positive
V1382,Silver Lining,3.3,2025-05-02,neutral
V1311,Silver Lining,2.8,2025-11-04,neutral
V0735,Silver Lining,3.5,2025-10-17,neutral
V0055,Silver Lining,2.7,2025-07-14,neutral
V0697,Silver Lining,2.5,2025-10-03,neutral
V0530,Silver Lining,4.9,2025-11-07,positive
V0557,Silver Lining,3.8,2025-04-29,neutral
V1589,Silver Lining,3.1,2025-05-23,neutral
V0112,Silver Lining,4.7,2025-12-24,positive
V1390,Silver Lining,3.8,2025-02-08,neutral
V0849,Silver Lining,4.8,2025-08-30,positive
V0792,Silver Lining,4.1,2025-11-21,positive
V1359,Silver Lining,3.4,2025-04-24,neutral
V1322,Silver Lining,4.4,2025-09-28,positive
V1850,Silver Lining,4.1,2025-01-27,positive
V0518,Silver Lining,4.1,2025-10-25,positive
V1846,Silver Lining,3.3,2025-12-01,neutral
V0410,Silver Lining,2.8,2025-08-18,neutral
V0112,Silver Lining,3.5,2025-11-03,neutral
V0612,Silver Lining,2.6,2025-01-22,neutral
V0064,Silver Lining,2.6,2025-09-20,neutral
V1312,Silver Lining,3.5,2025-02-03,neutral
V1083,Silver Lining,3.5,2025-03-26,neutral
V0357,Silver Lining,3.2,2025-11-30,neutral
V0613,Silver Lining,4.9,2025-09-27,positive
V1353,Silver Lining,3.8,2025-01-10,neutral
V1352,Silver Lining,4.9,2025-10-24,positive
V0377,Silver Lining,4.1,2025-11-25,positive
V0182,Silver Lining,2.5,2025-02-08,neutral
V1920,Silver Lining,4.3,2025-10-31,positive
V1812,Silver Lining,2.9,2025-07-17,neutral
V0968,Silver Lining,2.5,2025-07-27,neutral
V0068,Silver Lining,2.5,2025-09-29,neutral
V1280,Silver Lining,4.1,2025-03-03,positive
V1648,Silver Lining,3.6,2025-03-31,neutral
V1378,Silver Lining,3.0,2025-05-16,neutral
V1645,Silver Lining,4.1,2025-11-01,positive
V1315,Silver Lining,3.8,2025-05-10,neutral
V1683,Silver Lining,2.7,2025-09-06,neutral
V0023,Silver Lining,4.8,2025-06-01,positive
V0293,Silver Lining,4.7,2025-06-02,positive
V0441,Silver Lining,4.0,2025-07-28,positive
V1923,Silver Lining,3.6,2025-03-21,neutral
V0510,Silver Lining,4.8,2025-01-05,positive
V1168,Silver Lining,4.5,2025-08-20,positive
V1443,Silver Lining,3.4,2025-01-31,neutral
V1559,Silver Lining,4.8,2025-08-18,positive
V0602,Silver Lining,2.8,2025-05-05,neutral
V1567,Silver Lining,3.4,2025-12-20,neutral
V0456,Silver Lining,3.1,2025-12-24,neutral
V1544,Silver Lining,4.5,2025-02-10,positive
V1618,Silver Lining,3.2,2025-07-08,neutral
V0034,Silver Lining,4.6,2025-05-05,positive
V0558,Silver Lining,2.8,2025-09-19,neutral
V1791,Silver Lining,3.7,2025-10-19,neutral
V1061,Silver Lining,4.3,2025-07-09,positive
V0842,Silver Lining,4.9,2025-03-19,positive
V0473,Silver Lining,3.5,2025-08-08,neutral
V0950,Silver Lining,4.9,2025-11-06,positive
V0836,Silver Lining,2.8,2025-05-26,neutral
V1191,Silver Lining,3.7,2025-06-08,neutral
V1867,Silver Lining,2.8,2025-12-08,neutral
V0104,Silver Lining,3.8,2025-05-12,neutral
V0378,Silver Lining,3.9,2025-03-26,neutral
V0264,Silver Lining,3.5,2025-01-06,neutral
V1980,Silver Lining,3.9,2025-08-21,neutral
V0836,Silver Lining,3.4,2025-04-01,neutral
V1250,Silver Lining,4.9,2025-10-30,positive
V1347,Silver Lining,4.3,2025-03-21,positive
V1621,Silver Lining,3.3,2025-10-08,neutral
V1133,Silver Lining,3.5,2025-09-02,neutral
V1055,Silver Lining,3.6,2025-08-26,neutral
V0384,Silver Lining,3.6,2025-07-10,neutral
V0617,Silver Lining,3.8,2025-03-04,neutral
V0101,Silver Lining,4.5,2025-09-25,positive
V1834,Silver Lining,2.7,2025-11-08,neutral
V0410,Silver Lining,3.0,2025-11-05,neutral
V1566,Silver Lining,5.0,2025-11-03,positive
V0825,Silver Lining,4.7,2025-01-06,positive
V0594,Silver Lining,4.9,2025-06-02,positive
V1431,Silver Lining,2.9,2025-08-27,neutral
V1264,Silver Lining,3.3,2025-02-04,neutral
V1336,Silver Lining,2.6,2025-12-05,neutral
V0583,Silver Lining,3.3,2025-10-16,neutral
V0035,Silver Lining,3.9,2025-04-15,neutral
V0659,Silver Lining,4.6,2025-03-19,positive
V0963,Silver Lining,4.0,2025-03-09,positive
V0891,Silver Lining,4.2,2025-11-26,positive
V0609,Silver Lining,4.2,2025-03-23,positive
V1429,Silver Lining,2.5,2025-03-11,neutral
V1272,Silver Lining,2.6,2025-12-30,neutral
V0375,Silver Lining,3.1,2025-04-30,neutral
V1168,Silver Lining,3.6,2025-09-06,neutral
V1931,Silver Lining,3.2,2025-02-22,neutral
V1855,Silver Lining,4.8,2025-11-14,positive
V1165,Silver Lining,4.9,2025-10-07,positive
V0070,Silver Lining,3.4,2025-11-29,neutral
V1094,Silver Lining,2.7,2025-03-09,neutral
V1350,Silver Lining,4.8,2025-07-06,positive
V0919,Silver Lining,2.8,2025-11-12,neutral
V1078,Silver Lining,4.9,2025-08-09,positive
V0314,Silver Lining,4.1,2025-11-30,positive
V1580,Silver Lining,2.5,2025-05-29,neutral
V0508,Silver Lining,2.8,2025-06-07,neutral
V0335,Silver Lining,2.7,2025-06-12,neutral
V0398,Silver Lining,3.3,2025-09-04,neutral
V0829,Silver Lining,3.7,2025-02-19,neutral
V1016,Silver Lining,2.7,2025-04-11,neutral
V1988,Silver Lining,3.5,2025-06-29,neutral
V1552,Silver Lining,2.9,2025-10-22,neutral
V0093,Silver Lining,4.6,2025-03-17,positive
V1525,Silver Lining,2.7,2025-10-26,neutral
V0407,Silver Lining,3.0,2025-09-22,neutral
V0083,Silver Lining,3.0,2025-04-08,neutral
V0602,Silver Lining,3.6,2025-06-08,neutral
V1127,Silver Lining,3.2,2025-11-08,neutral
V0884,Silver Lining,4.9,2025-01-14,positive
V0852,Silver Lining,3.3,2025-03-07,neutral
V0135,Silver Lining,3.7,2025-01-03,neutral
V0659,Silver Lining,4.0,2025-02-09,positive
V1611,Silver Lining,4.9,2025-08-30,positive
V1410,Silver Lining,4.9,2025-10-13,positive
V0184,Silver Lining,4.9,2025-09-05,positive
V0341,Silver Lining,2.7,2025-10-03,neutral
V0721,Silver Lining,3.1,2025-07-16,neutral
V1240,Silver Lining,3.4,2025-02-07,neutral
V0003,Silver Lining,4.4,2025-06-26,positive
V1493,Silver Lining,4.6,2025-02-18,positive
V0534,Silver Lining,4.0,2025-05-19,positive
V1371,Silver Lining,4.2,2025-07-07,positive
V1888,Silver Lining,3.7,2025-07-23,neutral
V0969,Silver Lining,2.5,2025-01-02,neutral
V0504,Silver Lining,3.3,2025-01-07,neutral
V0639,Silver Lining,5.0,2025-03-02,positive
V1559,Silver Lining,4.5,2025-05-08,positive
V1119,Silver Lining,4.5,2025-03-18,positive
V0050,Silver Lining,3.5,2025-12-15,neutral
V1575,Silver Lining,4.3,2025-03-24,positive
V0082,Silver Lining,4.8,2025-05-03,positive
V1115,Silver Lining,4.9,2025-10-11,positive
V1287,Silver Lining,4.2,2025-12-22,positive
V1094,Silver Lining,3.5,2025-10-04,neutral
V0323,Silver Lining,2.7,2025-11-08,neutral
V1846,Silver Lining,3.6,2025-07-15,neutral
V1230,Silver Lining,4.3,2025-04-16,positive
V0702,Silver Lining,2.6,2025-08-02,neutral
V0389,Silver Lining,3.2,2025-11-06,neutral
V1741,Silver Lining,3.8,2025-01-11,neutral
V0110,Silver Lining,3.8,2025-08-10,neutral
V1977,Silver Lining,5.0,2025-11-06,positive
V0088,Silver Lining,4.9,2025-11-02,positive
V1466,Silver Lining,4.0,2025-03-02,positive
V1108,Silver Lining,4.9,2025-12-21,positive
V1773,Silver Lining,3.0,2025-04-24,neutral
V1754,Silver Lining,3.4,2025-03-16,neutral
V0198,Silver Lining,3.9,2025-06-21,neutral
V1149,Silver Lining,4.5,2025-01-25,positive
V0494,Silver Lining,2.8,2025-04-06,neutral
V1344,Silver Lining,5.0,2025-07-26,positive
V1636,Silver Lining,2.9,2025-12-17,neutral
V0038,Silver Lining,4.8,2025-06-10,positive
V1389,Silver Lining,4.9,2025-01-04,positive
V0745,Silver Lining,3.7,2025-12-31,neutral
V1430,Silver Lining,4.2,2025-01-30,positive
V1391,Silver Lining,4.7,2025-03-12,positive
V0164,Silver Lining,3.2,2025-08-16,neutral
V1528,Silver Lining,3.9,2025-02-07,neutral
V1494,Silver Lining,3.6,2025-05-05,neutral
V1624,Silver Lining,5.0,2025-09-06,positive
