viewer_id,title,watch_date,watch_minutes,completion_rate
V0001,Jaws,2024-07-09,98.3,0.78
V0001,Labyrinth,2024-02-15,52.3,0.55
V0007,Mars Attacks!,2025-08-21,22.4,0.27
V0007,Mystery Men,2025-10-29,57.8,0.54
V0008,Crimson Tide,2025-08-20,83.2,0.65
V0008,Clear and Present Danger,2024-05-29,125.1,0.92
V0008,Cliffhanger,2025-09-09,78.3,0.88
V0010,Jaws,2024-01-09,77.8,0.77
V0011,Jaws,2025-11-25,85.9,0.76
V0011,Mars Attacks!,2025-06-03,45.4,0.51
V0011,School of Rock,2024-02-25,132.0,1.0
V0013,Crimson Tide,2024-07-24,86.7,0.81
V0013,Clear and Present Danger,2024-03-11,82.8,0.69
V0013,Cliffhanger,2025-05-02,57.6,0.57
V0013,In the Line of Fire,2025-04-23,100.4,0.81
V0014,School of Rock,2025-08-15,23.6,0.2
V0015,Crimson Tide,2025-09-22,82.4,0.71
V0015,Clear and Present Danger,2024-06-15,50.5,0.51
V0015,Cliffhanger,2024-02-13,30.1,0.35
V0015,In the Line of Fire,2024-01-04,65.5,0.59
V0016,House Party,2024-08-23,52.8,0.44
V0020,In the Line of Fire,2024-09-01,42.5,0.39
V0021,In the Line of Fire,2024-12-05,91.3,0.83
V0021,Jaws,2024-07-29,110.0,0.84
V0021,Do the Right Thing,2024-01-07,45.1,0.43
V0022,Cliffhanger,2025-01-01,49.4,0.48
V0022,In the Line of Fire,2024-05-25,45.4,0.56
V0024,Crimson Tide,2025-10-08,51.0,0.52
V0024,Clear and Present Danger,2025-01-03,80.7,0.69
V0024,Mystery Men,2024-07-22,77.9,0.95
V0024,Training Day,2024-08-12,70.8,0.77
V0024,Tears of the Sun,2024-06-27,83.0,0.61
V0025,Jaws,2024-09-08,78.8,0.78
V0026,Crimson Tide,2024-06-29,39.1,0.43
V0026,Clear and Present Danger,2024-04-13,59.9,0.45
V0026,Cliffhanger,2024-05-20,53.5,0.66
V0028,Crimson Tide,2024-04-23,62.4,0.6
V0029,Crimson Tide,2024-11-08,93.9,0.93
V0029,Clear and Present Danger,2025-01-16,49.1,0.45
V0029,Cliffhanger,2025-06-23,68.3,0.56
V0031,School of Rock,2025-03-20,47.2,0.36
V0031,Green Lantern,2024-05-01,111.5,0.82
V0032,Crimson Tide,2024-05-13,60.5,0.68
V0032,Cliffhanger,2025-06-29,74.1,0.57
V0032,In the Line of Fire,2024-11-21,84.2,0.81
V0033,Crimson Tide,2025-10-13,81.4,0.69
V0034,Crimson Tide,2025-09-22,95.0,1.0
V0034,Cliffhanger,2025-07-02,50.3,0.43
V0034,In the Line of Fire,2024-12-01,84.3,0.86
V0035,School of Rock,2024-10-13,54.1,0.57
V0038,Crimson Tide,2025-06-04,72.9,0.54
V0038,Clear and Present Danger,2024-08-02,106.5,0.91
V0044,Clear and Present Danger,2025-04-26,65.5,0.52
V0044,Jaws,2024-03-07,52.0,0.4
V0046,Cliffhanger,2025-10-22,32.4,0.36
V0050,Jaws,2025-05-25,92.2,0.72
V0050,Mars Attacks!,2024-11-25,68.9,0.61
V0053,Once Upon a Time in America,2025-12-12,61.2,0.49
V0054,Crimson Tide,2025-05-21,90.2,0.82
V0054,Clear and Present Danger,2025-02-14,67.1,0.61
V0054,In the Line of Fire,2025-08-20,110.4,0.92
V0054,Jaws,2024-08-12,75.0,0.62
V0054,Jaws 2,2024-08-28,58.9,0.43
V0054,Mars Attacks!,2025-03-11,46.2,0.44
V0054,Labyrinth,2024-06-09,68.0,0.5
V0054,Mystery Men,2024-09-17,91.7,0.66
V0055,Jaws,2024-03-27,74.8,0.65
V0056,Crimson Tide,2024-12-26,34.3,0.35
V0056,Once Upon a Time in America,2025-04-21,71.4,0.76
V0058,Crimson Tide,2025-03-12,87.4,0.78
V0058,Clear and Present Danger,2025-02-22,95.0,0.88
V0058,Cliffhanger,2024-11-20,67.0,0.65
V0058,In the Line of Fire,2024-07-02,80.5,0.83
V0058,Once Upon a Time in America,2025-10-22,79.9,0.74
V0058,Jaws,2024-03-25,68.9,0.82
V0058,Mars Attacks!,2025-06-09,75.5,0.77
V0058,Do the Right Thing,2024-10-10,90.1,0.79
V0058,Training Day,2024-05-01,61.2,0.44
V0058,School of Rock,2025-07-13,54.6,0.65
V0060,Labyrinth,2025-11-22,73.6,0.8
V0064,Clear and Present Danger,2025-11-30,75.8,0.75
V0064,Cliffhanger,2025-12-23,61.6,0.46
V0066,Cliffhanger,2025-07-10,85.0,0.72
V0069,Clear and Present Danger,2024-11-02,62.1,0.45
V0069,In the Line of Fire,2025-02-17,85.3,0.87
V0069,Jaws,2025-08-16,71.4,0.51
V0069,Mars Attacks!,2025-04-28,101.1,0.79
V0070,In Too Deep,2024-06-01,43.6,0.36
V0070,Do the Right Thing,2024-08-20,67.5,0.5
V0072,Jaws,2025-04-30,105.8,0.84
V0072,Mars Attacks!,2025-07-19,60.2,0.64
V0073,Jaws,2025-04-17,67.8,0.53
V0073,Do the Right Thing,2024-11-16,86.9,0.86
V0074,Do the Right Thing,2025-12-15,38.9,0.29
V0075,Crimson Tide,2025-04-05,77.4,0.73
V0075,Clear and Present Danger,2025-01-18,100.5,0.75
V0075,Cliffhanger,2024-05-11,66.9,0.76
V0075,In the Line of Fire,2024-01-10,99.0,1.0
V0076,Do the Right Thing,2024-12-29,96.6,0.87
V0082,Do the Right Thing,2025-03-11,66.7,0.66
V0082,School of Rock,2025-12-08,91.0,0.74
V0082,Green Lantern,2025-08-24,35.3,0.31
V0084,Cliffhanger,2024-02-02,60.8,0.75
V0087,Crimson Tide,2024-12-04,57.0,0.41
V0087,Clear and Present Danger,2025-09-09,90.5,0.78
V0087,Cliffhanger,2025-02-04,53.8,0.39
V0088,Jaws,2025-02-04,44.7,0.43
V0090,Jaws,2024-07-11,38.6,0.46
V0091,Crimson Tide,2025-08-06,51.7,0.47
V0091,Clear and Present Danger,2024-11-07,63.7,0.59
V0091,Cliffhanger,2025-11-22,35.7,0.42
V0091,In the Line of Fire,2025-12-06,56.4,0.49
V0091,Jaws,2024-07-10,74.3,0.63
V0091,Mars Attacks!,2025-01-30,29.4,0.32
V0091,Labyrinth,2024-10-25,56.8,0.58
V0091,Training Day,2025-04-10,45.1,0.37
V0091,School of Rock,2024-01-12,40.7,0.49
V0091,Cold Mountain,2025-02-24,57.6,0.64
V0096,Training Day,2024-04-23,58.8,0.56
V0096,School of Rock,2025-05-04,65.1,0.74
V0100,Crimson Tide,2024-07-30,48.3,0.38
V0100,Cliffhanger,2024-11-13,39.6,0.45
V0101,Crimson Tide,2025-11-11,93.1,0.87
V0101,Clear and Present Danger,2025-08-11,61.6,0.56
V0101,Cliffhanger,2024-07-26,65.8,0.47
V0101,In the Line of Fire,2025-04-14,91.8,0.82
V0103,Tears of the Sun,2024-05-26,63.1,0.65
V0104,In the Line of Fire,2025-02-12,28.1,0.26
V0104,Once Upon a Time in America,2025-06-22,102.7,0.87
V0104,Jaws,2025-05-17,69.7,0.69
V0104,Mystery Men,2024-02-10,19.6,0.18
V0107,Jaws,2025-10-23,41.9,0.33
V0108,Crimson Tide,2024-12-21,125.1,0.92
V0108,Clear and Present Danger,2024-10-31,81.8,0.66
V0108,In the Line of Fire,2024-06-28,60.9,0.58
V0109,Jaws,2025-09-24,39.2,0.37
V0109,Training Day,2025-01-28,108.4,0.86
V0114,Mars Attacks!,2025-12-16,82.8,0.6
V0116,Crimson Tide,2025-12-16,38.3,0.33
V0116,Clear and Present Danger,2024-06-10,26.6,0.19
V0116,Cliffhanger,2025-07-04,76.6,0.79
V0116,In the Line of Fire,2024-03-09,58.8,0.6
V0116,Mars Attacks!,2024-08-10,38.4,0.31
V0116,Crocodile Dundee in Los Angeles,2025-07-20,49.7,0.36
V0116,Osmosis Jones,2024-03-19,41.8,0.48
V0116,Training Day,2024-11-29,42.2,0.33
V0116,Tears of the Sun,2024-09-15,64.7,0.61
V0116,School of Rock,2025-04-18,50.2,0.54
V0117,Cliffhanger,2025-12-12,51.8,0.64
V0117,Jaws,2025-01-25,103.3,0.84
V0120,Crimson Tide,2024-07-18,101.0,1.0
V0124,Mars Attacks!,2024-09-13,65.1,0.62
V0127,Crimson Tide,2024-05-19,87.0,1.0
V0127,Cliffhanger,2025-04-20,100.0,1.0
V0127,In the Line of Fire,2024-03-25,97.7,0.88
V0128,Clear and Present Danger,2025-12-31,92.0,0.8
V0128,In the Line of Fire,2025-04-27,72.8,0.52
V0128,Mars Attacks!,2024-06-14,40.9,0.31
V0130,Crimson Tide,2025-09-13,79.2,0.88
V0130,Clear and Present Danger,2024-05-07,49.0,0.57
V0130,Cliffhanger,2024-06-21,95.8,0.84
V0130,In the Line of Fire,2024-01-12,67.2,0.8
V0130,Jaws,2025-03-27,56.6,0.46
V0131,Cliffhanger,2024-02-05,35.7,0.35
V0131,Jaws,2024-08-09,13.7,0.1
V0131,Training Day,2025-10-12,44.3,0.41
V0131,School of Rock,2025-11-09,23.6,0.18
V0132,Jaws,2024-04-15,87.5,0.7
V0133,School of Rock,2025-03-30,63.4,0.61
V0133,Cold Mountain,2024-02-19,31.5,0.38
V0134,Clear and Present Danger,2024-07-25,64.5,0.5
V0134,Heavy,2024-09-01,62.6,0.45
V0134,Jaws,2025-03-07,59.8,0.65
V0134,Jaws 2,2024-12-11,58.3,0.72
V0134,Mars Attacks!,2025-11-16,56.8,0.43
V0134,Mystery Men,2024-04-08,37.0,0.44
V0137,Crimson Tide,2025-11-11,115.3,0.88
V0137,In the Line of Fire,2024-02-15,74.7,0.83
V0137,Jaws,2024-11-30,96.5,0.91
V0137,Mars Attacks!,2024-07-13,56.0,0.56
V0137,Labyrinth,2025-07-08,51.2,0.43
V0137,Mystery Men,2024-05-03,49.3,0.47
V0137,Training Day,2024-12-31,68.6,0.73
V0140,Mars Attacks!,2025-02-15,56.0,0.56
V0141,Do the Right Thing,2025-02-02,29.0,0.24
V0142,Cliffhanger,2024-03-08,49.3,0.53
V0144,Clear and Present Danger,2025-10-27,106.1,0.87
V0144,Mystery Men,2024-03-09,19.0,0.16
V0146,Cliffhanger,2024-11-04,99.3,0.73
V0147,Crimson Tide,2024-04-14,74.8,0.58
V0151,Clear and Present Danger,2025-08-05,68.8,0.55
V0152,Poseidon,2024-04-07,40.5,0.45
V0154,In the Line of Fire,2025-10-08,75.5,0.64
V0154,Jaws,2025-12-11,83.1,0.67
V0154,Do the Right Thing,2025-10-12,56.3,0.64
V0156,Crimson Tide,2024-11-21,115.2,0.9
V0156,Clear and Present Danger,2024-03-10,134.0,1.0
V0156,Cliffhanger,2025-08-22,49.5,0.49
V0156,In the Line of Fire,2025-10-17,71.3,0.66
V0156,Jaws,2025-08-24,94.0,0.74
V0156,Jaws 2,2024-08-26,90.0,0.72
V0156,Labyrinth,2024-05-07,78.6,0.97
V0156,Mystery Men,2025-03-14,44.6,0.45
V0156,In Too Deep,2024-03-22,76.8,0.6
V0156,House Party,2025-05-25,22.4,0.27
V0156,Jaws: The Revenge,2025-01-19,28.4,0.29
V0156,Crocodile Dundee in Los Angeles,2024-08-31,54.9,0.59
V0156,Training Day,2025-03-30,115.4,0.83
V0156,Tears of the Sun,2024-05-17,100.3,0.79
V0158,Crimson Tide,2024-02-10,45.6,0.47
V0158,Cliffhanger,2025-02-28,73.5,0.65
V0158,In the Line of Fire,2024-01-25,121.0,1.0
V0160,Crimson Tide,2024-12-05,83.7,0.89
V0160,Clear and Present Danger,2025-07-06,45.5,0.45
V0160,Cliffhanger,2025-11-11,57.3,0.69
V0160,In the Line of Fire,2025-12-13,81.7,0.86
V0164,Clear and Present Danger,2025-01-25,92.0,0.73
V0164,Cliffhanger,2025-03-28,54.2,0.48
V0164,In the Line of Fire,2025-05-18,57.6,0.48
V0165,Cliffhanger,2024-02-23,39.5,0.47
V0170,Jaws,2024-07-28,115.2,0.96
V0172,Crimson Tide,2025-08-29,45.8,0.52
V0172,Clear and Present Danger,2024-07-28,75.9,0.66
V0172,Cliffhanger,2025-03-12,51.3,0.54
V0175,Clear and Present Danger,2024-06-17,78.1,0.62
V0177,Mars Attacks!,2025-03-10,17.6,0.14
V0182,Green Lantern,2024-11-06,52.8,0.58
V0183,Crimson Tide,2025-10-12,55.9,0.57
V0183,Clear and Present Danger,2025-05-07,42.3,0.46
V0183,Cliffhanger,2025-01-03,79.9,0.94
V0184,Crimson Tide,2025-04-27,52.5,0.5
V0184,Clear and Present Danger,2025-09-16,91.8,0.85
V0184,In the Line of Fire,2024-06-08,87.6,0.69
V0186,Once Upon a Time in America,2025-05-08,124.1,0.94
V0188,Crimson Tide,2025-03-13,51.0,0.63
V0188,Clear and Present Danger,2024-11-03,52.3,0.39
V0188,Cliffhanger,2025-07-20,64.9,0.55
V0188,In the Line of Fire,2025-01-24,52.9,0.42
V0189,Mars Attacks!,2024-10-17,77.4,0.71
V0190,Labyrinth,2025-05-07,78.0,0.75
V0192,Cliffhanger,2025-04-25,53.8,0.64
V0192,Jaws,2024-07-13,50.6,0.55
V0195,Mystery Men,2025-05-27,19.2,0.24
V0196,Labyrinth,2025-05-18,126.0,1.0
V0200,Crimson Tide,2025-02-08,96.6,0.92
V0200,Clear and Present Danger,2025-05-16,62.2,0.49
V0200,Cliffhanger,2025-08-25,58.4,0.59
V0202,Crimson Tide,2024-02-09,42.8,0.51
V0202,Clear and Present Danger,2025-08-02,55.2,0.4
V0202,Cliffhanger,2025-03-22,38.7,0.43
V0205,Clear and Present Danger,2024-12-22,61.4,0.64
V0205,Cliffhanger,2025-10-12,45.9,0.41
V0207,Jaws,2024-02-29,81.8,0.66
V0208,In the Line of Fire,2025-03-10,79.9,0.66
V0208,Jaws,2025-05-04,95.2,0.75
V0208,Mars Attacks!,2025-01-05,37.7,0.46
V0208,Do the Right Thing,2024-01-29,110.4,0.92
V0208,School of Rock,2024-05-31,74.4,0.6
V0208,Cold Mountain,2025-11-28,73.9,0.77
V0209,Grown Ups,2025-09-08,53.4,0.6
V0214,Clear and Present Danger,2024-06-14,81.9,0.7
V0214,Cliffhanger,2024-04-04,43.2,0.54
V0216,Crimson Tide,2025-01-28,99.2,0.82
V0216,Clear and Present Danger,2024-03-23,105.0,1.0
V0216,In the Line of Fire,2025-03-09,104.0,0.92
V0218,Clear and Present Danger,2024-09-15,79.2,0.88
V0220,Jaws,2025-06-29,78.1,0.63
V0220,Training Day,2025-08-23,111.0,0.91
V0224,Crimson Tide,2024-04-01,99.0,1.0
V0225,Crimson Tide,2024-12-18,84.3,0.98
V0225,Clear and Present Danger,2024-08-02,72.6,0.55
V0225,Cliffhanger,2025-12-16,116.8,0.84
V0229,Crimson Tide,2024-06-21,47.5,0.48
V0229,Clear and Present Danger,2024-04-09,71.3,0.54
V0229,In the Line of Fire,2025-03-03,71.4,0.85
V0229,Mars Attacks!,2024-10-22,19.2,0.17
V0230,Clear and Present Danger,2024-06-29,108.4,0.86
V0230,In the Line of Fire,2024-05-17,44.3,0.43
V0231,Crimson Tide,2025-05-29,81.9,0.89
V0231,Clear and Present Danger,2025-08-03,74.2,0.53
V0233,Clear and Present Danger,2024-07-24,58.1,0.44
V0233,In the Line of Fire,2024-07-15,52.3,0.63
V0233,Mars Attacks!,2025-02-22,91.2,0.95
V0234,Crimson Tide,2025-10-01,63.7,0.59
V0234,Cliffhanger,2024-06-19,57.6,0.67
V0236,Training Day,2025-01-21,52.7,0.62
V0238,Clear and Present Danger,2024-12-16,47.0,0.54
V0238,Jaws,2025-05-04,54.3,0.67
V0238,Mars Attacks!,2024-04-13,77.7,0.7
V0238,School of Rock,2024-01-08,36.0,0.45
V0238,In the Cut,2024-02-12,103.7,0.85
V0239,Osmosis Jones,2024-01-08,43.9,0.51
V0240,School of Rock,2024-09-29,39.5,0.38
V0242,Crimson Tide,2024-12-11,98.7,0.71
V0242,In the Line of Fire,2025-01-14,81.4,0.69
V0243,Clear and Present Danger,2024-11-18,111.9,0.91
V0244,Crimson Tide,2025-01-04,79.2,0.6
V0244,Clear and Present Danger,2025-09-17,81.7,0.67
V0244,Cliffhanger,2024-12-04,78.8,0.95
V0247,Clear and Present Danger,2025-04-12,52.4,0.4
V0247,Cliffhanger,2024-05-22,82.3,0.61
V0247,In the Line of Fire,2025-06-27,47.0,0.58
V0247,Mars Attacks!,2024-09-11,67.9,0.7
V0247,Osmosis Jones,2025-12-03,53.6,0.52
V0247,Training Day,2025-06-11,109.8,0.9
V0248,Once Upon a Time in America,2024-01-04,84.8,0.8
V0249,Crimson Tide,2024-11-25,84.0,0.7
V0251,Clear and Present Danger,2024-02-16,79.4,0.98
V0251,Cliffhanger,2025-11-25,81.2,0.62
V0251,Jaws,2025-05-11,47.5,0.44
V0251,Mars Attacks!,2024-03-24,44.1,0.42
V0251,Labyrinth,2025-05-02,52.0,0.51
V0251,Mystery Men,2024-04-12,81.7,0.67
V0254,Once Upon a Time in America,2025-09-13,52.9,0.42
V0254,School of Rock,2025-06-16,66.2,0.72
V0256,Clear and Present Danger,2025-05-31,102.0,0.75
V0258,Cliffhanger,2024-03-30,33.6,0.41
V0258,Mars Attacks!,2025-07-15,21.8,0.22
V0258,Mystery Men,2025-04-01,83.7,0.62
V0258,Training Day,2025-07-07,46.1,0.53
V0258,Tears of the Sun,2024-06-23,49.4,0.52
V0258,School of Rock,2025-12-17,89.6,0.7
V0258,Poseidon,2024-01-30,39.1,0.46
V0258,Freedom Writers,2024-11-30,62.1,0.69
V0259,Clear and Present Danger,2024-10-14,90.4,0.66
V0259,In the Line of Fire,2025-11-12,58.3,0.62
V0261,Crimson Tide,2025-11-17,77.0,0.7
V0261,Clear and Present Danger,2025-07-01,87.0,1.0
V0261,Cliffhanger,2024-04-02,25.2,0.21
V0264,Clear and Present Danger,2024-08-17,79.3,0.61
V0264,Mars Attacks!,2025-09-07,12.5,0.09
V0264,Labyrinth,2025-01-21,66.4,0.79
V0267,Labyrinth,2025-01-25,85.6,0.62
V0269,Mars Attacks!,2025-07-29,24.2,0.2
V0271,Jaws,2024-08-26,69.7,0.52
V0271,Mars Attacks!,2024-10-24,56.4,0.6
V0271,Mystery Men,2024-12-14,45.1,0.53
V0271,Osmosis Jones,2024-07-11,61.0,0.48
V0271,School of Rock,2025-08-09,88.9,0.7
V0271,Cold Mountain,2024-11-16,42.2,0.41
V0271,Poseidon,2024-01-02,48.9,0.47
V0274,Cliffhanger,2025-07-02,37.6,0.38
V0278,Jaws,2025-03-09,10.1,0.11
V0278,Mars Attacks!,2025-11-26,53.0,0.53
V0278,Labyrinth,2025-06-16,119.5,0.86
V0278,Training Day,2024-08-15,70.8,0.58
V0279,Letters to Juliet,2025-07-05,50.7,0.59
V0280,Training Day,2024-05-28,81.7,0.61
V0280,School of Rock,2024-08-12,108.2,0.82
V0283,Clear and Present Danger,2024-05-30,66.6,0.6
V0283,Cliffhanger,2025-11-12,73.2,0.62
V0283,Jaws,2025-12-20,115.2,0.86
V0283,Do the Right Thing,2024-11-12,63.1,0.77
V0284,Crimson Tide,2024-05-06,80.6,0.72
V0284,Jaws,2025-12-24,93.1,0.96
V0286,Crimson Tide,2024-08-08,61.5,0.53
V0286,Clear and Present Danger,2025-01-20,68.8,0.62
V0286,Cliffhanger,2024-12-07,19.9,0.24
V0287,Crimson Tide,2024-08-03,78.3,0.88
V0287,Clear and Present Danger,2024-08-18,111.2,0.83
V0287,Cliffhanger,2024-07-02,76.9,0.62
V0288,Crimson Tide,2025-02-05,72.4,0.54
V0288,Clear and Present Danger,2025-11-06,70.3,0.71
V0289,Jaws,2024-01-23,92.5,0.67
V0292,Crimson Tide,2025-03-08,57.5,0.5
V0292,Clear and Present Danger,2024-12-22,65.2,0.53
V0292,Cliffhanger,2024-03-14,64.0,0.5
V0292,In the Line of Fire,2024-10-16,93.8,0.83
V0294,Crimson Tide,2025-12-18,114.1,0.92
V0294,Clear and Present Danger,2024-04-09,61.6,0.46
V0294,Cliffhanger,2025-08-17,21.1,0.24
V0294,Jaws,2025-12-27,58.0,0.43
V0294,Mars Attacks!,2024-06-16,16.8,0.17
V0294,Labyrinth,2025-12-13,78.9,0.68
V0294,Mystery Men,2024-05-28,59.4,0.54
V0294,Training Day,2024-07-19,47.4,0.51
V0295,Crimson Tide,2025-01-05,74.9,0.59
V0295,Cliffhanger,2024-04-14,84.4,0.67
V0295,In the Line of Fire,2024-05-31,78.7,0.64
V0295,Once Upon a Time in America,2025-03-13,72.8,0.7
V0295,Jaws,2024-02-27,123.0,1.0
V0296,Cliffhanger,2025-04-30,42.1,0.49
V0298,Crimson Tide,2024-04-30,84.6,0.93
V0298,Clear and Present Danger,2025-08-30,88.5,0.79
V0298,Cliffhanger,2025-10-04,76.0,0.71
V0298,In the Line of Fire,2024-02-04,64.3,0.51
V0298,Jaws,2025-05-15,52.2,0.6
V0298,Jaws 2,2024-06-25,60.4,0.61
V0298,Mars Attacks!,2025-12-09,50.8,0.42
V0298,Labyrinth,2024-04-01,78.0,0.6
V0298,Mystery Men,2025-10-27,68.4,0.53
V0298,In Too Deep,2025-10-30,47.8,0.46
V0298,House Party,2024-05-02,35.6,0.33
V0298,Jaws: The Revenge,2025-05-15,33.9,0.39
V0299,Mars Attacks!,2025-06-05,48.4,0.4
V0300,Labyrinth,2025-08-09,23.5,0.25
V0309,Crimson Tide,2025-12-11,61.5,0.53
V0309,Jaws,2025-08-30,83.8,0.66
V0309,Freedom Writers,2025-10-22,75.5,0.83
V0311,Clear and Present Danger,2025-08-08,85.6,0.69
V0311,Jaws,2024-03-06,46.6,0.53
V0311,Jaws 2,2025-07-04,57.5,0.46
V0311,Mars Attacks!,2025-12-18,30.9,0.34
V0313,Cliffhanger,2025-07-03,34.0,0.42
V0313,Mars Attacks!,2025-05-15,84.5,0.65
V0313,Training Day,2025-08-21,61.3,0.73
V0313,Tears of the Sun,2025-10-29,70.7,0.62
V0313,School of Rock,2024-07-31,64.4,0.74
V0315,Crimson Tide,2024-07-04,111.0,0.91
V0316,In the Line of Fire,2024-07-03,90.5,0.67
V0316,Mars Attacks!,2024-11-17,29.6,0.37
V0317,Clear and Present Danger,2025-08-11,43.5,0.5
V0317,In the Line of Fire,2024-03-30,82.8,0.89
V0317,School of Rock,2024-02-05,86.2,0.75
V0318,Jaws,2025-06-02,60.3,0.71
V0318,Labyrinth,2025-07-11,48.5,0.49
V0318,Osmosis Jones,2025-11-04,45.9,0.51
V0318,Training Day,2024-02-17,48.0,0.6
V0318,School of Rock,2024-10-27,98.0,0.7
V0318,Grown Ups,2024-05-23,11.0,0.09
V0327,Cliffhanger,2024-11-16,62.6,0.54
V0328,Clear and Present Danger,2024-12-26,78.0,0.69
V0329,Crimson Tide,2024-08-02,108.6,0.92
V0329,Clear and Present Danger,2024-02-15,65.7,0.53
V0329,Cliffhanger,2024-05-25,47.5,0.5
V0330,Crimson Tide,2024-08-08,66.3,0.67
V0330,Clear and Present Danger,2024-08-09,84.5,0.96
V0330,Cliffhanger,2024-05-11,57.3,0.49
V0331,Crimson Tide,2024-03-17,122.2,0.97
V0331,Clear and Present Danger,2025-01-25,69.0,0.6
V0331,Cliffhanger,2025-02-13,110.1,0.91
V0332,Crimson Tide,2024-09-17,56.7,0.52
V0332,Clear and Present Danger,2025-12-12,105.8,0.86
V0333,Clear and Present Danger,2024-03-13,81.9,0.92
V0333,In the Line of Fire,2025-10-10,120.0,1.0
V0334,Clear and Present Danger,2025-01-16,98.0,0.79
V0334,Cliffhanger,2025-06-07,69.6,0.6
V0334,In the Line of Fire,2024-06-06,82.6,0.7
V0336,Mars Attacks!,2025-03-20,96.0,0.96
V0337,Cliffhanger,2025-09-10,51.0,0.49
V0337,Jaws,2024-05-07,49.4,0.52
V0337,School of Rock,2025-07-15,60.4,0.53
V0339,In the Line of Fire,2025-10-17,54.1,0.51
V0343,Jaws,2024-12-07,41.6,0.49
V0343,Mars Attacks!,2024-08-19,10.3,0.08
V0344,Clear and Present Danger,2025-01-21,46.6,0.48
V0344,Cliffhanger,2024-04-17,31.0,0.33
V0344,In the Line of Fire,2024-06-28,130.0,1.0
V0344,Jaws,2024-11-09,93.8,0.83
V0344,Training Day,2025-05-16,77.2,0.66
V0347,Crimson Tide,2025-12-18,47.3,0.55
V0347,Clear and Present Danger,2025-07-18,52.2,0.45
V0347,Jaws,2024-02-19,93.1,0.96
V0347,Jaws 2,2025-02-02,42.3,0.47
V0347,Mystery Men,2025-11-25,29.1,0.32
V0347,Do the Right Thing,2025-08-31,96.2,0.74
V0347,Jaws: The Revenge,2025-05-03,29.9,0.22
V0347,School of Rock,2024-01-10,71.4,0.61
V0348,Cold Mountain,2024-06-08,89.8,0.73
V0348,Bright Star,2025-01-22,57.3,0.47
V0349,Cliffhanger,2024-02-24,71.9,0.62
V0352,Crimson Tide,2025-01-14,85.6,0.62
V0352,Clear and Present Danger,2025-11-25,106.2,0.85
V0358,Jaws,2025-04-13,60.2,0.51
V0358,Mars Attacks!,2024-12-28,47.3,0.52
V0359,Crimson Tide,2024-10-20,23.6,0.18
V0359,Clear and Present Danger,2025-06-17,91.2,0.94
V0359,Cliffhanger,2024-08-22,114.8,0.82
V0359,In the Line of Fire,2024-03-30,68.3,0.69
V0359,Jaws,2024-11-16,99.4,0.71
V0359,Mars Attacks!,2024-03-22,9.4,0.07
V0359,Osmosis Jones,2024-04-05,69.7,0.83
V0359,Training Day,2024-03-27,59.4,0.66
V0359,Tears of the Sun,2025-05-19,87.6,0.69
V0359,School of Rock,2025-03-10,117.9,0.9
V0359,Cold Mountain,2024-05-19,66.4,0.54
V0359,Poseidon,2025-12-02,59.4,0.54
V0359,Green Lantern,2025-12-15,83.6,0.68
V0360,Jaws,2025-09-23,73.1,0.84
V0365,Clear and Present Danger,2024-01-08,42.3,0.46
V0366,Crimson Tide,2025-07-01,63.8,0.51
V0367,Crimson Tide,2025-11-08,82.5,0.65
V0367,Clear and Present Danger,2025-06-24,113.4,0.81
V0367,Cliffhanger,2025-09-13,71.3,0.58
V0367,In the Line of Fire,2025-11-21,89.6,0.83
V0367,Once Upon a Time in America,2025-06-20,109.8,0.79
V0367,Jaws,2024-03-17,69.9,0.51
V0367,Jaws 2,2025-06-10,34.0,0.33
V0367,Mars Attacks!,2025-03-08,71.4,0.7
V0367,Mystery Men,2025-01-17,45.5,0.41
V0367,Training Day,2025-11-26,55.7,0.64
V0367,School of Rock,2024-04-30,52.3,0.55
V0368,Clear and Present Danger,2024-10-27,60.8,0.62
V0368,Cliffhanger,2025-10-08,42.2,0.44
V0368,In the Line of Fire,2024-11-08,77.7,0.67
V0370,Mars Attacks!,2025-10-20,32.0,0.23
V0370,The Interview,2024-02-06,61.6,0.55
V0371,Do the Right Thing,2025-09-24,97.3,0.7
V0373,Labyrinth,2024-12-30,119.3,0.89
V0375,In the Line of Fire,2024-12-02,77.6,0.97
V0375,Jaws,2024-01-06,48.5,0.49
V0375,Do the Right Thing,2024-07-09,102.0,1.0
V0377,In the Line of Fire,2024-04-13,51.4,0.49
V0377,Jaws,2024-03-27,57.8,0.54
V0377,Jaws 2,2024-06-06,40.7,0.36
V0378,Crimson Tide,2025-05-14,71.0,0.67
V0378,Clear and Present Danger,2025-11-03,44.0,0.55
V0378,In the Line of Fire,2025-02-08,71.0,0.74
V0378,Jaws,2025-03-14,80.3,0.78
V0380,Mars Attacks!,2024-10-02,58.9,0.43
V0381,Clear and Present Danger,2025-11-03,86.0,1.0
V0381,Cliffhanger,2024-05-23,91.8,0.69
V0381,In the Line of Fire,2024-01-06,85.7,0.84
V0384,School of Rock,2025-12-27,91.8,0.9
V0384,In the Cut,2024-10-18,36.8,0.4
V0387,In the Line of Fire,2025-03-07,50.0,0.61
V0387,Mars Attacks!,2024-02-02,81.3,0.64
V0387,Labyrinth,2025-05-05,72.0,0.8
V0387,Training Day,2024-05-01,115.9,0.95
V0387,School of Rock,2025-05-22,84.8,0.8
V0388,Cliffhanger,2024-05-10,79.9,0.61
V0388,Jaws,2025-02-13,63.0,0.63
V0388,Mars Attacks!,2025-02-02,11.2,0.1
V0388,Labyrinth,2024-04-20,29.0,0.33
V0388,Crocodile Dundee in Los Angeles,2024-06-08,32.5,0.25
V0388,School of Rock,2025-12-01,36.7,0.36
V0389,Crimson Tide,2024-12-16,47.5,0.5
V0389,Jaws,2024-01-09,76.0,0.71
V0389,Mars Attacks!,2024-10-15,38.5,0.36
V0394,Clear and Present Danger,2025-03-15,43.3,0.39
V0394,In the Line of Fire,2025-06-07,74.1,0.78
V0394,Jaws,2024-04-27,68.2,0.75
V0394,Jaws 2,2025-12-18,20.2,0.15
V0394,Labyrinth,2025-03-15,57.0,0.6
V0394,Mystery Men,2024-04-15,65.3,0.71
V0394,Do the Right Thing,2025-09-17,124.0,1.0
V0394,School of Rock,2025-08-28,26.4,0.29
V0395,School of Rock,2024-08-22,70.8,0.59
V0399,Clear and Present Danger,2024-02-09,47.0,0.54
V0401,Crimson Tide,2024-05-29,97.0,1.0
V0401,Clear and Present Danger,2024-07-23,65.3,0.61
V0401,Cliffhanger,2025-01-24,85.0,1.0
V0401,In the Line of Fire,2025-12-17,96.5,0.91
V0402,Jaws,2024-08-15,120.0,1.0
V0406,Crimson Tide,2024-03-03,51.5,0.51
V0406,Cliffhanger,2024-02-22,76.2,0.68
V0406,In the Line of Fire,2025-01-07,26.7,0.27
V0407,Crimson Tide,2025-12-29,90.2,0.93
V0407,Jaws,2024-02-18,39.2,0.37
V0407,Do the Right Thing,2024-02-23,45.5,0.5
V0409,Crimson Tide,2024-08-05,76.9,0.63
V0409,Clear and Present Danger,2025-09-13,69.6,0.71
V0409,Jaws,2024-09-15,74.0,0.86
V0409,Mars Attacks!,2024-12-08,63.0,0.45
V0409,School of Rock,2025-11-16,39.6,0.4
V0411,Jaws 2,2024-05-13,32.0,0.4
V0411,Mars Attacks!,2025-01-05,49.5,0.49
V0411,Training Day,2025-06-25,54.6,0.43
V0413,Cliffhanger,2025-10-27,48.4,0.41
V0413,In the Line of Fire,2025-01-28,34.9,0.36
V0413,Mars Attacks!,2024-05-13,48.4,0.57
V0413,Labyrinth,2024-05-03,62.4,0.52
V0413,Mystery Men,2025-11-01,8.2,0.1
V0413,School of Rock,2025-12-22,56.8,0.43
V0413,Cold Mountain,2024-03-17,99.4,0.92
V0414,Crimson Tide,2024-12-17,78.4,0.56
V0414,Clear and Present Danger,2024-07-25,61.4,0.62
V0414,Cliffhanger,2024-02-14,70.7,0.62
V0414,In the Line of Fire,2025-07-17,37.8,0.43
V0415,Jaws,2025-07-27,75.0,0.6
V0415,Mystery Men,2025-04-04,69.4,0.68
V0415,Training Day,2025-03-22,74.4,0.62
V0416,Crimson Tide,2025-06-20,44.5,0.53
V0416,Clear and Present Danger,2024-01-23,130.7,0.94
V0417,Crimson Tide,2025-12-14,52.2,0.58
V0419,Do the Right Thing,2025-08-02,54.6,0.62
V0421,Crimson Tide,2025-12-11,83.0,1.0
V0421,Clear and Present Danger,2025-02-11,67.2,0.73
V0421,Cliffhanger,2025-06-09,44.4,0.4
V0421,In the Line of Fire,2025-06-05,35.3,0.42
V0421,Jaws,2025-02-03,68.6,0.66
V0421,Osmosis Jones,2024-07-30,60.9,0.58
V0422,Cliffhanger,2025-08-08,32.8,0.36
V0422,Labyrinth,2024-01-10,27.0,0.29
V0424,Crimson Tide,2025-06-09,93.8,0.69
V0424,Clear and Present Danger,2025-06-21,68.7,0.63
V0424,Jaws,2024-08-13,22.1,0.23
V0424,Mars Attacks!,2025-07-19,59.8,0.61
V0424,Training Day,2024-02-16,36.5,0.42
V0424,Love Don't Cost a Thing,2024-02-10,42.2,0.37
V0424,Cold Mountain,2024-10-11,57.6,0.48
V0425,Jaws,2024-02-22,94.5,0.68
V0427,Crimson Tide,2024-08-03,58.1,0.48
V0427,Clear and Present Danger,2025-10-26,30.8,0.27
V0427,Cliffhanger,2025-01-12,60.2,0.59
V0427,In the Line of Fire,2025-12-23,32.0,0.32
V0427,Jaws,2024-05-16,100.6,0.74
V0427,Mars Attacks!,2024-10-28,96.5,0.91
V0430,Cliffhanger,2025-10-02,48.0,0.48
V0430,Jaws,2024-12-30,55.4,0.42
V0430,Jaws 2,2024-10-13,58.3,0.62
V0430,Labyrinth,2024-01-17,61.9,0.68
V0430,School of Rock,2025-08-20,57.0,0.5
V0433,Crimson Tide,2025-12-05,71.4,0.83
V0433,Clear and Present Danger,2024-09-20,104.0,1.0
V0434,Jaws 2,2025-09-10,132.3,0.98
V0435,Crimson Tide,2025-03-28,66.7,0.58
V0435,Clear and Present Danger,2024-07-27,60.2,0.64
V0435,Cliffhanger,2025-02-08,69.0,0.59
V0435,In the Line of Fire,2025-03-20,46.3,0.52
V0436,Jaws,2025-05-05,56.7,0.55
V0437,Clear and Present Danger,2025-04-15,61.2,0.72
V0437,Cliffhanger,2024-06-29,91.0,1.0
V0438,Crimson Tide,2024-07-03,35.0,0.38
V0438,Clear and Present Danger,2024-11-13,55.7,0.46
V0438,Cliffhanger,2025-02-07,40.5,0.45
V0440,Jaws,2024-03-12,83.6,0.68
V0441,Crimson Tide,2024-09-08,45.4,0.51
V0444,Crimson Tide,2025-02-16,100.3,0.92
V0444,Clear and Present Danger,2024-05-20,71.4,0.83
V0444,Cliffhanger,2024-01-13,105.8,0.84
V0444,In the Line of Fire,2025-01-28,47.2,0.4
V0445,Crimson Tide,2024-01-14,54.3,0.67
V0445,House Party 3,2024-02-14,84.5,0.66
V0445,Jaws,2024-03-26,66.0,0.75
V0445,Mystery Men,2025-10-04,26.2,0.27
V0445,House Party,2024-01-10,72.0,0.61
V0445,House Party 2,2024-12-12,52.0,0.4
V0446,Crimson Tide,2024-07-26,81.7,0.61
V0446,Clear and Present Danger,2025-07-30,78.3,0.89
V0446,In the Line of Fire,2024-06-16,94.5,0.69
V0448,Jaws,2024-06-07,47.5,0.48
V0448,Do the Right Thing,2025-12-09,59.9,0.63
V0449,Crimson Tide,2024-05-06,75.7,0.78
V0449,Cold Mountain,2024-04-15,71.3,0.88
V0450,Crimson Tide,2025-06-07,70.7,0.62
V0450,Clear and Present Danger,2024-05-25,89.8,0.66
V0451,School of Rock,2024-01-25,55.2,0.69
V0452,Clear and Present Danger,2024-05-30,64.9,0.69
V0453,Crimson Tide,2024-08-19,101.0,0.99
V0453,In the Line of Fire,2025-01-28,124.2,0.9
V0455,Cliffhanger,2024-04-25,13.5,0.11
V0455,Training Day,2024-04-22,46.6,0.42
V0455,In the Cut,2024-10-15,24.4,0.26
V0457,Crimson Tide,2024-12-07,39.8,0.39
V0457,Jaws,2024-03-27,63.5,0.73
V0457,Mars Attacks!,2024-06-03,52.1,0.38
V0457,School of Rock,2024-12-08,15.5,0.17
V0460,Do the Right Thing,2025-03-11,24.8,0.21
V0461,Crimson Tide,2025-12-04,81.0,0.91
V0461,Clear and Present Danger,2024-10-20,77.2,0.78
V0461,In the Line of Fire,2024-10-04,91.8,0.9
V0461,Mars Attacks!,2025-01-12,74.5,0.54
V0462,Cliffhanger,2025-12-29,73.7,0.53
V0463,Crimson Tide,2024-01-03,68.1,0.52
V0463,Clear and Present Danger,2024-06-01,94.5,0.7
V0463,Cliffhanger,2024-11-23,101.9,0.79
V0465,Crimson Tide,2025-05-04,44.5,0.5
V0465,Clear and Present Danger,2025-08-14,67.3,0.51
V0466,Labyrinth,2024-10-12,107.0,1.0
V0469,Cliffhanger,2024-05-10,17.8,0.2
V0469,Mars Attacks!,2024-12-27,19.1,0.21
V0469,School of Rock,2025-05-07,9.0,0.09
V0469,Cold Mountain,2025-09-08,14.9,0.12
V0471,Clear and Present Danger,2024-05-21,89.7,0.69
V0471,Cliffhanger,2024-09-08,61.6,0.47
V0471,In the Line of Fire,2025-05-24,53.0,0.51
V0471,Jaws,2025-06-29,84.4,0.74
V0471,Jaws 2,2025-01-28,75.2,0.66
V0471,Mars Attacks!,2025-03-07,32.3,0.38
V0471,Tears of the Sun,2025-12-11,74.6,0.66
V0471,Cold Mountain,2025-12-20,95.6,0.73
V0473,In the Line of Fire,2024-01-03,50.1,0.59
V0473,Jaws,2024-01-18,93.0,1.0
V0473,Mars Attacks!,2024-05-16,96.8,0.94
V0474,Clear and Present Danger,2024-12-23,73.1,0.53
V0474,Jaws,2024-05-22,91.7,0.89
V0474,Mystery Men,2025-07-18,68.6,0.7
V0475,Mars Attacks!,2024-09-05,139.0,1.0
V0476,Jaws,2024-02-27,61.4,0.66
V0479,Clear and Present Danger,2025-12-13,86.4,0.68
V0479,Jaws,2024-01-27,33.8,0.27
V0479,Jaws 2,2025-01-15,58.3,0.47
V0479,Labyrinth,2025-11-09,50.6,0.61
V0481,Crimson Tide,2025-08-31,45.6,0.39
V0481,Clear and Present Danger,2024-05-30,56.7,0.42
V0481,Cliffhanger,2024-09-07,42.2,0.41
V0482,Jaws,2025-03-02,46.2,0.55
V0483,Mars Attacks!,2025-04-26,75.6,0.85
V0484,Crimson Tide,2025-06-24,69.9,0.55
V0485,Crimson Tide,2025-04-26,71.9,0.58
V0485,Clear and Present Danger,2025-03-30,55.1,0.52
V0485,Mars Attacks!,2024-01-14,63.7,0.49
V0485,School of Rock,2024-03-02,32.3,0.33
V0488,In the Line of Fire,2025-09-10,80.2,0.59
V0488,Jaws,2024-06-13,71.7,0.56
V0488,Mars Attacks!,2025-03-09,27.2,0.34
V0489,Crimson Tide,2025-04-10,115.6,0.94
V0489,Osmosis Jones,2024-09-21,82.8,0.72
V0490,Crimson Tide,2024-11-09,78.7,0.57
V0491,Crimson Tide,2024-06-09,73.8,0.59
V0491,Clear and Present Danger,2025-06-18,92.1,0.95
V0492,Cliffhanger,2024-05-08,86.3,0.83
V0492,Jaws,2025-09-25,45.7,0.36
V0492,Mars Attacks!,2024-07-07,42.3,0.51
V0492,Labyrinth,2025-07-26,68.6,0.52
V0492,Training Day,2025-12-10,51.9,0.44
V0492,School of Rock,2025-10-30,77.4,0.71
V0496,Jaws,2025-01-24,101.6,0.84
V0496,Do the Right Thing,2025-01-15,56.7,0.63
V0497,Clear and Present Danger,2024-10-03,82.3,0.68
V0497,Cliffhanger,2025-01-06,45.6,0.53
V0497,In the Line of Fire,2024-12-09,100.3,0.85
V0503,Training Day,2024-06-15,47.8,0.59
V0506,Clear and Present Danger,2024-08-04,60.4,0.53
V0508,Jaws,2024-11-12,64.9,0.55
V0508,Training Day,2025-10-15,59.8,0.65
V0512,Crimson Tide,2024-10-02,69.5,0.5
V0512,Clear and Present Danger,2025-08-01,80.8,0.95
V0512,Cliffhanger,2025-05-10,45.9,0.56
V0515,Cliffhanger,2024-04-05,31.2,0.38
V0515,In the Line of Fire,2024-12-31,110.6,0.79
V0516,Jaws,2025-02-11,79.4,0.62
V0516,Jaws 2,2025-02-04,48.2,0.43
V0516,Mars Attacks!,2024-05-12,81.9,0.65
V0520,Clear and Present Danger,2024-12-05,111.6,0.9
V0520,In the Line of Fire,2025-05-30,106.0,1.0
V0520,Jaws,2024-06-02,61.9,0.72
V0520,Training Day,2025-01-26,61.6,0.76
V0520,School of Rock,2024-02-08,94.6,0.86
V0520,Grown Ups,2025-11-29,68.6,0.7
V0522,Mystery Men,2025-10-02,34.9,0.32
V0524,Crimson Tide,2024-08-25,85.0,1.0
V0524,Clear and Present Danger,2025-11-28,78.9,0.58
V0532,Mars Attacks!,2024-06-13,58.1,0.48
V0533,Cliffhanger,2025-09-15,101.9,0.91
V0534,Labyrinth,2024-12-15,99.2,0.82
V0534,Osmosis Jones,2024-12-13,81.0,0.75
V0535,School of Rock,2025-03-17,63.7,0.65
V0536,Crimson Tide,2025-11-30,55.8,0.68
V0536,In the Line of Fire,2025-09-17,61.4,0.59
V0536,Labyrinth,2024-06-05,75.5,0.64
V0537,Training Day,2025-05-24,78.9,0.68
V0538,Crimson Tide,2024-05-26,74.8,0.87
V0538,Clear and Present Danger,2025-07-14,129.0,1.0
V0539,Labyrinth,2024-03-30,112.0,0.83
V0543,Jaws,2024-11-17,73.3,0.66
V0543,School of Rock,2024-06-14,83.7,0.93
V0544,Jaws,2025-01-07,38.6,0.46
V0544,Jaws 2,2024-07-02,39.8,0.39
V0544,Do the Right Thing,2024-09-21,80.0,0.64
V0545,Crimson Tide,2025-03-28,78.1,0.71
V0545,Clear and Present Danger,2024-05-06,83.5,0.69
V0545,Cliffhanger,2025-01-07,62.6,0.54
V0546,Cliffhanger,2025-02-22,61.6,0.46
V0546,In the Line of Fire,2025-11-27,91.1,0.68
V0546,Mars Attacks!,2025-06-08,60.7,0.69
V0546,School of Rock,2024-11-17,77.7,0.58
V0549,Crimson Tide,2025-02-27,67.0,0.65
V0549,Clear and Present Danger,2025-11-29,78.4,0.7
V0549,Jaws,2025-10-21,64.0,0.78
V0549,House Party,2024-09-07,52.3,0.63
V0552,In the Line of Fire,2024-01-09,107.9,0.87
V0553,Cliffhanger,2024-10-24,89.0,1.0
V0553,Mars Attacks!,2025-02-12,58.2,0.56
V0554,Clear and Present Danger,2025-02-01,85.8,0.64
V0554,Cliffhanger,2024-04-05,71.5,0.53
V0554,In the Line of Fire,2025-10-19,89.8,0.88
V0554,Jaws,2025-04-21,114.0,1.0
V0554,Jaws 2,2024-04-20,44.7,0.52
V0554,Mars Attacks!,2025-02-10,98.0,0.71
V0556,Clear and Present Danger,2025-02-15,89.0,0.69
V0557,Clear and Present Danger,2024-12-16,38.4,0.38
V0557,Mars Attacks!,2025-12-20,73.2,0.62
V0565,In the Line of Fire,2024-10-12,67.3,0.53
V0568,Cliffhanger,2024-06-08,40.3,0.37
V0569,In the Line of Fire,2025-10-17,74.2,0.53
V0571,Cliffhanger,2024-02-02,29.8,0.32
V0571,Mars Attacks!,2024-03-04,37.8,0.32
V0572,Crimson Tide,2025-03-16,136.2,0.98
V0572,Clear and Present Danger,2024-08-04,80.3,0.73
V0572,In the Line of Fire,2025-12-01,50.0,0.37
V0572,Jaws,2025-10-12,56.7,0.53
V0572,Mars Attacks!,2024-03-11,23.7,0.26
V0572,My Boss's Daughter,2024-11-01,40.7,0.42
V0572,School of Rock,2025-03-05,83.7,0.62
V0572,Freedom Writers,2024-09-22,65.5,0.58
V0572,Safe House,2024-04-04,50.1,0.55
V0574,Labyrinth,2024-12-16,137.0,1.0
V0578,Jaws,2024-07-22,79.4,0.62
V0578,Mars Attacks!,2025-05-08,71.4,0.7
V0578,School of Rock,2024-06-13,81.4,0.74
V0579,Crimson Tide,2025-12-10,64.5,0.52
V0579,Clear and Present Danger,2024-01-11,58.0,0.5
V0579,Cliffhanger,2025-09-03,73.6,0.64
V0579,In the Line of Fire,2025-11-14,47.8,0.52
V0584,Jaws,2024-11-27,113.5,0.97
V0584,Do the Right Thing,2024-11-20,115.9,0.95
V0585,Labyrinth,2025-04-14,32.8,0.41
V0586,Cliffhanger,2024-11-20,57.0,0.41
V0586,Once Upon a Time in America,2025-11-21,87.0,1.0
V0586,Jaws,2024-01-04,56.2,0.53
V0586,Mars Attacks!,2024-05-08,75.6,0.7
V0586,Labyrinth,2025-08-15,62.4,0.52
V0586,Mystery Men,2024-07-11,26.7,0.31
V0586,Crocodile Dundee in Los Angeles,2024-06-19,54.1,0.51
V0586,Training Day,2024-12-22,87.3,0.74
V0586,School of Rock,2025-11-26,65.1,0.7
V0587,Clear and Present Danger,2025-01-14,81.2,0.7
V0587,Cliffhanger,2024-11-05,54.1,0.41
V0587,In the Line of Fire,2024-05-07,86.3,0.63
V0587,Jaws,2025-04-11,111.6,0.9
V0587,Jaws 2,2024-12-26,36.0,0.34
V0587,Mars Attacks!,2025-06-19,25.3,0.19
V0587,Labyrinth,2024-06-29,71.7,0.56
V0587,Mystery Men,2024-06-30,55.6,0.51
V0588,School of Rock,2025-07-09,43.7,0.38
V0591,Crimson Tide,2025-11-06,70.6,0.66
V0591,Clear and Present Danger,2025-10-11,124.0,1.0
V0591,Cliffhanger,2024-04-11,80.4,0.82
V0593,Clear and Present Danger,2024-04-16,85.0,1.0
V0594,Crimson Tide,2025-09-23,84.2,0.99
V0594,Jaws,2025-05-23,70.9,0.51
V0594,Labyrinth,2025-07-11,53.3,0.42
V0594,Mystery Men,2025-05-30,50.7,0.59
V0595,Labyrinth,2025-11-14,117.0,1.0
V0599,School of Rock,2024-08-04,54.9,0.56
V0600,Clear and Present Danger,2025-07-18,79.9,0.85
V0600,In the Line of Fire,2025-04-25,69.7,0.67
V0600,Jaws,2025-04-20,93.8,0.67
V0600,Jaws 2,2025-10-22,48.8,0.46
V0601,Crimson Tide,2025-02-09,80.0,0.64
V0601,Cliffhanger,2024-08-17,80.0,1.0
V0601,In the Line of Fire,2025-11-05,69.4,0.62
V0603,Clear and Present Danger,2025-02-28,45.1,0.47
V0603,In the Line of Fire,2025-02-28,73.8,0.6
V0604,Mars Attacks!,2024-06-06,19.7,0.24
V0604,School of Rock,2025-06-15,63.7,0.49
V0606,Jaws,2024-11-21,83.2,0.63
V0607,Clear and Present Danger,2025-08-08,56.6,0.56
V0609,Cliffhanger,2025-02-04,23.5,0.22
V0609,In the Line of Fire,2025-02-06,71.8,0.78
V0609,Mars Attacks!,2025-08-14,17.3,0.13
V0609,Do the Right Thing,2025-10-13,72.8,0.68
V0609,Crocodile Dundee in Los Angeles,2024-06-26,25.0,0.24
V0610,Crimson Tide,2025-06-13,72.4,0.69
V0610,Cliffhanger,2024-04-11,46.8,0.52
V0610,Once Upon a Time in America,2025-05-31,81.2,0.65
V0610,Jaws,2025-02-05,85.3,0.98
V0610,Jaws 2,2024-09-23,113.0,0.85
V0610,Labyrinth,2024-11-26,74.5,0.56
V0611,Crimson Tide,2024-01-27,61.4,0.66
V0611,Clear and Present Danger,2025-08-30,52.4,0.49
V0611,Cliffhanger,2025-12-25,43.6,0.49
V0614,Crimson Tide,2024-03-21,52.4,0.46
V0614,Clear and Present Danger,2024-05-13,58.0,0.5
V0614,Cliffhanger,2025-01-01,42.5,0.39
V0614,Jaws,2024-08-15,41.0,0.45
V0614,Labyrinth,2024-09-08,71.3,0.72
V0614,Mystery Men,2025-01-22,80.6,0.64
V0614,Cold Mountain,2024-02-22,68.4,0.53
V0614,Freedom Writers,2024-05-27,43.6,0.45
V0615,Jaws 2,2025-08-16,14.4,0.12
V0615,Crocodile Dundee in Los Angeles,2025-04-15,71.5,0.53
V0615,My Boss's Daughter,2024-04-19,93.1,0.67
V0619,Crimson Tide,2024-07-03,55.2,0.62
V0619,School of Rock,2025-01-05,38.2,0.45
V0623,Clear and Present Danger,2025-02-04,91.1,0.66
V0623,Cliffhanger,2024-01-23,46.4,0.54
V0627,Clear and Present Danger,2025-10-02,41.3,0.39
V0628,Mars Attacks!,2025-03-05,37.0,0.44
V0629,Jaws,2025-10-10,104.0,1.0
V0630,Mars Attacks!,2024-06-13,96.6,0.7
V0631,Once Upon a Time in America,2024-07-01,42.8,0.47
V0631,Jaws,2025-09-13,68.3,0.56
V0631,Jaws 2,2024-12-17,41.5,0.31
V0631,Jaws: The Revenge,2025-09-20,18.4,0.18
V0631,School of Rock,2024-06-11,66.1,0.56
V0631,Grown Ups,2024-05-04,47.5,0.42
V0631,The Interview,2025-07-02,53.4,0.58
V0632,Crimson Tide,2024-06-05,44.6,0.55
V0632,Clear and Present Danger,2024-04-27,62.3,0.67
V0632,In the Line of Fire,2024-12-01,60.3,0.44
V0632,Do the Right Thing,2025-12-09,32.6,0.37
V0632,Training Day,2024-10-07,75.6,0.54
V0632,School of Rock,2024-04-04,55.0,0.5
V0634,Labyrinth,2025-10-29,102.0,1.0
V0634,Mystery Men,2025-05-22,34.3,0.35
V0635,Cliffhanger,2025-02-13,57.8,0.54
V0635,Labyrinth,2024-06-26,79.2,0.57
V0635,Mystery Men,2024-10-14,92.0,1.0
V0636,Mystery Men,2025-08-24,55.7,0.53
V0637,Jaws,2024-07-29,41.6,0.42
V0637,Jaws 2,2025-04-01,45.4,0.36
V0637,Mars Attacks!,2024-10-05,51.4,0.48
V0637,Training Day,2024-04-20,62.0,0.47
V0637,School of Rock,2024-07-23,59.0,0.5
V0638,Mars Attacks!,2025-10-09,9.3,0.08
V0639,In the Line of Fire,2024-06-20,67.3,0.51
V0639,Jaws,2025-06-07,68.0,0.5
V0643,Crimson Tide,2024-10-27,73.0,0.76
V0643,Mars Attacks!,2025-10-22,118.0,1.0
V0646,Cliffhanger,2024-12-26,65.8,0.47
V0647,School of Rock,2024-07-03,45.1,0.43
V0648,Clear and Present Danger,2024-07-09,62.9,0.48
V0648,In the Line of Fire,2024-08-08,61.2,0.6
V0648,Labyrinth,2024-05-28,59.8,0.49
V0648,Mystery Men,2024-01-10,81.3,0.63
V0648,Training Day,2024-12-02,61.0,0.61
V0648,Tears of the Sun,2024-11-25,49.3,0.53
V0650,Mars Attacks!,2024-03-08,80.8,0.59
V0652,Clear and Present Danger,2024-08-05,80.1,0.77
V0654,Jaws,2025-07-28,49.7,0.44
V0657,Jaws,2025-11-18,97.0,1.0
V0658,Clear and Present Danger,2025-10-23,63.8,0.76
V0658,In the Line of Fire,2025-03-21,85.9,0.81
V0659,Cliffhanger,2024-07-21,76.0,0.76
V0659,Mars Attacks!,2025-05-20,46.0,0.5
V0660,Crimson Tide,2024-10-08,69.9,0.63
V0660,Clear and Present Danger,2025-04-08,71.0,0.67
V0660,Cliffhanger,2025-08-28,52.2,0.58
V0662,Jaws,2024-01-22,61.4,0.59
V0663,Crimson Tide,2025-08-12,36.3,0.37
V0663,Jaws,2024-10-18,80.0,1.0
V0663,Do the Right Thing,2025-02-16,58.1,0.66
V0664,Clear and Present Danger,2025-06-24,82.0,1.0
V0664,Cliffhanger,2024-01-17,45.9,0.56
V0664,Jaws,2025-03-01,73.9,0.88
V0664,Jaws 2,2024-11-20,59.2,0.47
V0664,Labyrinth,2024-03-22,61.4,0.48
V0664,Do the Right Thing,2025-05-20,115.0,1.0
V0664,Jaws: The Revenge,2024-11-01,29.8,0.25
V0664,School of Rock,2025-05-20,124.0,1.0
V0665,Jaws,2024-05-04,131.3,0.98
V0665,Jaws 2,2025-09-24,87.8,0.66
V0666,Jaws,2024-02-18,42.1,0.49
V0666,Mars Attacks!,2024-04-17,47.5,0.36
V0672,School of Rock,2025-03-22,56.0,0.56
V0672,Poseidon,2024-07-14,13.2,0.14
V0674,Crimson Tide,2025-01-12,126.0,1.0
V0674,Clear and Present Danger,2024-01-06,120.1,0.91
V0674,Cliffhanger,2024-02-23,84.8,0.61
V0675,Once Upon a Time in America,2024-02-14,86.4,0.9
V0676,Jaws,2024-11-07,33.1,0.38
V0678,Crimson Tide,2025-12-05,51.2,0.61
V0678,Clear and Present Danger,2025-01-23,102.3,0.86
V0678,In the Line of Fire,2024-05-21,79.5,0.82
V0680,Mars Attacks!,2024-05-09,62.0,0.53
V0683,Crimson Tide,2025-08-21,89.0,0.89
V0683,Clear and Present Danger,2025-02-27,91.1,0.67
V0683,Cliffhanger,2024-05-05,62.4,0.52
V0685,Cliffhanger,2025-08-14,41.8,0.37
V0685,Jaws,2024-10-14,88.0,0.8
V0686,Crimson Tide,2025-05-09,64.0,0.64
V0686,Clear and Present Danger,2024-10-30,36.7,0.39
V0686,Cliffhanger,2025-07-25,48.8,0.39
V0688,Crimson Tide,2025-11-06,119.7,0.9
V0688,Clear and Present Danger,2024-07-29,121.0,1.0
V0688,Cliffhanger,2025-05-21,32.2,0.26
V0688,In the Line of Fire,2025-11-17,48.1,0.58
V0689,Crimson Tide,2025-01-29,57.7,0.62
V0689,Cliffhanger,2024-12-14,65.3,0.71
V0689,In the Line of Fire,2025-06-24,80.9,0.87
V0689,Mars Attacks!,2024-11-15,62.7,0.56
V0689,Training Day,2024-06-06,87.5,0.7
V0691,Jaws 2,2024-05-13,72.4,0.54
V0692,Grown Ups,2025-01-29,11.3,0.12
V0698,Clear and Present Danger,2025-06-09,108.0,1.0
V0699,Cliffhanger,2024-07-11,58.9,0.64
V0699,Mystery Men,2024-06-17,38.6,0.46
V0699,Do the Right Thing,2025-08-14,77.5,0.63
V0700,Mars Attacks!,2025-04-17,48.4,0.4
V0700,Mystery Men,2024-04-22,36.7,0.27
V0702,Clear and Present Danger,2025-04-16,28.5,0.3
V0702,Jaws,2025-05-02,41.9,0.46
V0702,Jaws 2,2024-12-26,22.0,0.18
V0702,Mars Attacks!,2025-07-17,6.7,0.07
V0702,Labyrinth,2024-08-05,28.1,0.33
V0702,Mystery Men,2025-03-17,22.2,0.25
V0702,Do the Right Thing,2025-03-27,53.8,0.48
V0702,Jaws: The Revenge,2024-02-20,7.8,0.08
V0702,School of Rock,2025-03-08,70.2,0.58
V0703,In the Line of Fire,2025-02-16,57.0,0.62
V0703,Jaws,2025-06-26,70.1,0.77
V0704,Crimson Tide,2025-03-19,85.0,0.72
V0705,Crimson Tide,2025-10-23,52.5,0.61
V0705,Clear and Present Danger,2024-08-12,67.5,0.71
V0705,Cliffhanger,2024-02-06,11.3,0.13
V0705,In the Line of Fire,2024-03-08,53.4,0.46
V0706,Labyrinth,2024-08-19,60.4,0.53
V0709,Once Upon a Time in America,2025-02-18,106.1,0.78
V0709,Labyrinth,2024-08-13,34.6,0.33
V0709,Mystery Men,2025-12-09,83.2,0.66
V0710,In the Line of Fire,2024-06-24,69.8,0.72
V0710,Jaws,2025-10-14,75.4,0.58
V0710,Jaws 2,2024-10-21,19.6,0.2
V0710,Mars Attacks!,2024-07-08,60.5,0.48
V0710,Mystery Men,2025-09-29,112.0,1.0
V0710,Do the Right Thing,2025-12-05,110.0,1.0
V0710,Cold Mountain,2025-11-28,59.9,0.63
V0711,Jaws,2024-12-06,35.3,0.42
V0711,Mars Attacks!,2024-01-14,71.2,0.52
V0711,Labyrinth,2024-12-08,107.4,0.88
V0717,Clear and Present Danger,2024-09-27,39.7,0.49
V0717,In the Line of Fire,2025-11-26,43.5,0.32
V0717,Training Day,2025-08-31,99.8,0.78
V0721,Crimson Tide,2025-08-20,96.9,0.95
V0721,Clear and Present Danger,2024-09-10,43.2,0.54
V0721,In the Line of Fire,2024-01-18,44.0,0.4
V0722,Crimson Tide,2024-10-24,94.0,0.81
V0722,Clear and Present Danger,2025-05-30,78.5,0.59
V0722,Cliffhanger,2024-04-06,56.7,0.63
V0723,Labyrinth,2024-12-09,47.3,0.55
V0724,Jaws,2024-12-25,86.4,0.8
V0724,Mars Attacks!,2025-05-13,68.4,0.6
V0725,Crimson Tide,2024-01-14,78.7,0.82
V0725,Clear and Present Danger,2025-12-28,85.8,0.65
V0725,Cliffhanger,2025-11-10,68.7,0.68
V0725,In the Line of Fire,2025-09-02,134.0,1.0
V0727,Crimson Tide,2025-12-03,58.3,0.53
V0727,Clear and Present Danger,2024-01-22,93.8,0.83
V0727,In the Line of Fire,2024-08-13,63.2,0.71
V0727,Jaws,2024-12-31,117.1,0.96
V0727,Mystery Men,2025-08-14,13.3,0.12
V0729,Cliffhanger,2025-03-17,116.8,0.92
V0729,In the Line of Fire,2024-04-01,37.1,0.36
V0729,Jaws,2025-01-21,63.5,0.69
V0729,Mars Attacks!,2024-10-07,48.0,0.4
V0729,Training Day,2025-07-11,66.6,0.49
V0729,School of Rock,2025-06-23,126.0,0.92
V0732,Mars Attacks!,2025-11-26,20.9,0.23
V0733,Cliffhanger,2025-02-04,102.0,1.0
V0733,Once Upon a Time in America,2024-10-09,39.8,0.34
V0733,Jaws,2025-08-16,70.3,0.71
V0733,Jaws 2,2025-09-19,92.7,0.82
V0735,Training Day,2025-04-10,37.4,0.43
V0735,Cold Mountain,2024-12-21,109.0,0.94
V0736,Clear and Present Danger,2024-01-09,65.7,0.67
V0736,Cliffhanger,2024-05-30,51.1,0.46
V0737,Jaws,2025-06-19,88.3,0.81
V0737,School of Rock,2025-11-11,86.2,0.88
V0738,Clear and Present Danger,2024-10-22,49.5,0.55
V0738,Cliffhanger,2024-01-16,63.8,0.76
V0739,Crimson Tide,2024-10-16,54.5,0.5
V0739,Cliffhanger,2024-02-24,113.5,0.86
V0739,Once Upon a Time in America,2025-03-16,69.9,0.63
V0739,Mars Attacks!,2024-01-01,81.6,0.8
V0739,Training Day,2024-12-24,62.2,0.75
V0740,Crimson Tide,2025-05-29,62.6,0.46
V0740,In the Line of Fire,2025-07-28,114.7,0.94
V0740,Once Upon a Time in America,2025-12-31,83.7,0.94
V0740,Jaws,2024-07-20,39.8,0.41
V0741,Crimson Tide,2024-03-23,101.6,0.95
V0741,Clear and Present Danger,2025-04-29,36.3,0.37
V0741,Cliffhanger,2025-11-25,22.2,0.16
V0741,House Party 3,2025-02-12,9.6,0.08
V0741,In the Line of Fire,2024-09-24,72.6,0.53
V0741,Once Upon a Time in America,2024-11-14,107.6,0.78
V0741,Jaws,2025-11-26,8.2,0.09
V0741,Mars Attacks!,2025-08-15,107.4,0.79
V0741,Labyrinth,2024-07-23,80.1,0.91
V0741,Do the Right Thing,2025-07-21,65.3,0.68
V0741,House Party 2,2024-03-28,7.4,0.08
V0741,Jaws: The Revenge,2025-10-05,8.9,0.09
V0741,Crocodile Dundee in Los Angeles,2025-01-19,61.0,0.56
V0741,Training Day,2025-03-23,130.0,1.0
V0744,Crimson Tide,2025-03-28,47.3,0.55
V0744,Clear and Present Danger,2025-12-02,39.7,0.32
V0744,Cliffhanger,2024-12-28,61.2,0.49
V0744,In the Line of Fire,2025-02-24,56.7,0.53
V0744,Jaws,2025-07-26,46.9,0.43
V0744,Mars Attacks!,2025-03-07,47.8,0.59
V0744,School of Rock,2025-09-21,53.5,0.63
V0744,Cold Mountain,2024-09-05,86.9,0.63
V0745,Jaws,2024-05-10,106.5,0.91
V0747,Jaws 2,2025-08-02,54.7,0.46
V0749,Clear and Present Danger,2025-02-06,42.2,0.31
V0749,Cliffhanger,2024-01-07,44.9,0.51
V0749,In the Line of Fire,2025-06-14,70.9,0.65
V0750,Crimson Tide,2024-03-27,71.9,0.66
V0750,Clear and Present Danger,2025-10-27,50.6,0.61
V0750,Cliffhanger,2024-04-09,41.3,0.48
V0750,In the Line of Fire,2025-05-08,81.8,0.62
V0754,Crimson Tide,2024-03-03,59.5,0.48
V0754,Clear and Present Danger,2025-11-21,54.8,0.63
V0754,Cliffhanger,2024-02-24,93.0,0.83
V0754,In the Line of Fire,2024-05-27,71.9,0.58
V0759,Crimson Tide,2025-05-22,72.5,0.63
V0759,Clear and Present Danger,2025-11-22,51.9,0.59
V0760,Crimson Tide,2024-11-04,106.8,0.89
V0760,Clear and Present Danger,2024-01-07,75.6,0.63
V0760,Cliffhanger,2025-12-05,93.0,0.71
V0760,In the Line of Fire,2024-01-01,49.7,0.54
V0761,Mars Attacks!,2024-05-03,33.8,0.38
V0766,Cliffhanger,2024-07-28,44.1,0.39
V0768,Crimson Tide,2025-06-01,45.6,0.53
V0768,Clear and Present Danger,2024-05-04,54.0,0.5
V0768,Cliffhanger,2024-07-07,50.5,0.51
V0768,In the Line of Fire,2025-07-13,68.6,0.52
V0768,Once Upon a Time in America,2025-11-28,63.4,0.66
V0768,Jaws,2025-09-23,84.2,0.78
V0768,Jaws 2,2025-10-13,29.6,0.34
V0768,Mars Attacks!,2025-11-04,46.2,0.57
V0768,Labyrinth,2025-12-17,39.9,0.42
V0768,Mystery Men,2025-05-06,66.1,0.58
V0768,Crocodile Dundee in Los Angeles,2024-04-12,30.4,0.31
V0768,Training Day,2025-11-14,84.2,0.72
V0768,Tears of the Sun,2025-12-15,48.5,0.5
V0768,School of Rock,2025-03-02,61.6,0.47
V0768,In the Cut,2024-01-29,67.3,0.51
V0768,Poseidon,2025-07-31,51.0,0.52
V0769,Crimson Tide,2024-11-06,51.0,0.49
V0769,Clear and Present Danger,2025-11-03,48.4,0.59
V0769,In the Line of Fire,2024-12-29,61.9,0.52
V0770,Labyrinth,2025-04-14,61.6,0.7
V0773,Crimson Tide,2024-06-11,59.2,0.61
V0773,Clear and Present Danger,2025-05-30,73.4,0.72
V0773,Cliffhanger,2025-12-24,45.6,0.49
V0774,Jaws,2024-03-05,84.8,0.75
V0775,Crimson Tide,2024-12-26,63.7,0.7
V0775,Clear and Present Danger,2024-12-13,87.1,0.72
V0775,Cliffhanger,2024-05-23,67.6,0.62
V0775,In the Line of Fire,2025-11-05,93.1,0.96
V0775,Once Upon a Time in America,2024-03-10,91.1,0.92
V0775,Jaws,2025-05-10,138.0,1.0
V0775,Jaws 2,2025-09-12,48.9,0.47
V0775,Mars Attacks!,2025-12-26,69.5,0.57
V0775,Labyrinth,2025-11-05,100.1,0.72
V0775,Mystery Men,2025-12-15,67.8,0.6
V0775,Do the Right Thing,2025-08-17,95.0,0.95
V0775,Training Day,2025-02-17,10.2,0.1
V0775,Tears of the Sun,2024-06-11,5.0,0.06
V0775,School of Rock,2024-04-18,49.8,0.53
V0775,Cold Mountain,2025-05-02,77.7,0.7
V0776,School of Rock,2024-08-30,100.0,1.0
V0777,Crimson Tide,2024-06-27,49.0,0.57
V0777,Jaws,2025-03-06,114.7,0.91
V0777,Do the Right Thing,2025-09-18,70.9,0.51
V0777,Crocodile Dundee in Los Angeles,2024-03-15,31.7,0.33
V0777,School of Rock,2025-09-13,91.8,0.85
V0777,Cold Mountain,2024-06-27,105.6,0.88
V0779,Jaws,2025-04-05,47.0,0.47
V0782,Crimson Tide,2025-10-14,70.7,0.68
V0782,Cliffhanger,2024-07-19,107.9,0.93
V0783,School of Rock,2025-11-26,69.1,0.72
V0784,Do the Right Thing,2024-06-14,50.0,0.51
V0786,School of Rock,2024-07-15,69.5,0.65
V0786,Grown Ups,2025-10-06,32.3,0.38
V0787,Jaws,2024-02-04,47.6,0.39
V0788,In the Line of Fire,2024-01-06,72.1,0.55
V0789,Jaws,2025-08-04,103.0,1.0
V0790,Mars Attacks!,2024-12-14,51.3,0.45
V0791,Jaws,2025-10-19,91.0,1.0
V0791,Labyrinth,2024-07-31,81.4,0.72
V0792,Labyrinth,2025-05-27,76.6,0.66
V0792,Training Day,2025-07-26,66.3,0.65
V0792,School of Rock,2024-03-09,73.7,0.55
V0794,Labyrinth,2025-01-20,74.5,0.69
V0795,Crimson Tide,2024-03-21,86.4,0.64
V0795,Clear and Present Danger,2024-11-01,88.0,1.0
V0795,Cliffhanger,2024-08-24,46.4,0.54
V0796,Clear and Present Danger,2024-12-04,63.9,0.77
V0796,In the Line of Fire,2024-10-23,35.6,0.44
V0799,Jaws,2025-02-03,91.7,0.66
V0799,Do the Right Thing,2024-06-10,61.2,0.49
V0800,Clear and Present Danger,2025-08-12,51.0,0.52
V0800,Jaws,2025-09-17,84.5,0.89
V0802,Crimson Tide,2025-09-25,70.6,0.63
V0802,Clear and Present Danger,2024-04-23,61.4,0.74
V0802,In the Line of Fire,2024-09-26,103.0,0.88
V0805,Crimson Tide,2024-12-12,44.8,0.37
V0806,Clear and Present Danger,2024-12-08,64.7,0.61
V0806,Cliffhanger,2024-05-22,115.6,0.85
V0809,Crimson Tide,2024-12-03,42.8,0.46
V0809,Cliffhanger,2024-03-04,15.3,0.11
V0810,Crimson Tide,2025-07-31,68.4,0.72
V0811,Once Upon a Time in America,2024-02-06,105.5,0.77
V0812,Clear and Present Danger,2025-03-02,49.0,0.48
V0812,Cliffhanger,2024-03-23,74.3,0.63
V0812,Jaws,2024-05-12,76.2,0.56
V0812,Mars Attacks!,2024-04-16,20.4,0.21
V0812,Labyrinth,2024-08-18,73.8,0.9
V0812,Mystery Men,2025-05-04,98.0,0.81
V0812,Osmosis Jones,2024-08-21,42.6,0.43
V0812,School of Rock,2024-01-27,56.7,0.7
V0812,In the Cut,2024-07-19,41.3,0.32
V0813,Tears of the Sun,2025-01-23,87.8,0.77
V0813,Cold Mountain,2024-01-19,99.6,0.81
V0814,Mars Attacks!,2025-01-31,102.4,0.89
V0816,Crimson Tide,2024-05-08,85.1,0.66
V0816,Clear and Present Danger,2025-07-16,87.7,0.82
V0816,Cliffhanger,2024-04-30,47.5,0.54
V0816,In the Line of Fire,2025-01-11,132.9,0.97
V0817,Mars Attacks!,2025-03-23,58.1,0.57
V0819,In the Line of Fire,2024-08-25,78.7,0.57
V0820,Jaws,2024-08-20,80.8,0.95
V0821,Clear and Present Danger,2025-07-03,89.0,0.84
V0821,Cliffhanger,2024-01-16,44.1,0.38
V0821,In the Line of Fire,2024-02-28,112.0,0.83
V0824,Heavy,2025-03-25,52.9,0.63
V0829,Mars Attacks!,2024-11-17,49.1,0.54
V0829,Letters to Juliet,2024-09-07,78.5,0.77
V0833,Crimson Tide,2025-02-11,52.9,0.54
V0833,Clear and Present Danger,2025-11-03,108.9,0.99
V0833,Cliffhanger,2025-07-10,43.7,0.52
V0833,In the Line of Fire,2024-12-31,83.7,0.9
V0834,Crimson Tide,2024-08-13,94.5,0.69
V0834,Mystery Men,2025-01-10,88.6,0.82
V0839,Mars Attacks!,2025-10-31,95.5,0.74
V0840,Crimson Tide,2024-09-30,52.3,0.55
V0840,Clear and Present Danger,2025-05-30,61.0,0.61
V0840,Cliffhanger,2025-02-24,32.7,0.38
V0840,House Party 3,2025-05-12,87.5,0.7
V0840,In the Line of Fire,2024-05-20,50.4,0.52
V0843,Do the Right Thing,2024-08-24,133.0,1.0
V0843,Like Crazy,2024-08-03,62.4,0.63
V0843,Safe House,2024-05-25,28.7,0.33
V0845,Jaws,2025-12-16,82.0,1.0
V0846,Cliffhanger,2025-04-09,52.9,0.49
V0846,Mars Attacks!,2025-05-25,37.8,0.27
V0846,Labyrinth,2024-10-11,57.2,0.43
V0846,Training Day,2024-03-27,49.1,0.42
V0846,School of Rock,2025-09-16,50.6,0.61
V0846,Cold Mountain,2025-01-26,65.5,0.63
V0847,Cliffhanger,2024-08-17,36.4,0.35
V0847,Mars Attacks!,2025-11-06,68.8,0.74
V0847,Labyrinth,2025-11-07,68.5,0.64
V0847,Crocodile Dundee in Los Angeles,2024-12-22,36.6,0.37
V0848,Crimson Tide,2025-09-15,86.2,0.62
V0848,Clear and Present Danger,2024-09-25,87.0,0.68
V0848,In the Line of Fire,2024-08-09,82.5,0.63
V0853,Once Upon a Time in America,2025-09-28,79.4,0.62
V0853,Jaws,2024-02-28,71.7,0.67
V0856,Jaws,2025-02-01,69.4,0.53
V0856,Labyrinth,2025-11-25,116.2,0.83
V0856,Jaws: The Revenge,2025-07-01,54.9,0.56
V0856,Crocodile Dundee in Los Angeles,2025-08-04,46.9,0.43
V0857,Crimson Tide,2024-06-15,117.4,0.91
V0857,Cliffhanger,2024-08-31,36.4,0.35
V0859,Crimson Tide,2024-10-14,60.7,0.69
V0859,Clear and Present Danger,2024-10-07,79.9,0.61
V0860,Mystery Men,2025-07-09,40.8,0.48
V0863,Clear and Present Danger,2025-02-08,62.7,0.64
V0863,In the Line of Fire,2025-01-05,79.5,0.97
V0864,Jaws,2025-10-30,77.6,0.8
V0868,Jaws,2024-01-13,111.3,0.85
V0869,Clear and Present Danger,2025-11-07,54.8,0.63
V0869,Cliffhanger,2024-07-02,77.0,0.77
V0869,In the Line of Fire,2025-03-26,57.2,0.53
V0869,Jaws,2025-01-02,42.4,0.53
V0869,Mars Attacks!,2025-07-23,64.9,0.59
V0869,Training Day,2025-08-16,47.4,0.51
V0869,Cold Mountain,2025-09-16,54.6,0.39
V0870,In the Line of Fire,2024-03-06,72.5,0.63
V0870,Jaws,2024-10-09,76.7,0.71
V0870,Mars Attacks!,2024-05-10,64.3,0.67
V0871,Cliffhanger,2024-05-30,36.7,0.39
V0872,Cliffhanger,2024-02-20,91.8,0.68
V0872,Jaws,2024-02-09,44.2,0.47
V0872,School of Rock,2025-03-26,73.7,0.81
V0872,Cold Mountain,2025-07-20,64.4,0.55
V0873,In the Line of Fire,2024-09-22,55.0,0.44
V0873,Training Day,2024-12-27,41.3,0.43
V0875,Clear and Present Danger,2025-09-06,114.0,1.0
V0879,In the Line of Fire,2024-03-20,46.5,0.49
V0882,Clear and Present Danger,2025-06-07,97.4,0.87
V0882,In the Line of Fire,2024-11-29,49.6,0.59
V0884,Mystery Men,2025-11-28,47.6,0.41
V0885,Jaws,2025-03-12,67.8,0.64
V0885,Mars Attacks!,2024-01-26,104.7,0.77
V0885,Labyrinth,2025-01-03,96.0,0.96
V0892,Crimson Tide,2025-10-29,101.0,1.0
V0892,Clear and Present Danger,2024-10-28,90.6,0.88
V0892,In the Line of Fire,2025-01-12,58.3,0.49
V0892,Jaws,2024-06-02,25.4,0.31
V0892,Mars Attacks!,2024-04-18,52.4,0.38
V0893,Labyrinth,2024-11-16,68.4,0.58
V0893,School of Rock,2025-06-04,69.4,0.62
V0893,Cold Mountain,2024-12-18,85.8,0.66
V0897,Jaws,2025-08-19,102.2,0.73
V0899,Cliffhanger,2024-06-02,49.2,0.6
V0900,Labyrinth,2025-10-26,88.4,0.85
V0900,Cold Mountain,2024-08-17,79.9,0.94
V0901,Training Day,2025-08-11,94.0,0.81
V0902,Cliffhanger,2025-03-04,67.2,0.56
V0903,Crimson Tide,2025-06-24,94.6,0.83
V0903,Clear and Present Danger,2025-04-28,49.8,0.38
V0903,Cliffhanger,2025-03-27,89.1,0.73
V0903,House Party 3,2025-08-12,15.0,0.15
V0903,In the Line of Fire,2024-12-02,90.2,0.92
V0903,Once Upon a Time in America,2025-01-05,61.8,0.65
V0903,Jaws,2024-04-28,81.8,0.87
V0903,Jaws 2,2025-02-23,37.2,0.3
V0903,Mars Attacks!,2025-07-27,26.8,0.26
V0903,I Got the Hook Up,2025-01-05,14.6,0.13
V0903,Labyrinth,2024-08-23,64.1,0.53
V0903,Mystery Men,2024-08-23,46.4,0.43
V0903,Do the Right Thing,2024-05-08,102.1,0.88
V0903,House Party,2025-02-21,76.5,0.55
V0903,House Party 2,2024-05-21,23.4,0.19
V0903,Jaws: The Revenge,2024-10-20,17.7,0.15
V0904,In the Line of Fire,2024-03-24,63.6,0.63
V0906,Mars Attacks!,2024-05-31,72.1,0.68
V0907,Jaws,2024-07-21,41.8,0.36
V0907,Labyrinth,2025-04-09,68.5,0.5
V0907,School of Rock,2025-03-04,5.6,0.07
V0908,Crimson Tide,2025-12-29,81.6,0.85
V0908,Clear and Present Danger,2024-04-13,73.7,0.53
V0908,Cliffhanger,2025-03-17,59.0,0.67
V0908,In the Line of Fire,2024-03-15,65.6,0.81
V0910,Crimson Tide,2025-06-26,72.2,0.82
V0910,Clear and Present Danger,2025-03-08,92.5,0.67
V0910,Cliffhanger,2025-12-14,47.9,0.47
V0910,In the Line of Fire,2024-10-27,77.1,0.67
V0910,Jaws,2024-12-10,62.6,0.72
V0910,Mars Attacks!,2024-04-20,67.9,0.58
V0910,Tears of the Sun,2024-12-29,63.0,0.5
V0910,School of Rock,2025-02-22,98.0,0.7
V0910,Cold Mountain,2025-03-22,84.0,0.7
V0911,Cliffhanger,2025-12-17,61.7,0.63
V0916,Cliffhanger,2025-08-26,18.5,0.21
V0916,Green Lantern,2025-06-05,75.9,0.55
V0918,Crimson Tide,2024-01-08,34.9,0.41
V0918,Clear and Present Danger,2025-11-21,66.7,0.57
V0920,Crimson Tide,2024-11-24,105.3,0.87
V0920,Clear and Present Danger,2025-08-25,45.4,0.42
V0920,Cliffhanger,2024-04-09,67.9,0.7
V0920,In the Line of Fire,2024-12-15,58.3,0.62
V0923,School of Rock,2025-06-21,46.5,0.56
V0925,Crimson Tide,2025-03-12,84.2,0.72
V0925,Cliffhanger,2024-11-22,61.7,0.63
V0928,Crimson Tide,2024-05-26,73.0,0.57
V0928,Clear and Present Danger,2024-08-03,71.3,0.87
V0928,In the Line of Fire,2025-08-11,58.9,0.55
V0928,Heavy,2024-04-11,78.9,0.58
V0929,In the Line of Fire,2024-05-01,63.2,0.62
V0929,Jaws,2025-03-25,67.6,0.69
V0929,Mystery Men,2024-10-22,53.6,0.57
V0929,School of Rock,2025-09-12,113.4,0.81
V0930,Jaws,2024-08-25,67.8,0.53
V0930,Mars Attacks!,2024-04-08,56.1,0.46
V0930,Labyrinth,2025-06-04,52.1,0.56
V0932,Jaws,2025-09-04,62.7,0.49
V0933,Labyrinth,2025-07-06,60.3,0.44
V0934,Cliffhanger,2024-01-07,74.1,0.65
V0934,In the Line of Fire,2024-01-27,97.7,0.88
V0935,Cliffhanger,2025-08-07,29.9,0.29
V0935,In the Line of Fire,2025-06-17,55.6,0.52
V0935,Jaws,2024-10-29,77.4,0.88
V0935,Mars Attacks!,2025-12-24,17.9,0.13
V0936,In the Line of Fire,2025-03-31,60.7,0.44
V0936,Mars Attacks!,2024-09-26,70.7,0.52
V0936,Mystery Men,2024-10-12,75.7,0.89
V0939,Crimson Tide,2024-12-28,126.0,1.0
V0939,In the Line of Fire,2024-08-15,68.1,0.52
V0940,School of Rock,2024-06-09,40.3,0.32
V0941,Crimson Tide,2025-04-09,89.6,0.8
V0941,Clear and Present Danger,2025-11-19,74.4,0.62
V0941,Cliffhanger,2025-12-05,67.1,0.52
V0941,In the Line of Fire,2024-02-09,91.0,0.91
V0941,Mars Attacks!,2025-12-23,27.8,0.26
V0942,Crimson Tide,2024-07-13,48.1,0.37
V0942,Cliffhanger,2025-10-03,74.5,0.56
V0943,Clear and Present Danger,2025-10-04,57.4,0.7
V0944,Labyrinth,2025-08-23,12.0,0.15
V0945,Crimson Tide,2024-08-13,93.6,0.9
V0945,Clear and Present Danger,2025-04-26,52.9,0.43
V0945,Cliffhanger,2024-07-10,55.2,0.62
V0947,Jaws,2024-05-14,90.7,0.72
V0949,Labyrinth,2024-03-31,71.8,0.78
V0950,Jaws,2024-08-07,25.2,0.18
V0950,Mars Attacks!,2025-05-17,27.2,0.34
V0951,Clear and Present Danger,2025-12-28,88.5,0.77
V0951,Training Day,2025-12-05,45.5,0.5
V0953,In the Line of Fire,2025-10-08,83.5,0.87
V0954,Crimson Tide,2024-12-23,69.0,0.59
V0954,Clear and Present Danger,2024-07-03,60.5,0.55
V0954,Cliffhanger,2024-08-25,106.1,0.78
V0954,In the Line of Fire,2025-05-11,84.3,0.62
V0955,Crimson Tide,2025-02-05,95.5,0.86
V0955,Clear and Present Danger,2025-05-07,57.8,0.49
V0955,In the Line of Fire,2024-04-25,64.7,0.66
V0955,Jaws,2024-10-21,123.8,0.91
V0955,Mars Attacks!,2024-11-29,25.4,0.24
V0955,Labyrinth,2024-04-28,19.0,0.2
V0955,Do the Right Thing,2024-11-22,63.7,0.7
V0956,Crimson Tide,2025-12-14,64.7,0.53
V0956,Clear and Present Danger,2025-05-10,86.1,0.82
V0956,Cliffhanger,2025-05-15,57.2,0.43
V0958,Mystery Men,2024-08-28,49.6,0.42
V0959,Mars Attacks!,2025-06-03,37.3,0.46
V0960,Crimson Tide,2025-02-22,84.6,0.91
V0960,Clear and Present Danger,2024-11-26,46.5,0.56
V0962,School of Rock,2025-02-25,67.2,0.7
V0963,Clear and Present Danger,2025-03-11,68.2,0.65
V0963,Cliffhanger,2024-02-25,47.2,0.45
V0966,Clear and Present Danger,2024-08-12,68.9,0.71
V0970,Crimson Tide,2024-02-16,99.0,0.98
V0970,Clear and Present Danger,2024-08-14,68.3,0.69
V0970,Jaws,2025-07-02,116.0,1.0
V0970,Jaws 2,2024-04-22,59.5,0.64
V0970,Mars Attacks!,2025-09-17,99.4,0.71
V0971,Crimson Tide,2025-07-06,34.3,0.34
V0971,Clear and Present Danger,2024-01-22,66.4,0.82
V0971,Cliffhanger,2025-12-22,76.0,0.58
V0971,In the Line of Fire,2025-07-20,69.7,0.69
V0971,Once Upon a Time in America,2025-06-15,83.2,0.99
V0971,Jaws,2024-07-22,60.5,0.65
V0971,Mars Attacks!,2025-02-09,59.4,0.66
V0971,Labyrinth,2024-10-24,70.2,0.52
V0971,Do the Right Thing,2025-01-17,73.4,0.56
V0971,School of Rock,2025-07-20,42.4,0.42
V0971,Cold Mountain,2024-01-14,46.6,0.37
V0974,Crocodile Dundee in Los Angeles,2025-06-23,36.1,0.44
V0975,Crimson Tide,2025-05-11,46.4,0.54
V0975,Clear and Present Danger,2024-11-04,40.2,0.49
V0975,Cliffhanger,2025-12-05,30.0,0.37
V0975,Do the Right Thing,2024-05-06,53.2,0.56
V0977,Clear and Present Danger,2025-11-02,84.5,0.64
V0977,Cliffhanger,2024-10-03,14.7,0.14
V0979,The Interview,2024-03-16,79.6,0.59
V0980,Crimson Tide,2025-03-01,93.0,0.83
V0980,Clear and Present Danger,2025-07-08,39.7,0.49
V0980,Cliffhanger,2024-04-07,81.4,0.69
V0980,In the Line of Fire,2025-02-04,96.5,0.76
V0981,Clear and Present Danger,2024-11-15,81.0,0.88
V0981,Training Day,2025-06-08,102.7,0.79
V0982,Crimson Tide,2024-10-07,47.0,0.37
V0982,Clear and Present Danger,2024-09-27,46.9,0.43
V0982,Cliffhanger,2025-01-20,69.0,0.57
V0982,In the Line of Fire,2024-08-15,50.0,0.51
V0982,Once Upon a Time in America,2025-05-09,89.0,0.84
V0982,Jaws,2025-06-30,78.4,0.8
V0982,Jaws 2,2024-01-18,33.6,0.3
V0982,Mars Attacks!,2025-01-16,81.0,0.73
V0982,Labyrinth,2024-04-20,83.2,0.65
V0982,Do the Right Thing,2024-01-26,63.7,0.59
V0982,Jaws: The Revenge,2025-04-02,55.7,0.53
V0982,Training Day,2024-04-21,63.9,0.62
V0982,School of Rock,2024-05-27,56.9,0.47
V0982,In the Cut,2024-03-26,77.3,0.59
V0982,Poseidon,2024-07-31,40.4,0.47
V0985,Do the Right Thing,2025-08-30,135.0,1.0
V0986,Crimson Tide,2025-02-16,49.4,0.52
V0986,Clear and Present Danger,2025-06-19,104.7,0.88
V0986,Cliffhanger,2024-08-26,110.9,0.88
V0986,In the Line of Fire,2024-09-15,70.5,0.85
V0987,Mars Attacks!,2024-12-11,32.9,0.31
V0988,Mystery Men,2024-11-25,82.5,0.62
V0989,Jaws,2025-02-20,47.1,0.38
V0989,Jaws 2,2025-12-07,24.3,0.18
V0989,Tears of the Sun,2025-05-15,39.1,0.42
V0989,My Boss's Daughter,2025-10-29,41.0,0.36
V0989,School of Rock,2025-12-26,53.2,0.56
V0994,Crimson Tide,2024-03-24,90.2,0.82
V0994,Training Day,2025-12-17,73.1,0.53
V0994,School of Rock,2024-01-14,69.7,0.83
V0994,Cold Mountain,2024-05-04,73.8,0.82
V0995,Crimson Tide,2024-04-26,38.7,0.43
V0995,Cliffhanger,2025-05-22,36.9,0.45
V0995,Jaws,2025-06-21,26.1,0.29
V0995,Labyrinth,2025-07-14,75.5,0.68
V0995,Mystery Men,2024-10-30,26.5,0.25
V0995,School of Rock,2024-10-28,60.0,0.69
V0996,Clear and Present Danger,2025-11-23,86.9,0.69
V1000,Green Lantern,2025-09-21,70.8,0.73
V1001,Clear and Present Danger,2025-10-27,78.9,0.58
V1001,Mars Attacks!,2025-06-19,24.3,0.27
V1001,Labyrinth,2025-09-20,71.3,0.58
V1001,School of Rock,2025-06-15,86.8,0.62
V1002,Mars Attacks!,2025-04-18,35.4,0.3
V1003,School of Rock,2024-05-18,75.3,0.81
V1005,Crimson Tide,2025-04-30,65.7,0.73
V1005,Clear and Present Danger,2024-07-02,50.4,0.63
V1005,Cliffhanger,2024-01-06,63.2,0.71
V1007,Jaws,2024-07-23,99.0,1.0
V1007,Jaws 2,2025-04-14,16.1,0.13
V1007,Mars Attacks!,2025-10-01,13.1,0.13
V1011,Crimson Tide,2024-03-09,62.1,0.57
V1011,Clear and Present Danger,2024-08-19,60.2,0.59
V1011,Jaws,2024-07-16,79.6,0.78
V1011,Mystery Men,2025-03-12,44.6,0.46
V1011,Training Day,2025-01-11,117.0,1.0
V1015,Jaws,2024-09-17,101.1,0.85
V1015,Training Day,2025-11-06,74.8,0.65
V1015,Tears of the Sun,2024-06-05,35.9,0.39
V1015,Cold Mountain,2024-10-13,71.4,0.83
V1018,Cliffhanger,2024-04-14,41.0,0.45
V1019,Crimson Tide,2025-08-24,88.0,1.0
V1019,Clear and Present Danger,2024-12-04,121.0,1.0
V1019,Cliffhanger,2025-08-29,116.0,1.0
V1020,School of Rock,2025-09-22,63.7,0.54
V1022,Grown Ups,2024-08-02,84.2,0.69
V1023,Crocodile Dundee in Los Angeles,2024-08-25,43.2,0.48
V1024,Training Day,2025-09-21,36.3,0.39
V1024,Cold Mountain,2025-05-01,49.0,0.55
V1026,Crimson Tide,2024-03-20,48.6,0.36
V1026,Clear and Present Danger,2024-05-20,97.3,0.71
V1026,Cliffhanger,2025-03-11,97.4,0.87
V1028,Training Day,2024-11-05,107.4,0.88
V1028,School of Rock,2024-09-03,112.0,1.0
V1029,Clear and Present Danger,2025-01-29,77.1,0.67
V1030,Crimson Tide,2024-11-15,88.8,0.71
V1030,In the Line of Fire,2025-06-27,97.1,0.73
V1030,Jaws,2024-08-07,85.0,1.0
V1030,Mars Attacks!,2024-10-11,63.0,0.7
V1030,In Too Deep,2025-03-23,51.2,0.41
V1035,Clear and Present Danger,2025-12-12,59.8,0.52
V1035,Cliffhanger,2024-05-03,58.5,0.45
V1036,Mystery Men,2025-10-29,78.2,0.68
V1038,Crimson Tide,2025-01-09,58.1,0.57
V1038,Clear and Present Danger,2025-11-17,71.0,0.53
V1040,Crimson Tide,2024-08-06,63.2,0.62
V1040,Clear and Present Danger,2024-07-14,66.6,0.56
V1040,Cliffhanger,2024-01-11,51.0,0.49
V1041,Clear and Present Danger,2025-06-22,63.5,0.69
V1041,In the Line of Fire,2024-11-13,44.2,0.48
V1041,Jaws,2025-01-12,53.5,0.53
V1041,Jaws 2,2024-01-14,20.7,0.15
V1042,Crimson Tide,2025-10-24,36.6,0.31
V1042,In the Line of Fire,2025-02-11,86.3,0.89
V1042,Jaws,2025-12-22,78.7,0.96
V1042,Jaws 2,2024-02-28,29.8,0.31
V1044,Crimson Tide,2025-04-27,76.6,0.66
V1045,Crimson Tide,2025-05-17,92.0,0.78
V1045,In the Line of Fire,2025-10-25,48.2,0.53
V1047,Clear and Present Danger,2024-04-16,71.7,0.56
V1047,Cliffhanger,2025-09-19,54.1,0.66
V1048,Clear and Present Danger,2025-12-23,112.3,0.82
V1048,Cliffhanger,2024-05-14,44.4,0.35
V1048,Jaws,2024-05-02,65.5,0.77
V1048,Training Day,2025-12-28,64.7,0.78
V1049,Mystery Men,2025-07-11,39.0,0.47
V1052,Clear and Present Danger,2024-07-17,46.6,0.48
V1052,In the Line of Fire,2024-01-18,82.3,0.68
V1052,Jaws,2024-11-20,88.9,0.88
V1054,Crimson Tide,2025-08-23,112.3,0.82
V1054,In the Line of Fire,2025-06-12,117.2,0.93
V1055,Crimson Tide,2025-02-16,56.0,0.7
V1055,Clear and Present Danger,2025-11-16,70.0,0.66
V1055,Cliffhanger,2025-05-28,31.5,0.38
V1056,Mystery Men,2024-03-26,55.2,0.62
V1056,Training Day,2024-10-09,62.8,0.69
V1057,Jaws,2025-06-01,68.4,0.58
V1057,Jaws 2,2024-01-04,44.5,0.42
V1057,Mystery Men,2024-12-25,60.4,0.61
V1057,Jaws: The Revenge,2025-08-04,55.7,0.64
V1057,Crocodile Dundee in Los Angeles,2025-08-02,107.7,0.81
V1057,Osmosis Jones,2024-04-29,97.3,0.7
V1057,Training Day,2024-03-29,89.7,0.65
V1058,Crimson Tide,2025-10-03,42.8,0.47
V1058,Clear and Present Danger,2024-01-11,68.8,0.85
V1058,Cliffhanger,2025-04-16,18.6,0.2
V1059,Crimson Tide,2024-09-09,76.5,0.9
V1059,Clear and Present Danger,2025-10-19,87.1,0.88
V1061,Mars Attacks!,2024-07-14,64.4,0.46
V1063,Jaws,2024-05-15,26.7,0.21
V1066,Crimson Tide,2025-12-23,62.4,0.63
V1066,Clear and Present Danger,2024-05-23,69.6,0.71
V1066,Cliffhanger,2024-08-19,54.5,0.47
V1068,Crimson Tide,2024-07-23,75.8,0.57
V1068,Cliffhanger,2024-09-22,86.5,0.95
V1068,Jaws,2024-04-04,74.4,0.6
V1068,Training Day,2025-01-07,81.0,0.73
V1069,Crimson Tide,2025-06-19,86.7,0.85
V1069,Cliffhanger,2025-12-04,47.5,0.44
V1070,Clear and Present Danger,2025-08-22,55.9,0.42
V1072,Jaws,2025-08-05,14.6,0.14
V1073,Mars Attacks!,2025-03-20,44.6,0.48
V1075,Clear and Present Danger,2025-11-29,80.6,0.79
V1078,Jaws,2024-12-16,91.0,0.7
V1078,School of Rock,2025-07-18,102.9,0.83
V1080,Clear and Present Danger,2024-10-02,111.7,0.84
V1080,Cliffhanger,2024-08-03,45.9,0.54
V1080,In the Line of Fire,2024-09-24,42.2,0.44
V1080,Mars Attacks!,2025-06-13,56.6,0.69
V1080,Mystery Men,2025-05-01,72.0,0.59
V1082,In the Line of Fire,2024-11-26,46.6,0.53
V1084,Grown Ups,2025-11-05,19.6,0.19
V1085,Crimson Tide,2024-11-26,106.5,0.91
V1085,Clear and Present Danger,2025-01-02,65.7,0.53
V1085,Cliffhanger,2024-06-11,122.9,0.91
V1085,In the Line of Fire,2024-12-10,75.3,0.71
V1085,Mars Attacks!,2024-07-10,83.5,0.69
V1085,Do the Right Thing,2024-06-15,89.7,0.65
V1087,Clear and Present Danger,2024-01-23,61.0,0.56
V1087,Mars Attacks!,2025-04-12,108.0,1.0
V1088,Mars Attacks!,2025-03-21,22.2,0.19
V1093,Crimson Tide,2024-09-06,84.4,0.67
V1093,Clear and Present Danger,2025-09-07,79.7,0.83
V1093,Jaws,2025-02-14,71.7,0.71
V1093,Mars Attacks!,2024-08-27,11.9,0.12
V1093,Labyrinth,2025-06-03,58.9,0.46
V1093,Do the Right Thing,2024-10-02,43.9,0.51
V1095,Crimson Tide,2024-01-30,58.0,0.5
V1095,In the Line of Fire,2024-11-03,65.7,0.73
V1095,Jaws,2025-12-15,104.7,0.77
V1095,Mars Attacks!,2025-08-04,25.2,0.18
V1097,Jaws,2025-11-10,70.4,0.55
V1098,Crimson Tide,2024-02-25,101.0,1.0
V1100,Crimson Tide,2024-05-24,39.9,0.47
V1100,Clear and Present Danger,2025-02-09,41.9,0.32
V1101,Clear and Present Danger,2025-11-05,63.0,0.7
V1102,In the Line of Fire,2024-06-25,51.6,0.58
V1102,Mars Attacks!,2024-07-08,46.5,0.47
V1103,Do the Right Thing,2025-03-23,74.1,0.78
V1105,Crimson Tide,2024-06-06,17.8,0.21
V1107,Jaws,2025-01-18,68.9,0.56
V1107,Mars Attacks!,2024-12-18,14.4,0.18
V1107,Mystery Men,2025-12-04,61.1,0.71
V1108,Freedom Writers,2025-04-28,74.5,0.71
V1112,Clear and Present Danger,2025-04-19,61.0,0.5
V1113,Jaws: The Revenge,2024-04-08,56.2,0.45
V1114,Crimson Tide,2024-05-16,56.2,0.54
V1114,Clear and Present Danger,2024-10-16,105.0,1.0
V1114,Cliffhanger,2025-03-10,79.2,0.6
V1116,Clear and Present Danger,2024-03-14,59.0,0.5
V1116,Cliffhanger,2025-08-23,72.4,0.71
V1116,In the Line of Fire,2025-09-15,47.8,0.59
V1119,Jaws,2025-01-12,77.3,0.85
V1119,Do the Right Thing,2024-01-02,82.4,0.8
V1120,Mars Attacks!,2025-02-11,45.2,0.38
V1122,In the Line of Fire,2024-08-23,80.0,0.58
V1122,Jaws 2,2024-02-15,47.5,0.54
V1123,Training Day,2024-04-05,51.2,0.55
V1126,Crimson Tide,2024-07-03,50.5,0.5
V1126,Cliffhanger,2024-11-14,30.0,0.28
V1133,Jaws,2025-05-07,104.0,1.0
V1133,Labyrinth,2025-03-07,36.9,0.45
V1133,Do the Right Thing,2025-11-29,51.0,0.56
V1134,Mars Attacks!,2025-04-21,99.4,0.88
V1135,Crimson Tide,2025-12-03,68.1,0.52
V1135,Clear and Present Danger,2025-02-18,66.8,0.53
V1135,Jaws,2024-06-13,114.0,0.87
V1135,Mars Attacks!,2025-06-03,27.0,0.27
V1136,Crimson Tide,2024-01-12,84.2,0.81
V1136,Clear and Present Danger,2025-11-17,87.7,0.79
V1136,Cliffhanger,2024-02-25,53.6,0.51
V1138,Clear and Present Danger,2025-10-11,67.3,0.68
V1139,Clear and Present Danger,2025-04-06,50.5,0.58
V1140,Jaws,2025-04-29,91.8,0.82
V1140,Do the Right Thing,2025-07-01,60.0,0.48
V1143,Clear and Present Danger,2024-07-02,41.2,0.4
V1143,Cliffhanger,2025-01-27,58.9,0.55
V1144,Crimson Tide,2024-06-02,135.0,1.0
V1144,Clear and Present Danger,2025-12-25,38.4,0.48
V1144,Cliffhanger,2025-06-11,52.6,0.45
V1144,In the Line of Fire,2025-04-10,101.6,0.77
V1147,Jaws,2024-10-15,40.7,0.38
V1148,Jaws,2025-05-16,54.9,0.67
V1148,Jaws 2,2025-09-05,89.4,0.82
V1148,Jaws: The Revenge,2025-03-11,9.8,0.08
V1151,Clear and Present Danger,2024-01-25,60.6,0.6
V1151,Cliffhanger,2024-10-27,52.4,0.46
V1153,Jaws,2025-04-02,61.2,0.6
V1154,Cliffhanger,2024-02-06,31.0,0.31
V1154,Jaws,2024-02-07,62.5,0.53
V1154,Mars Attacks!,2024-09-11,71.8,0.63
V1154,Labyrinth,2024-04-06,47.3,0.52
V1154,Crocodile Dundee in Los Angeles,2025-10-10,54.6,0.62
V1155,In the Line of Fire,2024-10-08,57.7,0.52
V1156,Crimson Tide,2025-12-06,96.9,0.95
V1156,Clear and Present Danger,2025-06-20,89.2,0.75
V1158,Mars Attacks!,2024-03-19,81.2,0.7
V1159,Jaws,2024-05-30,82.0,0.82
V1159,Mystery Men,2025-10-15,118.0,1.0
V1160,Crimson Tide,2025-01-26,117.9,0.9
V1160,Clear and Present Danger,2024-03-21,112.0,1.0
V1160,Cliffhanger,2024-11-05,69.7,0.69
V1162,Clear and Present Danger,2024-07-07,71.7,0.67
V1162,In the Line of Fire,2025-10-30,131.6,0.94
V1163,Clear and Present Danger,2025-03-19,100.3,0.79
V1163,Cliffhanger,2025-08-07,47.0,0.54
V1163,In the Line of Fire,2025-09-22,80.6,0.84
V1163,Jaws,2024-09-06,93.0,0.83
V1163,Mars Attacks!,2025-01-18,67.0,0.54
V1163,Labyrinth,2025-03-23,61.5,0.53
V1163,Training Day,2024-07-09,61.1,0.63
V1163,School of Rock,2024-02-16,61.1,0.63
V1164,Mars Attacks!,2024-07-04,9.4,0.08
V1165,In the Line of Fire,2024-01-06,66.4,0.54
V1165,Once Upon a Time in America,2025-02-28,68.9,0.65
V1165,Jaws,2024-09-30,57.3,0.47
V1165,Mars Attacks!,2025-10-12,63.2,0.58
V1165,School of Rock,2024-08-18,46.0,0.46
V1166,Jaws,2024-08-14,33.2,0.41
V1166,Jaws 2,2025-12-30,24.4,0.29
V1166,Jaws: The Revenge,2025-08-25,38.9,0.33
V1166,Crocodile Dundee in Los Angeles,2024-12-02,62.5,0.59
V1169,Mystery Men,2025-07-25,94.6,0.83
V1171,Crimson Tide,2024-11-23,51.2,0.64
V1173,Crocodile Dundee in Los Angeles,2024-06-04,44.9,0.44
V1174,In the Line of Fire,2025-05-25,73.0,0.67
V1174,Mars Attacks!,2024-06-23,34.4,0.37
V1175,In the Line of Fire,2025-02-16,82.4,0.67
V1175,School of Rock,2025-08-08,41.0,0.5
V1175,Cold Mountain,2025-07-28,66.3,0.78
V1176,Jaws,2025-06-26,66.3,0.65
V1176,Mars Attacks!,2024-11-18,48.4,0.47
V1178,Cliffhanger,2024-01-31,86.4,0.8
V1179,In the Line of Fire,2024-06-19,51.6,0.58
V1181,Crimson Tide,2025-03-17,77.4,0.65
V1181,Clear and Present Danger,2024-01-24,76.3,0.72
V1181,Cliffhanger,2025-07-23,90.9,0.71
V1181,In the Line of Fire,2024-08-28,91.4,0.72
V1183,Crimson Tide,2024-05-14,71.8,0.69
V1184,Crimson Tide,2024-05-06,80.1,0.77
V1184,Clear and Present Danger,2024-08-04,57.6,0.67
V1185,Crimson Tide,2024-07-01,65.2,0.75
V1185,Clear and Present Danger,2025-02-14,66.2,0.49
V1185,Cliffhanger,2024-08-10,48.3,0.42
V1185,In the Line of Fire,2024-10-12,96.5,0.91
V1185,Jaws,2025-10-07,85.0,0.85
V1185,Mars Attacks!,2025-12-04,34.4,0.4
V1185,Osmosis Jones,2024-11-21,63.6,0.53
V1185,Training Day,2025-02-05,82.9,0.74
V1185,School of Rock,2025-05-21,73.3,0.78
V1186,Crimson Tide,2025-04-05,89.6,0.7
V1186,Clear and Present Danger,2024-06-30,82.8,0.92
V1186,Cliffhanger,2025-06-29,48.3,0.46
V1186,In the Line of Fire,2025-04-20,63.8,0.48
V1187,Jaws,2024-04-10,84.7,0.7
V1187,Do the Right Thing,2025-03-04,79.0,0.76
V1188,Jaws,2025-10-13,54.1,0.51
V1189,Mystery Men,2024-05-21,31.6,0.39
V1190,Crimson Tide,2024-03-23,115.4,0.97
V1190,Clear and Present Danger,2025-02-22,88.5,0.75
V1190,Cliffhanger,2025-09-16,51.8,0.37
V1190,In the Line of Fire,2025-10-02,53.2,0.56
V1190,Jaws,2025-01-14,89.1,0.81
V1190,Mars Attacks!,2025-10-31,51.0,0.63
V1190,Labyrinth,2024-07-16,77.0,0.74
V1191,Once Upon a Time in America,2025-04-13,61.6,0.46
V1191,Do the Right Thing,2024-09-02,63.9,0.62
V1192,Training Day,2025-12-30,64.6,0.71
V1197,Jaws,2024-05-15,49.7,0.36
V1198,Jaws,2024-02-01,55.9,0.57
V1200,Crimson Tide,2025-04-15,70.7,0.76
V1200,Clear and Present Danger,2025-03-30,67.5,0.71
V1200,Cliffhanger,2025-04-17,61.8,0.65
V1200,In the Line of Fire,2025-09-10,88.5,0.79
V1200,Jaws,2024-06-12,85.1,0.64
V1200,Mars Attacks!,2024-03-12,57.9,0.61
V1200,Do the Right Thing,2025-11-29,67.2,0.84
V1200,Training Day,2025-06-16,72.6,0.59
V1200,Tears of the Sun,2024-03-13,110.0,1.0
V1200,School of Rock,2024-09-23,55.9,0.43
V1201,Labyrinth,2024-05-03,136.0,1.0
V1202,Once Upon a Time in America,2025-10-24,93.8,0.75
V1203,Clear and Present Danger,2025-03-25,93.5,0.82
V1203,Cliffhanger,2024-03-02,48.4,0.44
V1204,Crimson Tide,2024-02-10,85.3,0.87
V1204,Clear and Present Danger,2025-06-07,69.0,0.67
V1204,Cliffhanger,2025-03-14,70.8,0.59
V1207,Cliffhanger,2024-05-29,70.2,0.54
V1207,Jaws,2025-08-16,81.7,0.61
V1207,Mars Attacks!,2024-06-22,81.9,0.64
V1207,Training Day,2024-12-13,52.5,0.51
V1208,Crimson Tide,2025-05-09,81.9,0.92
V1208,Clear and Present Danger,2024-12-03,56.7,0.61
V1208,Cliffhanger,2025-04-14,73.8,0.61
V1209,In the Line of Fire,2024-09-07,98.6,0.72
V1209,Mars Attacks!,2024-10-29,67.8,0.53
V1210,Cliffhanger,2025-04-06,43.4,0.35
V1210,Jaws,2024-10-08,93.0,0.75
V1210,Mars Attacks!,2024-05-23,14.2,0.12
V1210,Mystery Men,2024-01-27,32.9,0.37
V1211,Mars Attacks!,2025-07-31,74.3,0.79
V1211,Poseidon,2024-11-10,103.0,1.0
V1212,Crimson Tide,2025-08-04,140.0,1.0
V1212,Clear and Present Danger,2025-12-31,75.6,0.63
V1212,Cliffhanger,2024-06-07,86.4,0.8
V1213,Jaws,2024-05-11,40.6,0.32
V1216,Crimson Tide,2025-01-28,68.5,0.77
V1218,Crimson Tide,2024-01-29,56.6,0.59
V1218,In the Line of Fire,2024-11-06,38.9,0.29
V1218,Once Upon a Time in America,2024-09-22,33.8,0.38
V1219,Crimson Tide,2025-06-13,85.5,0.83
V1219,Clear and Present Danger,2024-06-23,74.5,0.71
V1219,In the Line of Fire,2025-08-24,60.2,0.59
V1220,Crimson Tide,2025-06-19,72.4,0.54
V1220,Clear and Present Danger,2025-05-11,68.0,0.66
V1220,Cliffhanger,2025-06-21,50.8,0.42
V1222,Cliffhanger,2025-01-23,38.5,0.35
V1222,Jaws,2024-03-07,64.0,0.8
V1222,Mars Attacks!,2024-07-30,37.4,0.37
V1223,Crimson Tide,2025-09-15,38.5,0.41
V1226,Labyrinth,2024-05-02,107.1,0.83
V1227,Crimson Tide,2025-05-25,60.5,0.5
V1227,Cliffhanger,2025-10-15,71.9,0.66
V1227,School of Rock,2025-06-20,59.3,0.43
V1228,Jaws,2024-07-26,90.4,0.66
V1229,Mars Attacks!,2025-02-12,103.0,1.0
V1230,Crimson Tide,2024-12-03,79.2,0.66
V1230,Clear and Present Danger,2025-07-20,71.7,0.64
V1230,Cliffhanger,2025-07-04,101.5,0.89
V1230,House Party 3,2024-02-27,52.6,0.39
V1230,In the Line of Fire,2024-09-10,81.0,0.75
V1232,Clear and Present Danger,2024-07-06,28.5,0.3
V1232,Cliffhanger,2024-09-07,86.8,0.7
V1232,In the Line of Fire,2025-04-12,76.1,0.81
V1232,Jaws,2025-09-15,45.5,0.5
V1232,Mars Attacks!,2024-04-03,18.4,0.19
V1233,Clear and Present Danger,2024-03-06,72.4,0.57
V1233,Labyrinth,2025-06-19,124.7,0.91
V1234,In the Line of Fire,2024-08-21,50.5,0.51
V1235,Crimson Tide,2025-08-18,72.2,0.76
V1237,Crimson Tide,2025-07-03,58.3,0.53
V1237,Clear and Present Danger,2024-11-22,117.0,0.86
V1237,Cliffhanger,2024-07-20,101.4,0.78
V1241,Cliffhanger,2024-03-26,44.0,0.4
V1244,Cliffhanger,2025-07-09,55.0,0.5
V1244,Jaws,2025-05-13,67.9,0.58
V1244,Jaws 2,2025-08-18,37.6,0.38
V1244,Mars Attacks!,2024-04-24,95.2,0.89
V1244,Labyrinth,2025-10-20,99.5,0.79
V1244,Mystery Men,2025-10-12,61.6,0.67
V1244,Training Day,2024-01-01,88.1,0.74
V1244,Tears of the Sun,2025-09-07,71.0,0.74
V1244,My Boss's Daughter,2024-06-29,17.5,0.18
V1244,School of Rock,2025-06-10,72.7,0.72
V1244,Poseidon,2024-11-02,68.6,0.7
V1244,Green Lantern,2024-09-11,74.9,0.78
V1245,House Party,2025-07-28,15.1,0.15
V1248,Clear and Present Danger,2025-03-26,88.5,0.79
V1248,Cliffhanger,2024-07-05,61.8,0.71
V1250,Clear and Present Danger,2025-06-05,40.0,0.36
V1252,Jaws,2024-07-02,69.3,0.63
V1252,Mars Attacks!,2025-11-20,71.4,0.85
V1252,Training Day,2025-03-29,65.3,0.66
V1253,Jaws,2025-07-05,79.8,0.79
V1254,Clear and Present Danger,2024-04-21,75.2,0.57
V1254,School of Rock,2024-11-10,56.3,0.44
V1258,Do the Right Thing,2025-06-27,70.6,0.63
V1259,Crimson Tide,2024-11-03,58.3,0.53
V1259,Clear and Present Danger,2025-08-07,107.0,0.77
V1259,Cliffhanger,2024-06-09,67.7,0.55
V1260,Cliffhanger,2024-06-24,58.9,0.64
V1261,Clear and Present Danger,2025-11-09,75.0,0.56
V1262,In the Line of Fire,2025-06-12,57.6,0.64
V1265,Jaws,2025-03-02,75.9,0.69
V1266,Clear and Present Danger,2024-08-22,107.1,0.83
V1266,Mars Attacks!,2024-11-06,73.7,0.53
V1267,Clear and Present Danger,2024-12-07,71.1,0.69
V1267,Mystery Men,2024-11-18,61.7,0.49
V1268,Clear and Present Danger,2025-07-30,68.0,0.63
V1268,School of Rock,2024-01-06,66.2,0.63
V1268,Green Lantern,2024-02-26,89.6,0.7
V1270,Crimson Tide,2024-05-23,85.9,0.81
V1270,Clear and Present Danger,2024-01-20,92.6,0.85
V1270,Cliffhanger,2024-08-01,108.2,0.82
V1270,In the Line of Fire,2024-10-28,122.0,1.0
V1270,Jaws,2024-11-25,65.2,0.49
V1270,Mars Attacks!,2024-11-29,107.0,1.0
V1271,Training Day,2024-07-23,96.6,0.84
V1274,Jaws,2025-05-30,76.0,0.58
V1276,Crimson Tide,2024-04-19,96.1,0.89
V1276,In the Line of Fire,2024-11-29,37.8,0.45
V1279,Mars Attacks!,2025-08-30,66.8,0.53
V1279,Osmosis Jones,2024-02-17,77.0,0.7
V1280,Crimson Tide,2025-12-05,77.4,0.6
V1280,Clear and Present Danger,2024-09-12,84.2,0.61
V1280,Cliffhanger,2025-08-23,69.8,0.72
V1280,In the Line of Fire,2024-02-27,53.0,0.51
V1284,Crimson Tide,2025-07-04,87.6,0.73
V1284,Cliffhanger,2024-10-18,71.1,0.69
V1284,Mars Attacks!,2024-03-16,46.1,0.53
V1284,Crocodile Dundee in Los Angeles,2025-02-27,83.0,0.83
V1284,Training Day,2024-06-03,72.6,0.55
V1284,Cold Mountain,2024-07-23,81.9,0.7
V1285,Mystery Men,2024-09-08,44.9,0.39
V1287,Crimson Tide,2025-11-07,94.0,0.94
V1287,Clear and Present Danger,2024-10-25,72.0,0.75
V1288,Training Day,2024-03-10,45.9,0.37
V1288,School of Rock,2025-12-29,116.1,0.86
V1288,Poseidon,2025-01-04,59.7,0.47
V1290,Jaws,2024-08-07,137.0,1.0
V1290,Mars Attacks!,2024-08-21,57.3,0.63
V1290,Labyrinth,2024-07-22,89.4,0.82
V1290,Mystery Men,2024-09-22,116.8,0.95
V1292,Mars Attacks!,2024-01-24,46.1,0.48
V1296,Jaws,2025-02-24,47.5,0.54
V1296,Jaws 2,2025-05-13,36.4,0.34
V1296,Mars Attacks!,2025-06-25,82.5,0.63
V1296,Labyrinth,2025-06-08,38.2,0.46
V1296,Mystery Men,2025-03-23,50.5,0.49
V1298,Clear and Present Danger,2024-11-30,58.2,0.71
V1298,Jaws,2024-10-16,96.2,0.74
V1298,Labyrinth,2024-03-09,37.1,0.32
V1301,Crimson Tide,2024-04-04,49.5,0.39
V1301,Clear and Present Danger,2025-06-28,73.6,0.64
V1301,In the Line of Fire,2024-03-30,58.5,0.65
V1301,Once Upon a Time in America,2025-09-16,116.0,1.0
V1301,Jaws,2024-03-15,116.2,0.96
V1301,Jaws 2,2024-10-10,78.7,0.61
V1302,Crimson Tide,2024-06-04,76.3,0.7
V1302,Clear and Present Danger,2024-07-05,77.4,0.64
V1302,Cliffhanger,2025-04-09,92.0,0.76
V1302,In the Line of Fire,2025-03-18,96.0,0.85
V1305,Do the Right Thing,2025-08-11,66.6,0.49
V1307,Once Upon a Time in America,2025-02-03,47.0,0.48
V1308,Mars Attacks!,2024-11-26,29.2,0.36
V1309,Crimson Tide,2024-08-16,43.9,0.41
V1309,Clear and Present Danger,2024-11-30,70.2,0.6
V1309,In the Line of Fire,2025-11-12,59.3,0.52
V1309,Jaws,2025-08-11,92.0,1.0
V1309,Mars Attacks!,2025-08-13,68.1,0.49
V1309,Do the Right Thing,2024-05-31,50.7,0.57
V1310,Jaws,2024-04-13,36.3,0.39
V1310,Mars Attacks!,2024-02-10,37.3,0.46
V1311,Labyrinth,2024-12-22,43.9,0.34
V1312,Jaws,2024-11-18,67.2,0.8
V1312,Mars Attacks!,2024-08-01,82.0,0.59
V1313,Clear and Present Danger,2025-03-10,58.0,0.63
V1313,In the Line of Fire,2024-08-10,71.8,0.74
V1317,Jaws,2024-05-20,104.5,0.81
V1317,Mars Attacks!,2025-03-26,92.5,0.68
V1319,Cold Mountain,2025-01-19,47.9,0.55
V1320,In the Line of Fire,2024-08-01,42.1,0.52
V1322,Crimson Tide,2025-03-25,52.0,0.5
V1322,Clear and Present Danger,2025-01-24,23.1,0.22
V1322,In the Line of Fire,2024-04-05,38.6,0.33
V1323,Crimson Tide,2025-08-15,65.5,0.72
V1323,Clear and Present Danger,2024-06-15,92.0,0.73
V1323,Cliffhanger,2025-05-15,65.3,0.51
V1323,Jaws,2024-11-20,97.8,0.77
V1323,Crocodile Dundee in Los Angeles,2024-04-02,38.2,0.36
V1325,Cliffhanger,2025-05-04,47.2,0.36
V1326,Crimson Tide,2025-04-12,69.1,0.72
V1326,Clear and Present Danger,2025-03-06,38.9,0.48
V1326,Jaws,2024-04-12,105.0,1.0
V1328,Crimson Tide,2024-11-13,24.5,0.24
V1328,Clear and Present Danger,2025-10-29,67.8,0.51
V1328,Cliffhanger,2025-12-19,58.4,0.59
V1330,Osmosis Jones,2025-02-03,58.6,0.69
V1332,Clear and Present Danger,2024-10-08,96.6,0.71
V1334,Clear and Present Danger,2024-11-27,99.5,0.79
V1334,In the Line of Fire,2024-09-11,45.1,0.55
V1334,Jaws,2024-05-11,68.2,0.75
V1334,Labyrinth,2025-12-12,62.2,0.55
V1334,Do the Right Thing,2024-03-03,69.3,0.63
V1334,Training Day,2025-11-07,102.7,0.87
V1336,Cold Mountain,2025-02-28,56.8,0.58
V1338,Crimson Tide,2024-06-25,55.4,0.42
V1338,Clear and Present Danger,2024-06-04,63.7,0.7
V1338,Jaws,2025-11-15,127.0,1.0
V1338,Labyrinth,2024-04-22,30.0,0.33
V1339,Clear and Present Danger,2025-05-24,72.8,0.56
V1339,Cliffhanger,2025-10-02,58.6,0.63
V1339,School of Rock,2024-09-28,71.1,0.69
V1339,Green Lantern,2024-01-27,65.5,0.55
V1341,Training Day,2025-04-26,37.4,0.37
V1345,Jaws,2024-05-27,68.1,0.83
V1346,Crimson Tide,2025-07-06,70.4,0.51
V1346,Clear and Present Danger,2025-06-21,88.4,0.85
V1346,Cliffhanger,2024-01-16,37.8,0.42
V1348,Crimson Tide,2024-04-04,92.8,0.91
V1348,Clear and Present Danger,2024-04-25,100.7,0.95
V1348,In the Line of Fire,2025-03-01,77.0,0.7
V1350,Crimson Tide,2025-03-26,91.1,0.68
V1350,Cliffhanger,2025-10-14,39.6,0.45
V1350,Jaws,2025-04-25,63.2,0.79
V1350,Mars Attacks!,2024-05-11,124.7,0.91
V1350,Mystery Men,2025-01-09,60.0,0.6
V1350,Do the Right Thing,2024-04-08,95.2,0.8
V1352,In the Line of Fire,2025-08-07,99.0,0.9
V1352,Mystery Men,2025-06-11,37.7,0.41
V1356,In the Line of Fire,2024-05-26,66.9,0.76
V1356,Jaws,2024-04-07,65.8,0.7
V1357,Crimson Tide,2025-09-21,63.8,0.51
V1357,Clear and Present Danger,2024-09-13,51.6,0.6
V1357,In the Line of Fire,2024-11-04,56.4,0.62
V1358,Do the Right Thing,2025-04-18,82.8,0.82
V1359,Crimson Tide,2025-06-13,69.5,0.57
V1359,Cliffhanger,2024-09-30,83.5,0.72
V1359,In the Line of Fire,2024-12-01,87.0,0.68
V1360,Mystery Men,2024-05-28,79.2,0.74
V1360,Do the Right Thing,2024-02-05,97.1,0.83
V1365,Mars Attacks!,2025-01-29,127.0,1.0
V1366,Mystery Men,2024-07-21,37.2,0.31
V1367,Crimson Tide,2025-10-11,33.7,0.37
V1367,Clear and Present Danger,2024-08-31,72.2,0.88
V1367,Cliffhanger,2024-01-12,45.0,0.5
V1367,In the Line of Fire,2024-12-18,82.4,0.71
V1369,Crimson Tide,2025-08-14,54.3,0.59
V1369,In the Line of Fire,2024-08-07,54.6,0.52
V1369,Jaws,2025-07-12,85.0,0.78
V1372,Clear and Present Danger,2024-10-13,72.4,0.67
V1372,In the Line of Fire,2024-12-11,121.0,1.0
V1372,Jaws,2024-07-09,101.0,1.0
V1374,In the Line of Fire,2025-05-14,38.4,0.4
V1374,Jaws,2025-11-10,36.1,0.28
V1374,Mars Attacks!,2024-12-16,17.2,0.2
V1374,Mystery Men,2024-03-05,81.9,0.64
V1376,Crimson Tide,2025-10-19,106.6,0.82
V1376,Clear and Present Danger,2024-05-09,81.0,1.0
V1376,Cliffhanger,2025-04-13,63.6,0.74
V1376,In the Line of Fire,2025-07-17,89.1,0.67
V1376,Jaws,2024-12-21,97.5,0.78
V1376,Mars Attacks!,2025-07-20,86.1,0.87
V1376,Freedom Writers,2025-05-31,54.6,0.39
V1378,Crimson Tide,2025-06-07,61.0,0.67
V1378,Clear and Present Danger,2025-11-27,50.6,0.55
V1378,Cliffhanger,2024-07-22,79.9,0.85
V1378,In the Line of Fire,2025-06-22,126.0,1.0
V1378,Jaws,2025-07-30,100.3,0.85
V1380,Crimson Tide,2024-02-18,98.5,0.73
V1382,In the Line of Fire,2025-07-06,96.9,0.74
V1382,Jaws,2025-06-27,94.0,1.0
V1382,Do the Right Thing,2024-04-12,73.8,0.82
V1385,Crocodile Dundee in Los Angeles,2025-10-11,17.2,0.14
V1386,Heavy,2024-06-04,130.0,0.97
V1386,Jaws,2025-09-16,106.0,0.93
V1386,Mars Attacks!,2024-10-12,95.2,0.89
V1387,Crimson Tide,2025-02-14,68.1,0.82
V1387,Jaws,2025-06-18,32.3,0.33
V1387,Crocodile Dundee in Los Angeles,2025-04-24,47.7,0.45
V1387,Osmosis Jones,2024-11-03,27.0,0.27
V1389,Clear and Present Danger,2025-12-26,51.2,0.64
V1389,In the Line of Fire,2024-08-01,92.0,0.8
V1391,Crimson Tide,2025-08-31,115.4,0.83
V1391,Clear and Present Danger,2025-02-24,42.8,0.51
V1391,Cliffhanger,2024-06-13,36.1,0.41
V1391,In the Line of Fire,2024-09-05,121.6,0.95
V1392,Clear and Present Danger,2025-10-23,67.2,0.64
V1392,In the Line of Fire,2024-07-17,71.0,0.67
V1393,Clear and Present Danger,2024-03-13,83.6,0.88
V1398,Crimson Tide,2024-10-09,88.4,0.94
V1399,Clear and Present Danger,2024-05-06,59.8,0.68
V1399,Cliffhanger,2025-11-19,79.4,0.63
V1400,In the Line of Fire,2024-05-25,64.1,0.72
V1400,In Too Deep,2024-12-01,56.6,0.46
V1403,Clear and Present Danger,2025-06-17,47.2,0.59
V1403,In the Line of Fire,2025-10-05,54.5,0.55
V1403,Once Upon a Time in America,2025-11-07,83.8,0.71
V1404,Crimson Tide,2024-05-07,84.2,0.78
V1404,Clear and Present Danger,2025-04-10,114.0,1.0
V1404,Cliffhanger,2024-12-15,34.7,0.39
V1405,Crimson Tide,2024-02-11,103.4,0.76
V1405,Clear and Present Danger,2024-09-18,68.6,0.66
V1405,Cliffhanger,2025-03-12,85.3,0.98
V1407,Crimson Tide,2025-12-27,49.1,0.42
V1407,Clear and Present Danger,2025-05-13,83.1,0.67
V1411,Crimson Tide,2025-06-19,89.6,0.7
V1411,Clear and Present Danger,2025-09-09,39.6,0.46
V1411,Cliffhanger,2024-09-04,53.1,0.45
V1411,In the Line of Fire,2025-05-21,120.2,0.89
V1411,Jaws,2025-03-18,94.4,0.71
V1411,Mars Attacks!,2024-04-17,40.3,0.38
V1411,Do the Right Thing,2024-10-09,129.6,0.96
V1411,Osmosis Jones,2025-06-04,41.1,0.3
V1411,Training Day,2024-09-14,77.8,0.77
V1411,Tears of the Sun,2024-04-13,45.9,0.45
V1411,School of Rock,2024-09-05,122.5,0.98
V1411,In the Cut,2025-08-28,42.1,0.36
V1411,Cold Mountain,2024-04-16,96.3,0.9
V1412,Mystery Men,2025-05-14,56.8,0.44
V1412,Do the Right Thing,2025-08-02,88.5,0.77
V1415,Clear and Present Danger,2025-11-14,60.3,0.58
V1415,Do the Right Thing,2024-04-20,39.5,0.38
V1415,Training Day,2025-10-20,103.0,0.88
V1417,Crimson Tide,2024-04-30,65.4,0.76
V1417,Clear and Present Danger,2025-08-17,75.5,0.59
V1417,Cliffhanger,2025-09-10,123.0,1.0
V1417,In the Line of Fire,2024-02-10,68.9,0.65
V1418,Cliffhanger,2025-03-26,70.4,0.69
V1418,Mystery Men,2025-06-19,81.7,0.61
V1418,Cold Mountain,2025-10-05,66.4,0.81
V1419,Crimson Tide,2025-11-16,121.9,0.96
V1419,Jaws,2025-08-03,67.6,0.49
V1419,Training Day,2024-12-02,50.1,0.55
V1419,My Boss's Daughter,2025-02-26,40.4,0.47
V1419,School of Rock,2025-04-12,64.2,0.49
V1419,Cold Mountain,2025-01-02,105.9,0.79
V1421,Cliffhanger,2024-12-26,13.2,0.1
V1421,In the Line of Fire,2024-02-18,51.3,0.54
V1421,Once Upon a Time in America,2025-10-12,70.0,0.7
V1421,Jaws,2024-06-13,81.6,0.85
V1421,Jaws 2,2025-07-14,26.0,0.28
V1421,Mars Attacks!,2025-02-14,58.1,0.48
V1421,Training Day,2024-06-25,62.7,0.49
V1421,School of Rock,2024-04-01,60.3,0.45
V1422,Crimson Tide,2025-07-05,49.5,0.49
V1422,Clear and Present Danger,2024-08-21,82.5,0.65
V1422,In the Line of Fire,2024-04-13,88.0,0.88
V1423,Crimson Tide,2025-10-16,138.0,1.0
V1423,Clear and Present Danger,2025-05-24,66.2,0.63
V1423,Cliffhanger,2025-01-26,51.6,0.43
V1423,In the Line of Fire,2025-12-25,42.3,0.46
V1424,Do the Right Thing,2025-03-24,89.9,0.81
V1426,Jaws,2024-06-12,45.2,0.33
V1426,School of Rock,2024-04-24,43.2,0.48
V1426,Letters to Juliet,2025-06-02,60.7,0.66
V1427,Labyrinth,2024-10-30,122.8,0.99
V1429,Mars Attacks!,2024-07-01,71.7,0.56
V1430,Crimson Tide,2024-03-18,60.9,0.58
V1430,In the Line of Fire,2025-12-29,47.8,0.52
V1433,Clear and Present Danger,2025-11-10,108.6,0.92
V1433,Safe House,2024-05-29,93.5,0.89
V1433,Walk of Shame,2024-12-28,40.0,0.32
V1435,In the Line of Fire,2025-01-29,64.0,0.61
V1435,Mars Attacks!,2024-10-27,47.3,0.55
V1436,Clear and Present Danger,2024-03-25,67.8,0.57
V1436,Cliffhanger,2025-03-29,24.0,0.24
V1436,In the Line of Fire,2025-07-15,48.8,0.37
V1437,Crimson Tide,2024-10-07,53.4,0.6
V1437,Clear and Present Danger,2025-12-12,58.3,0.72
V1437,Cliffhanger,2024-08-19,70.5,0.75
V1437,In the Line of Fire,2024-08-09,63.7,0.59
V1437,Jaws,2024-09-06,32.0,0.36
V1440,Crimson Tide,2025-05-09,72.1,0.89
V1440,Clear and Present Danger,2025-07-23,114.4,0.86
V1440,Cliffhanger,2024-07-15,110.4,0.96
V1440,In the Line of Fire,2025-06-15,60.4,0.57
V1442,Crimson Tide,2025-08-12,58.5,0.5
V1442,Cliffhanger,2025-01-31,123.8,0.91
V1442,In the Line of Fire,2025-01-07,77.5,0.61
V1445,Crimson Tide,2025-03-17,131.0,1.0
V1445,Clear and Present Danger,2024-08-28,50.5,0.49
V1446,Once Upon a Time in America,2024-03-19,55.0,0.55
V1446,Jaws,2025-12-20,42.2,0.34
V1448,Mars Attacks!,2025-08-15,40.9,0.43
V1450,Crimson Tide,2025-06-03,34.3,0.39
V1450,Clear and Present Danger,2024-11-17,66.2,0.53
V1450,Cliffhanger,2025-09-10,55.9,0.65
V1453,Mystery Men,2025-12-19,29.1,0.31
V1453,Training Day,2024-08-17,114.9,0.95
V1453,School of Rock,2024-02-24,41.4,0.38
V1454,Training Day,2025-05-24,63.2,0.58
V1454,School of Rock,2024-06-24,70.2,0.6
V1456,Training Day,2025-07-26,53.5,0.66
V1457,Cliffhanger,2024-12-21,46.0,0.38
V1457,Jaws,2024-05-31,110.0,1.0
V1458,Clear and Present Danger,2024-03-07,59.6,0.71
V1458,Jaws,2024-09-15,97.0,0.77
V1458,Jaws 2,2024-01-29,79.8,0.57
V1458,Mars Attacks!,2025-03-17,36.2,0.29
V1458,Jaws: The Revenge,2024-05-16,26.2,0.21
V1460,In the Line of Fire,2025-04-07,76.6,0.73
V1463,Training Day,2025-11-21,73.3,0.74
V1464,Mars Attacks!,2025-08-06,47.5,0.48
V1466,Cliffhanger,2025-02-20,89.1,0.68
V1466,Once Upon a Time in America,2025-11-28,75.6,0.85
V1470,Crimson Tide,2024-01-07,55.0,0.47
V1470,Labyrinth,2025-01-01,29.8,0.25
V1472,Crimson Tide,2024-03-13,78.4,0.67
V1472,Clear and Present Danger,2025-02-27,76.2,0.64
V1472,Cliffhanger,2024-07-18,88.2,0.7
V1472,In the Line of Fire,2024-07-02,95.0,1.0
V1474,Cliffhanger,2025-10-26,57.2,0.43
V1474,In the Line of Fire,2024-05-02,100.1,0.72
V1478,School of Rock,2025-02-17,39.4,0.39
V1485,Jaws 2,2025-12-02,36.0,0.31
V1486,Jaws,2025-01-25,100.9,0.97
V1488,Crimson Tide,2024-12-17,65.7,0.53
V1488,Clear and Present Danger,2024-12-29,60.1,0.66
V1488,Cliffhanger,2024-09-15,74.6,0.82
V1489,Clear and Present Danger,2024-09-23,51.1,0.46
V1491,Clear and Present Danger,2024-12-25,45.1,0.43
V1491,In the Line of Fire,2024-12-13,118.6,0.98
V1492,Jaws,2025-06-20,68.0,0.63
V1494,Cliffhanger,2025-09-12,29.8,0.31
V1494,Labyrinth,2024-03-01,58.9,0.71
V1494,Training Day,2024-06-21,60.3,0.49
V1494,School of Rock,2025-06-25,56.8,0.71
V1498,Crimson Tide,2025-01-28,38.4,0.48
V1498,Clear and Present Danger,2025-08-04,61.4,0.62
V1498,Cliffhanger,2024-03-12,76.6,0.66
V1498,In the Line of Fire,2025-09-27,51.9,0.57
V1499,Crimson Tide,2024-08-11,31.1,0.28
V1499,Clear and Present Danger,2025-11-30,67.3,0.66
V1499,Cliffhanger,2025-01-18,75.9,0.55
V1502,Crimson Tide,2025-03-27,65.0,0.56
V1502,Training Day,2024-06-30,97.5,0.78
V1503,Tears of the Sun,2025-03-31,45.9,0.41
V1507,Crimson Tide,2025-07-04,31.6,0.39
V1507,Clear and Present Danger,2024-05-03,111.5,0.82
V1507,Cliffhanger,2024-10-25,30.1,0.23
V1507,Jaws,2024-07-03,69.7,0.81
V1507,Jaws 2,2024-04-12,42.1,0.36
V1507,Mars Attacks!,2024-06-07,7.8,0.07
V1507,Labyrinth,2025-04-10,96.4,0.81
V1507,Jaws: The Revenge,2025-02-02,27.8,0.2
V1507,Osmosis Jones,2024-04-29,11.7,0.09
V1507,Training Day,2024-12-12,68.3,0.56
V1507,School of Rock,2024-09-02,46.5,0.49
V1511,Crimson Tide,2025-02-17,71.3,0.54
V1512,Clear and Present Danger,2025-05-06,66.4,0.81
V1512,Cliffhanger,2025-11-06,86.5,0.66
V1512,In the Line of Fire,2025-08-28,105.0,0.84
V1514,Crimson Tide,2024-04-03,76.5,0.89
V1514,Clear and Present Danger,2025-06-23,73.2,0.6
V1514,Cliffhanger,2025-06-28,66.1,0.57
V1515,Jaws,2025-07-13,84.8,0.75
V1515,Do the Right Thing,2024-11-24,78.7,0.65
V1515,Osmosis Jones,2024-07-21,37.8,0.43
V1515,School of Rock,2025-03-12,80.4,0.82
V1516,Crimson Tide,2024-03-25,45.1,0.43
V1516,Clear and Present Danger,2024-04-16,34.4,0.31
V1516,Cliffhanger,2025-09-16,37.0,0.37
V1516,In the Line of Fire,2024-10-21,57.2,0.55
V1516,Jaws,2024-02-26,104.5,0.81
V1516,Jaws 2,2024-07-11,49.7,0.44
V1516,Mars Attacks!,2025-08-24,9.8,0.07
V1516,Training Day,2025-07-09,14.0,0.11
V1516,School of Rock,2024-02-19,44.6,0.49
V1516,Poseidon,2024-11-06,28.5,0.25
V1518,Once Upon a Time in America,2025-07-04,73.8,0.71
V1518,Mars Attacks!,2025-12-01,83.0,1.0
V1518,School of Rock,2025-06-04,70.2,0.52
V1519,Mars Attacks!,2025-06-04,75.7,0.67
V1523,Labyrinth,2024-02-15,83.4,0.81
V1523,School of Rock,2025-04-13,60.7,0.44
V1524,Labyrinth,2024-08-14,99.4,0.71
V1525,Cliffhanger,2024-07-27,40.0,0.32
V1525,Jaws,2025-10-17,47.7,0.43
V1525,Mystery Men,2025-01-25,51.2,0.43
V1526,Training Day,2024-04-29,93.0,1.0
V1528,Clear and Present Danger,2024-09-03,97.3,0.7
V1528,In the Line of Fire,2024-12-04,79.3,0.65
V1528,Jaws,2024-08-21,65.5,0.72
V1528,Training Day,2025-02-15,83.4,0.81
V1530,Heavy,2025-09-05,45.1,0.55
V1530,Mars Attacks!,2024-09-21,37.1,0.39
V1530,Training Day,2025-11-27,125.1,0.92
V1531,Crimson Tide,2025-10-03,71.9,0.62
V1531,Cliffhanger,2025-10-31,13.9,0.14
V1532,Cliffhanger,2025-02-23,127.0,1.0
V1533,Crimson Tide,2025-02-27,59.5,0.48
V1533,Clear and Present Danger,2024-07-13,63.4,0.61
V1533,Cliffhanger,2024-09-16,112.2,0.85
V1537,Clear and Present Danger,2025-12-10,72.0,0.61
V1537,Cliffhanger,2025-04-04,66.2,0.63
V1537,In the Line of Fire,2024-08-16,52.8,0.6
V1537,Do the Right Thing,2024-04-28,66.4,0.79
V1540,Crimson Tide,2025-05-15,81.9,0.91
V1543,School of Rock,2024-12-01,59.6,0.71
V1544,Clear and Present Danger,2024-09-19,42.3,0.47
V1544,Cliffhanger,2025-12-12,76.3,0.62
V1544,In the Line of Fire,2024-10-20,48.3,0.46
V1544,Mars Attacks!,2024-09-24,98.0,1.0
V1545,Crimson Tide,2025-02-08,86.0,1.0
V1545,Clear and Present Danger,2024-07-25,120.1,0.91
V1545,Cliffhanger,2025-05-24,54.6,0.39
V1546,Crimson Tide,2024-02-06,49.7,0.54
V1546,Clear and Present Danger,2024-04-24,78.1,0.71
V1547,Crimson Tide,2025-02-01,34.8,0.37
V1547,Clear and Present Danger,2025-12-11,59.1,0.65
V1547,Cliffhanger,2025-03-22,49.8,0.38
V1547,In the Line of Fire,2024-05-26,58.3,0.49
V1547,Jaws,2024-02-12,61.6,0.57
V1548,Jaws,2024-07-12,85.4,0.7
V1548,Labyrinth,2024-11-21,56.8,0.44
V1550,School of Rock,2024-06-05,31.2,0.38
V1552,Jaws: The Revenge,2024-09-13,33.3,0.33
V1552,School of Rock,2025-04-18,58.0,0.42
V1553,Do the Right Thing,2024-02-27,92.0,1.0
V1554,School of Rock,2024-10-25,52.5,0.5
V1555,In the Line of Fire,2024-07-07,42.6,0.38
V1555,Mars Attacks!,2025-11-04,51.6,0.43
V1557,Mars Attacks!,2025-03-27,65.5,0.52
V1559,School of Rock,2025-09-08,84.0,1.0
V1560,Jaws,2024-06-13,16.9,0.15
V1560,Mars Attacks!,2024-11-21,16.9,0.19
V1560,Labyrinth,2024-03-07,33.2,0.4
V1560,Mystery Men,2024-01-18,38.2,0.36
V1562,Clear and Present Danger,2024-11-25,110.7,0.93
V1562,Cliffhanger,2024-04-16,51.5,0.5
V1562,Mars Attacks!,2025-01-25,72.6,0.59
V1565,Crimson Tide,2025-01-31,44.8,0.56
V1565,Jaws,2024-08-17,72.2,0.56
V1566,Crimson Tide,2025-07-31,99.8,0.78
V1566,Clear and Present Danger,2025-10-26,44.5,0.39
V1566,In the Line of Fire,2025-08-08,132.0,1.0
V1566,Mars Attacks!,2025-12-03,39.9,0.33
V1566,Labyrinth,2024-08-31,98.8,0.83
V1567,Clear and Present Danger,2024-09-13,66.4,0.54
V1567,Cliffhanger,2025-10-13,49.0,0.48
V1567,Mars Attacks!,2024-06-05,97.0,0.89
V1567,Mystery Men,2025-01-03,80.7,0.74
V1568,Clear and Present Danger,2025-10-14,32.0,0.34
V1568,Labyrinth,2025-02-01,61.7,0.49
V1568,Do the Right Thing,2025-01-11,75.8,0.79
V1569,Crimson Tide,2024-11-03,62.2,0.49
V1569,Clear and Present Danger,2025-02-24,33.8,0.38
V1570,Crimson Tide,2024-08-20,125.0,1.0
V1570,Clear and Present Danger,2025-10-03,56.7,0.54
V1570,Cliffhanger,2025-02-19,43.9,0.43
V1571,Mars Attacks!,2025-04-16,60.4,0.57
V1571,Training Day,2025-02-01,76.9,0.61
V1571,School of Rock,2024-11-29,27.2,0.25
V1572,School of Rock,2025-06-26,92.7,0.76
V1575,Crimson Tide,2025-12-30,55.8,0.6
V1575,Clear and Present Danger,2025-11-06,69.0,0.75
V1575,Cliffhanger,2025-04-19,75.4,0.58
V1577,Jaws,2025-02-22,77.1,0.67
V1577,Jaws 2,2024-08-06,40.2,0.39
V1579,Crimson Tide,2024-04-21,57.8,0.55
V1579,Clear and Present Danger,2024-11-03,90.1,0.79
V1579,Cliffhanger,2025-09-30,120.6,0.88
V1581,Mars Attacks!,2024-08-10,26.5,0.25
V1584,Clear and Present Danger,2024-06-09,84.8,0.84
V1584,Cliffhanger,2025-06-13,70.8,0.58
V1584,Jaws,2025-03-29,61.0,0.57
V1586,Clear and Present Danger,2025-01-30,81.0,1.0
V1586,Cliffhanger,2024-10-06,116.0,1.0
V1586,In the Line of Fire,2024-06-08,77.5,0.61
V1588,Crimson Tide,2024-07-21,101.6,0.84
V1588,In the Line of Fire,2025-04-24,45.4,0.51
V1588,Jaws,2024-05-13,95.0,1.0
V1588,Mars Attacks!,2024-11-19,44.8,0.35
V1588,Do the Right Thing,2025-09-19,110.7,0.93
V1588,School of Rock,2024-02-06,82.5,0.73
V1588,Cold Mountain,2024-03-07,56.6,0.46
V1588,Freedom Writers,2024-02-24,41.6,0.49
V1588,Green Lantern,2024-11-16,78.8,0.78
V1595,Crimson Tide,2024-07-26,94.5,0.68
V1595,Clear and Present Danger,2024-08-06,69.9,0.55
V1595,Cliffhanger,2025-01-06,65.3,0.66
V1595,In the Line of Fire,2025-08-20,109.5,0.92
V1600,Clear and Present Danger,2025-05-01,120.6,0.88
V1600,In the Line of Fire,2024-10-23,82.8,0.82
V1600,Mystery Men,2025-07-29,39.6,0.4
V1601,Jaws,2024-06-04,51.3,0.57
V1601,Labyrinth,2025-06-29,45.9,0.51
V1602,Mystery Men,2024-06-11,107.6,0.78
V1602,Osmosis Jones,2025-04-25,86.2,0.75
V1602,School of Rock,2025-12-07,117.8,0.95
V1602,Grown Ups,2024-04-26,121.9,0.91
V1604,Labyrinth,2025-03-31,85.4,0.7
V1604,Mystery Men,2024-05-18,36.1,0.42
V1604,Do the Right Thing,2025-01-23,68.0,0.5
V1608,Clear and Present Danger,2024-01-21,61.6,0.56
V1608,Cliffhanger,2025-01-06,71.4,0.61
V1608,Jaws,2025-08-08,72.3,0.52
V1608,Mars Attacks!,2024-01-21,31.8,0.35
V1608,Mystery Men,2025-08-03,77.7,0.7
V1609,School of Rock,2024-03-28,102.0,1.0
V1616,Crimson Tide,2024-06-30,34.0,0.25
V1616,Cliffhanger,2025-11-24,43.1,0.49
V1616,In the Line of Fire,2024-04-23,36.8,0.35
V1616,Jaws,2025-11-15,75.1,0.54
V1616,Mars Attacks!,2024-11-24,11.0,0.12
V1617,Crimson Tide,2024-03-26,60.8,0.62
V1617,Clear and Present Danger,2025-05-21,59.2,0.58
V1617,Cliffhanger,2025-08-27,47.0,0.58
V1617,In the Line of Fire,2025-01-08,76.3,0.72
V1619,Mars Attacks!,2025-06-09,10.7,0.08
V1620,Cliffhanger,2024-01-25,97.0,1.0
V1620,Jaws,2024-06-19,69.9,0.63
V1621,Clear and Present Danger,2025-12-18,65.6,0.79
V1622,Clear and Present Danger,2025-03-19,60.4,0.61
V1622,Cliffhanger,2025-11-03,37.4,0.37
V1625,Crimson Tide,2024-12-06,87.2,0.8
V1625,Clear and Present Danger,2025-10-01,57.5,0.5
V1626,Cliffhanger,2024-01-20,16.8,0.21
V1626,Jaws,2025-04-26,49.5,0.5
V1627,In the Line of Fire,2025-12-12,78.0,0.75
V1627,Jaws,2025-01-19,75.0,0.61
V1627,Jaws 2,2025-06-08,16.2,0.16
V1627,Do the Right Thing,2025-03-10,134.0,1.0
V1627,Cold Mountain,2024-05-15,86.9,0.82
V1628,Crimson Tide,2024-09-24,67.2,0.48
V1629,Cliffhanger,2024-10-15,41.4,0.36
V1629,Jaws,2025-04-05,43.6,0.45
V1629,School of Rock,2025-11-13,110.4,0.8
V1631,Crimson Tide,2025-06-05,109.0,0.79
V1631,Clear and Present Danger,2024-05-11,91.8,0.67
V1631,Cliffhanger,2024-09-05,82.5,0.63
V1632,Cliffhanger,2024-03-07,35.3,0.42
V1632,Mars Attacks!,2024-08-30,50.7,0.57
V1634,Clear and Present Danger,2024-03-18,67.1,0.52
V1636,Clear and Present Danger,2024-12-15,49.6,0.62
V1636,Cliffhanger,2024-03-13,93.1,0.69
V1638,Clear and Present Danger,2025-04-16,50.7,0.57
V1638,In the Line of Fire,2025-11-11,108.0,0.9
V1639,Jaws,2024-02-27,66.2,0.77
V1643,Crimson Tide,2024-03-24,85.0,0.68
V1643,Mars Attacks!,2024-04-03,47.3,0.52
V1643,Labyrinth,2025-12-03,13.6,0.17
V1644,Mars Attacks!,2024-03-22,33.8,0.36
V1644,Dark Skies,2025-06-26,41.6,0.4
V1645,Crimson Tide,2024-07-21,65.3,0.71
V1645,Clear and Present Danger,2025-09-11,90.0,0.72
V1645,Cliffhanger,2024-10-21,35.0,0.28
V1645,In the Line of Fire,2024-03-03,100.8,0.8
V1647,Cliffhanger,2024-01-07,46.4,0.43
V1648,Do the Right Thing,2024-07-21,11.9,0.14
V1649,Crimson Tide,2025-07-09,52.8,0.55
V1649,Cliffhanger,2025-12-17,110.2,0.95
V1649,In the Line of Fire,2024-03-18,71.3,0.82
V1651,Clear and Present Danger,2024-11-25,52.4,0.57
V1651,Cliffhanger,2024-06-15,122.9,0.96
V1652,Labyrinth,2025-08-29,81.9,0.78
V1653,Jaws,2025-06-02,75.5,0.77
V1653,Labyrinth,2025-03-12,74.4,0.62
V1653,Mystery Men,2024-09-03,63.4,0.66
V1653,Training Day,2025-11-30,54.2,0.48
V1653,School of Rock,2024-06-14,59.5,0.62
V1654,Crimson Tide,2025-05-20,42.8,0.51
V1656,Cliffhanger,2024-03-02,69.4,0.68
V1657,Jaws,2025-03-16,75.0,0.63
V1658,Crimson Tide,2025-04-01,51.0,0.6
V1658,Clear and Present Danger,2025-11-21,76.0,0.95
V1658,Cliffhanger,2025-01-05,53.5,0.63
V1659,Crimson Tide,2025-11-25,124.0,1.0
V1659,Clear and Present Danger,2024-11-22,63.0,0.75
V1660,Crocodile Dundee in Los Angeles,2025-05-06,70.2,0.65
V1661,Crimson Tide,2025-05-15,92.7,0.9
V1661,Clear and Present Danger,2024-07-13,93.0,0.93
V1661,Cliffhanger,2024-02-13,89.3,0.95
V1665,Jaws,2025-04-21,90.5,0.73
V1666,Cliffhanger,2025-02-16,24.5,0.18
V1667,Mars Attacks!,2025-04-20,98.1,0.9
V1667,Labyrinth,2025-01-29,44.3,0.41
V1667,Mystery Men,2024-05-22,74.2,0.7
V1668,Jaws,2025-10-09,81.9,0.63
V1669,Clear and Present Danger,2024-01-15,59.6,0.67
V1669,Mars Attacks!,2025-11-08,103.8,0.97
V1670,Mars Attacks!,2025-08-30,57.5,0.42
V1671,Clear and Present Danger,2024-04-07,79.8,0.57
V1671,Cliffhanger,2024-06-02,40.5,0.5
V1672,Clear and Present Danger,2024-01-23,62.1,0.64
V1672,In the Line of Fire,2024-11-06,74.4,0.67
V1672,Jaws,2025-07-16,133.0,1.0
V1672,Mystery Men,2025-05-13,50.4,0.52
V1672,Do the Right Thing,2025-03-19,85.0,0.72
V1675,Cliffhanger,2024-06-12,74.9,0.7
V1676,Labyrinth,2024-03-02,105.4,0.95
V1676,Do the Right Thing,2024-03-09,95.9,0.94
V1677,Jaws,2025-05-03,44.8,0.32
V1677,School of Rock,2024-08-28,63.7,0.54
V1678,Jaws,2024-08-09,39.5,0.35
V1678,Tears of the Sun,2024-11-11,66.8,0.63
V1678,Freedom Writers,2025-10-07,84.0,0.7
V1681,Crimson Tide,2025-03-15,60.4,0.61
V1681,Clear and Present Danger,2024-05-12,47.6,0.4
V1681,Cliffhanger,2025-01-17,52.0,0.46
V1681,In the Line of Fire,2024-05-11,79.9,0.61
V1682,Clear and Present Danger,2025-04-29,57.7,0.56
V1682,Jaws,2025-01-13,51.2,0.61
V1682,Jaws 2,2024-11-30,15.9,0.15
V1685,Crimson Tide,2024-11-16,91.8,0.74
V1685,Clear and Present Danger,2025-05-02,82.8,0.69
V1685,Cliffhanger,2024-12-14,79.3,0.61
V1685,In the Line of Fire,2025-12-16,75.4,0.65
V1686,Crimson Tide,2024-11-25,83.7,0.91
V1686,Clear and Present Danger,2024-08-22,89.7,0.69
V1686,Jaws,2024-08-30,95.0,0.76
V1686,Training Day,2025-05-15,100.3,0.76
V1689,Crimson Tide,2024-01-20,102.1,0.88
V1689,Jaws,2024-04-07,91.0,0.91
V1689,Labyrinth,2025-09-30,65.5,0.63
V1691,Mystery Men,2025-05-17,65.0,0.65
V1694,Crimson Tide,2024-09-29,104.6,0.96
V1694,Clear and Present Danger,2024-07-16,73.1,0.87
V1694,Cliffhanger,2025-12-29,83.2,0.64
V1697,Crimson Tide,2024-03-01,73.0,0.82
V1698,Clear and Present Danger,2025-10-10,66.0,0.6
V1698,Cliffhanger,2025-09-27,25.6,0.32
V1699,Crimson Tide,2024-10-06,61.6,0.56
V1699,Clear and Present Danger,2024-11-17,89.0,0.89
V1699,Cliffhanger,2024-07-23,80.2,0.68
V1699,In the Line of Fire,2024-07-11,114.8,0.87
V1703,Jaws,2024-05-03,66.7,0.48
V1705,Mars Attacks!,2024-07-18,81.3,0.83
V1705,School of Rock,2024-10-16,24.9,0.22
V1706,Mars Attacks!,2025-03-09,81.7,0.86
V1707,Once Upon a Time in America,2024-01-12,80.6,0.65
V1708,Crimson Tide,2024-05-27,44.6,0.45
V1709,Crimson Tide,2025-10-29,36.3,0.37
V1709,Cliffhanger,2024-03-21,76.2,0.63
V1713,Jaws,2024-05-31,72.1,0.7
V1714,Training Day,2025-07-22,95.0,0.88
V1714,Poseidon,2024-11-17,60.3,0.67
V1714,Freedom Writers,2025-04-11,80.0,0.93
V1715,Clear and Present Danger,2025-09-13,69.8,0.72
V1715,Cliffhanger,2025-08-23,50.1,0.46
V1715,In the Line of Fire,2024-01-18,55.4,0.63
V1715,Once Upon a Time in America,2024-11-30,54.8,0.63
V1715,Jaws,2024-05-25,102.4,0.89
V1715,Jaws 2,2025-01-19,44.0,0.44
V1715,Mars Attacks!,2025-03-20,13.8,0.12
V1715,Labyrinth,2024-07-01,58.1,0.48
V1715,Mystery Men,2024-02-05,58.0,0.58
V1715,Do the Right Thing,2025-08-02,75.0,0.62
V1715,School of Rock,2025-06-07,96.0,0.75
V1716,Jaws,2025-12-31,77.2,0.93
V1716,Mars Attacks!,2024-03-10,39.6,0.45
V1717,Clear and Present Danger,2025-06-19,36.1,0.41
V1718,Clear and Present Danger,2024-08-28,83.7,0.93
V1718,House Party 3,2024-12-31,71.4,0.84
V1718,In the Line of Fire,2024-12-17,65.7,0.65
V1719,Mars Attacks!,2025-02-14,57.6,0.45
V1719,Crocodile Dundee in Los Angeles,2025-03-02,58.1,0.51
V1719,School of Rock,2025-12-12,77.4,0.64
V1720,Training Day,2024-04-01,65.9,0.74
V1722,Crimson Tide,2024-06-11,76.6,0.58
V1722,Clear and Present Danger,2024-09-24,87.0,1.0
V1722,In the Line of Fire,2025-10-22,69.6,0.74
V1723,Clear and Present Danger,2024-02-23,45.5,0.37
V1724,Jaws,2024-08-18,121.0,1.0
V1725,Crimson Tide,2024-08-12,41.8,0.38
V1725,Clear and Present Danger,2024-06-05,56.3,0.44
V1725,Cliffhanger,2024-11-23,36.5,0.27
V1726,Cliffhanger,2025-10-11,42.0,0.42
V1726,Jaws,2025-06-06,91.5,0.75
V1728,Cliffhanger,2024-01-25,89.6,0.7
V1728,Jaws,2025-02-28,113.5,0.93
V1729,Clear and Present Danger,2024-07-23,43.7,0.38
V1729,Once Upon a Time in America,2024-08-23,58.5,0.5
V1729,Jaws,2024-12-23,104.1,0.89
V1729,Jaws 2,2025-01-11,48.4,0.39
V1729,Mars Attacks!,2024-06-17,101.9,0.91
V1730,School of Rock,2025-07-03,60.9,0.58
V1731,In the Line of Fire,2025-09-29,73.6,0.92
V1731,School of Rock,2025-01-18,59.8,0.61
V1732,In the Line of Fire,2024-07-25,65.0,0.58
V1732,Once Upon a Time in America,2024-12-08,74.2,0.58
V1732,Jaws,2024-09-23,73.6,0.8
V1734,In the Line of Fire,2024-10-19,49.3,0.47
V1734,Mystery Men,2025-09-09,40.0,0.37
V1734,Like Crazy,2025-02-19,84.7,0.7
V1735,Crimson Tide,2024-02-12,66.0,0.71
V1736,Jaws,2024-07-29,100.9,0.97
V1736,Training Day,2024-11-01,87.4,0.95
V1736,School of Rock,2024-08-07,107.7,0.81
V1740,Crimson Tide,2024-11-06,77.5,0.57
V1740,Clear and Present Danger,2025-10-25,54.6,0.53
V1741,Mars Attacks!,2024-09-15,36.0,0.3
V1741,Labyrinth,2024-11-13,50.2,0.54
V1741,Mystery Men,2024-07-04,23.2,0.29
V1741,Osmosis Jones,2025-05-26,10.8,0.08
V1741,Bright Star,2024-12-01,100.8,0.72
V1741,Safe House,2025-09-08,39.2,0.36
V1744,In the Line of Fire,2025-05-18,71.7,0.56
V1745,Jaws,2024-10-19,51.7,0.47
V1746,Jaws,2024-09-11,123.5,0.95
V1746,Do the Right Thing,2024-01-01,73.1,0.87
V1747,Mars Attacks!,2024-02-21,16.1,0.12
V1747,House Party 2,2024-10-07,65.7,0.49
V1748,Crimson Tide,2025-03-31,58.4,0.42
V1748,Clear and Present Danger,2024-06-12,86.3,0.83
V1748,Cliffhanger,2024-08-08,32.7,0.38
V1748,In the Line of Fire,2025-03-09,52.0,0.43
V1748,Jaws,2024-03-18,127.0,1.0
V1748,Mars Attacks!,2024-01-23,16.5,0.17
V1748,Do the Right Thing,2024-05-02,73.3,0.74
V1749,Jaws,2025-04-12,54.5,0.55
V1750,Crimson Tide,2024-07-28,129.3,0.93
V1750,Clear and Present Danger,2025-11-29,80.0,0.92
V1750,Cliffhanger,2025-05-02,55.9,0.43
V1751,Jaws,2024-03-29,33.7,0.37
V1751,School of Rock,2025-08-16,55.4,0.44
V1752,Clear and Present Danger,2024-10-03,69.4,0.56
V1753,Crimson Tide,2025-05-06,49.4,0.61
V1753,Clear and Present Danger,2024-06-05,52.1,0.62
V1753,Cliffhanger,2025-11-25,35.3,0.38
V1753,In the Line of Fire,2025-05-24,38.5,0.37
V1754,Clear and Present Danger,2025-02-26,94.2,0.88
V1754,Cliffhanger,2025-08-13,64.6,0.71
V1754,In the Line of Fire,2024-03-05,68.5,0.5
V1755,Crimson Tide,2025-12-27,87.7,0.68
V1755,Cliffhanger,2024-07-26,30.4,0.31
V1755,Jaws,2025-11-18,60.3,0.46
V1755,Mars Attacks!,2024-07-11,57.2,0.59
V1755,Labyrinth,2024-01-02,95.0,1.0
V1755,Crocodile Dundee in Los Angeles,2025-07-30,15.7,0.13
V1755,Osmosis Jones,2025-07-26,29.3,0.22
V1755,Dark Skies,2024-08-25,114.8,0.82
V1758,School of Rock,2024-02-18,97.5,0.78
V1759,Mars Attacks!,2025-09-04,48.0,0.49
V1763,Clear and Present Danger,2025-04-28,72.1,0.7
V1763,Cliffhanger,2025-11-05,63.8,0.56
V1763,Jaws,2025-07-18,79.5,0.58
V1763,Jaws 2,2025-10-16,62.7,0.55
V1763,Mystery Men,2025-08-17,34.7,0.34
V1763,Do the Right Thing,2024-12-21,69.3,0.66
V1763,Training Day,2025-11-19,60.6,0.47
V1763,School of Rock,2025-11-22,116.5,0.91
V1766,Cliffhanger,2025-03-18,58.1,0.51
V1768,Jaws,2024-05-20,81.6,0.96
V1770,Do the Right Thing,2025-10-22,81.8,0.81
V1771,Jaws,2025-07-06,76.3,0.7
V1772,In the Line of Fire,2024-02-13,81.0,0.6
V1772,Jaws,2025-10-02,72.7,0.72
V1773,Clear and Present Danger,2025-07-07,85.4,0.96
V1775,Mars Attacks!,2024-06-12,105.6,0.88
V1775,School of Rock,2024-05-22,101.8,0.76
V1777,Crimson Tide,2025-12-10,85.8,0.65
V1777,Clear and Present Danger,2025-03-05,68.2,0.65
V1777,Cliffhanger,2025-05-28,72.1,0.53
V1777,In the Line of Fire,2024-04-16,57.0,0.5
V1780,Crimson Tide,2025-07-17,55.7,0.48
V1780,Clear and Present Danger,2024-08-20,113.5,0.93
V1780,Cliffhanger,2024-12-08,113.2,0.92
V1780,Mars Attacks!,2025-01-17,52.2,0.47
V1786,Training Day,2025-06-19,107.0,0.93
V1786,Cold Mountain,2024-08-12,92.7,0.76
V1788,Labyrinth,2025-02-21,75.4,0.65
V1789,Crimson Tide,2024-04-18,65.7,0.53
V1789,Cliffhanger,2025-04-09,83.7,0.89
V1789,Jaws,2024-07-11,58.7,0.66
V1789,Mars Attacks!,2025-05-31,30.0,0.24
V1789,School of Rock,2024-05-27,61.6,0.47
V1791,Clear and Present Danger,2024-11-09,70.4,0.51
V1791,Jaws: The Revenge,2024-11-06,10.4,0.11
V1792,Crimson Tide,2025-10-15,96.4,0.73
V1792,Clear and Present Danger,2024-07-14,60.2,0.7
V1792,Cliffhanger,2024-10-29,30.0,0.37
V1803,Jaws,2025-11-27,25.2,0.29
V1803,School of Rock,2025-04-08,42.8,0.51
V1804,Green Lantern,2025-01-01,65.8,0.47
V1804,Safe House,2025-12-15,81.7,0.67
V1806,Cliffhanger,2025-02-01,55.5,0.47
V1806,Jaws,2025-03-14,59.7,0.58
V1806,Mars Attacks!,2025-05-04,90.4,0.76
V1806,Freedom Writers,2024-02-12,34.8,0.29
V1809,Clear and Present Danger,2024-02-02,109.5,0.89
V1809,In the Line of Fire,2024-02-01,87.7,0.79
V1810,Once Upon a Time in America,2025-01-27,96.0,1.0
V1810,Labyrinth,2024-04-10,23.0,0.18
V1810,Cold Mountain,2025-09-27,97.4,0.91
V1811,Mars Attacks!,2025-12-02,43.5,0.32
V1811,Labyrinth,2025-01-24,53.3,0.48
V1811,Mystery Men,2024-03-29,38.5,0.47
V1811,Do the Right Thing,2024-04-04,66.0,0.6
V1812,Clear and Present Danger,2025-10-08,51.0,0.6
V1812,In the Line of Fire,2025-01-23,91.7,0.66
V1812,Jaws,2025-09-10,81.3,0.64
V1813,Jaws,2024-11-13,55.0,0.5
V1815,Crocodile Dundee in Los Angeles,2025-04-07,24.1,0.21
V1815,Training Day,2024-04-07,71.6,0.77
V1815,Cold Mountain,2025-08-30,48.8,0.61
V1817,Jaws,2024-01-29,121.5,0.9
V1819,Training Day,2024-03-11,87.6,0.63
V1820,Crimson Tide,2024-10-08,48.2,0.43
V1820,Clear and Present Danger,2025-07-02,69.4,0.56
V1820,Cliffhanger,2024-09-16,75.0,0.62
V1825,Mars Attacks!,2025-06-13,63.2,0.54
V1828,Crimson Tide,2025-04-07,46.6,0.42
V1828,Clear and Present Danger,2024-02-10,65.7,0.67
V1828,Cliffhanger,2025-03-12,56.8,0.58
V1828,In the Line of Fire,2024-03-19,70.5,0.81
V1829,Jaws,2024-09-12,81.9,0.89
V1829,Mars Attacks!,2025-10-31,53.6,0.67
V1829,School of Rock,2025-01-20,97.3,0.71
V1830,Crimson Tide,2024-08-16,38.5,0.47
V1830,Clear and Present Danger,2025-08-20,90.9,0.9
V1830,Cliffhanger,2025-12-31,96.5,0.72
V1830,In the Line of Fire,2024-04-28,70.2,0.65
V1831,Crimson Tide,2024-05-15,48.2,0.56
V1831,Clear and Present Danger,2025-09-11,90.2,0.71
V1831,Cliffhanger,2025-05-23,56.8,0.49
V1833,Crimson Tide,2025-03-16,88.6,0.86
V1833,Clear and Present Danger,2025-12-11,66.4,0.82
V1833,Cliffhanger,2024-04-18,60.8,0.59
V1835,Jaws,2024-10-12,75.3,0.71
V1835,Mars Attacks!,2025-03-08,99.5,0.93
V1835,Labyrinth,2024-09-26,53.8,0.64
V1836,Crimson Tide,2025-01-01,127.8,0.94
V1836,Clear and Present Danger,2024-09-06,92.4,0.84
V1836,In the Line of Fire,2024-05-20,128.3,0.93
V1837,Mars Attacks!,2024-03-29,42.6,0.49
V1837,Labyrinth,2024-07-20,82.4,0.71
V1837,Mystery Men,2025-07-13,108.0,1.0
V1837,School of Rock,2025-05-04,77.2,0.75
V1839,Mystery Men,2025-11-03,84.0,1.0
V1840,School of Rock,2024-04-28,51.9,0.57
V1842,Jaws,2024-07-26,42.5,0.37
V1844,Jaws,2025-12-19,55.2,0.62
V1844,Labyrinth,2024-03-02,57.8,0.55
V1845,Crimson Tide,2024-04-25,112.0,1.0
V1845,Clear and Present Danger,2025-08-22,113.0,1.0
V1845,Cliffhanger,2024-05-20,54.2,0.48
V1845,In the Line of Fire,2025-05-06,92.0,0.92
V1847,In the Line of Fire,2025-11-10,76.0,0.58
V1847,Once Upon a Time in America,2024-08-07,58.3,0.53
V1847,Jaws,2025-07-20,48.2,0.56
V1847,Mars Attacks!,2024-03-13,70.8,0.59
V1847,Do the Right Thing,2025-06-06,53.4,0.6
V1849,Crimson Tide,2024-03-10,69.4,0.78
V1849,Clear and Present Danger,2024-03-15,70.4,0.64
V1849,Cliffhanger,2025-10-03,48.7,0.42
V1849,In the Line of Fire,2025-10-02,75.5,0.59
V1849,Jaws,2024-09-25,83.4,0.81
V1849,Mars Attacks!,2025-03-18,33.9,0.32
V1849,Labyrinth,2025-02-08,73.8,0.9
V1849,Mystery Men,2025-01-17,34.8,0.43
V1849,Crocodile Dundee in Los Angeles,2024-08-18,45.1,0.43
V1849,Osmosis Jones,2025-05-05,87.6,0.69
V1849,School of Rock,2025-06-05,111.9,0.94
V1849,In the Cut,2025-10-12,57.1,0.42
V1849,Poseidon,2025-06-17,33.3,0.37
V1850,Clear and Present Danger,2024-03-17,70.6,0.72
V1850,Mars Attacks!,2025-03-03,40.7,0.38
V1851,Mars Attacks!,2025-12-22,63.0,0.75
V1854,Mars Attacks!,2025-10-18,116.5,0.85
V1854,Labyrinth,2025-02-06,54.1,0.66
V1854,Mystery Men,2024-12-15,17.5,0.18
V1854,School of Rock,2025-09-11,43.6,0.44
V1854,Poseidon,2025-04-26,81.0,0.81
V1855,Clear and Present Danger,2025-12-05,60.5,0.54
V1855,Cliffhanger,2025-11-29,71.4,0.61
V1855,In the Line of Fire,2025-08-10,68.4,0.58
V1855,Jaws,2024-04-03,62.5,0.71
V1855,Mars Attacks!,2024-12-16,67.0,0.54
V1855,Mystery Men,2025-10-08,62.7,0.55
V1858,Clear and Present Danger,2024-10-01,37.8,0.45
V1858,Jaws 2,2024-10-22,63.9,0.46
V1858,Mars Attacks!,2024-11-16,21.2,0.18
V1861,Jaws: The Revenge,2024-09-02,63.9,0.46
V1864,Clear and Present Danger,2024-11-09,49.9,0.43
V1864,In the Line of Fire,2025-06-14,81.0,0.88
V1864,Jaws,2024-09-27,83.6,0.68
V1864,Mars Attacks!,2025-11-05,40.1,0.34
V1864,Mystery Men,2024-05-22,58.9,0.64
V1864,Training Day,2024-10-29,111.3,0.85
V1866,Mars Attacks!,2025-01-05,36.8,0.4
V1868,Labyrinth,2024-11-24,116.2,0.93
V1868,School of Rock,2025-08-18,70.7,0.76
V1869,In the Line of Fire,2024-10-25,63.3,0.56
V1870,In the Line of Fire,2025-09-04,54.0,0.45
V1870,Mystery Men,2024-12-11,37.7,0.29
V1874,Mystery Men,2025-05-23,51.9,0.57
V1875,Crimson Tide,2025-05-10,77.2,0.75
V1875,Clear and Present Danger,2025-08-04,76.2,0.61
V1875,Cliffhanger,2024-05-29,80.7,0.74
V1876,Crimson Tide,2024-09-15,64.3,0.67
V1876,Clear and Present Danger,2025-07-17,51.3,0.59
V1876,Cliffhanger,2024-07-12,25.2,0.24
V1876,In the Line of Fire,2025-05-21,91.7,0.7
V1876,Jaws,2025-07-17,109.0,1.0
V1876,Mars Attacks!,2025-06-07,64.4,0.55
V1876,School of Rock,2024-09-29,89.3,0.77
V1876,Poseidon,2025-10-05,39.8,0.48
V1881,Crimson Tide,2025-05-02,106.6,0.96
V1881,Clear and Present Danger,2024-05-02,71.7,0.67
V1881,Cliffhanger,2025-01-05,37.8,0.43
V1883,Jaws,2024-02-25,110.1,0.86
V1884,Crimson Tide,2024-10-11,54.1,0.66
V1884,Clear and Present Danger,2024-10-01,80.0,0.93
V1884,Cliffhanger,2025-12-04,75.7,0.86
V1885,Clear and Present Danger,2025-11-07,62.1,0.58
V1885,Cliffhanger,2024-04-24,44.1,0.38
V1885,Training Day,2024-10-10,95.9,0.95
V1886,Mars Attacks!,2024-08-24,50.0,0.51
V1887,Clear and Present Danger,2025-08-07,36.7,0.39
V1887,Cliffhanger,2025-07-19,38.4,0.3
V1887,In the Line of Fire,2024-06-04,67.3,0.66
V1887,Labyrinth,2024-11-20,60.8,0.75
V1887,Osmosis Jones,2025-01-27,37.1,0.29
V1887,Tears of the Sun,2024-01-18,42.8,0.46
V1888,Mystery Men,2025-09-20,35.1,0.39
V1889,Clear and Present Danger,2024-05-07,63.1,0.65
V1889,Cliffhanger,2025-02-20,38.7,0.45
V1891,Mars Attacks!,2025-09-16,28.2,0.3
V1892,Cliffhanger,2024-08-13,20.7,0.23
V1892,Jaws,2024-09-01,26.2,0.27
V1893,Clear and Present Danger,2025-08-16,96.4,0.79
V1893,Cliffhanger,2025-01-30,129.6,0.96
V1895,Do the Right Thing,2024-04-12,71.3,0.66
V1896,Jaws,2025-12-30,52.3,0.39
V1896,Jaws 2,2025-01-28,56.2,0.52
V1896,Do the Right Thing,2025-01-24,130.0,0.97
V1897,Cliffhanger,2024-10-05,59.9,0.74
V1902,Cliffhanger,2025-05-18,63.2,0.68
V1902,Jaws,2025-06-20,92.0,0.86
V1902,Mars Attacks!,2025-05-26,63.6,0.63
V1904,Clear and Present Danger,2025-03-28,108.6,0.97
V1904,In the Line of Fire,2024-05-27,50.7,0.43
V1905,Clear and Present Danger,2025-12-16,48.8,0.39
V1905,Cliffhanger,2025-02-17,61.5,0.5
V1906,Crimson Tide,2024-12-27,53.9,0.58
V1906,Clear and Present Danger,2024-10-24,48.3,0.46
V1906,Jaws,2025-09-06,50.7,0.37
V1906,Mars Attacks!,2024-01-25,96.6,0.71
V1906,Labyrinth,2024-09-06,86.1,0.7
V1906,School of Rock,2025-04-08,85.9,0.71
V1906,Green Lantern,2025-02-02,81.2,0.65
V1908,Jaws,2025-01-25,94.0,0.81
V1908,Do the Right Thing,2025-04-01,58.3,0.72
V1908,Osmosis Jones,2025-03-23,70.4,0.51
V1908,Training Day,2024-10-02,47.0,0.49
V1908,School of Rock,2024-09-23,82.4,0.8
V1908,In the Cut,2024-08-12,46.2,0.42
V1912,Clear and Present Danger,2025-06-13,101.8,0.76
V1912,Cliffhanger,2024-07-19,64.9,0.55
V1917,Clear and Present Danger,2025-01-25,49.6,0.37
V1917,Cliffhanger,2024-08-22,25.8,0.25
V1918,Jaws,2024-06-11,69.7,0.82
V1918,Mystery Men,2025-07-20,49.3,0.58
V1919,In the Line of Fire,2025-06-21,49.8,0.6
V1919,Do the Right Thing,2024-06-01,94.5,0.68
V1919,School of Rock,2025-03-22,53.9,0.55
V1924,School of Rock,2024-07-09,87.3,0.9
V1925,Clear and Present Danger,2024-06-19,63.9,0.68
V1925,Cliffhanger,2024-04-04,57.6,0.51
V1925,Training Day,2025-11-01,60.7,0.51
V1925,Tears of the Sun,2024-06-29,111.8,0.86
V1926,Cliffhanger,2025-03-09,54.9,0.56
V1926,In the Line of Fire,2024-01-18,95.9,0.7
V1927,Mars Attacks!,2025-09-09,93.0,0.71
V1928,Crimson Tide,2024-04-13,65.0,0.52
V1928,Clear and Present Danger,2024-07-02,84.4,0.87
V1928,Cliffhanger,2025-04-18,76.4,0.67
V1930,Jaws,2024-07-02,109.2,0.95
V1930,School of Rock,2024-07-10,49.0,0.55
V1931,Crimson Tide,2024-11-29,81.7,0.86
V1931,Clear and Present Danger,2024-10-05,75.0,0.56
V1931,Cliffhanger,2025-05-27,112.0,1.0
V1931,House Party 3,2025-02-07,101.9,0.91
V1931,In the Line of Fire,2025-04-25,61.6,0.7
V1934,Jaws 2,2024-09-04,58.7,0.66
V1935,Crimson Tide,2025-01-11,91.8,0.68
V1935,Training Day,2025-04-18,99.8,0.86
V1935,School of Rock,2025-12-28,41.8,0.44
V1936,Clear and Present Danger,2024-06-14,71.3,0.82
V1937,Jaws,2024-02-13,92.4,0.77
V1941,Mystery Men,2024-05-19,59.6,0.71
V1942,Crimson Tide,2025-06-25,49.6,0.62
V1942,Clear and Present Danger,2025-02-08,94.3,0.72
V1942,Cliffhanger,2025-02-17,42.5,0.37
V1942,In the Line of Fire,2025-10-24,99.3,0.73
V1942,Jaws,2025-09-12,102.2,0.73
V1942,Mars Attacks!,2025-02-18,95.1,0.82
V1942,Labyrinth,2025-02-21,76.8,0.6
V1947,Cliffhanger,2025-05-26,64.8,0.72
V1949,Cliffhanger,2024-07-30,57.2,0.65
V1949,Mystery Men,2025-01-11,31.9,0.38
V1951,Mars Attacks!,2025-09-10,82.5,0.62
V1953,Mars Attacks!,2025-01-19,69.9,0.51
V1954,Training Day,2024-11-18,48.5,0.49
V1955,Mars Attacks!,2024-01-17,32.2,0.29
V1959,Cliffhanger,2025-10-15,55.8,0.6
V1959,Training Day,2025-08-27,70.4,0.55
V1959,Tears of the Sun,2024-05-23,81.9,0.63
V1959,School of Rock,2025-02-09,78.7,0.65
V1960,Do the Right Thing,2024-08-20,45.6,0.48
V1963,Once Upon a Time in America,2025-05-13,82.2,0.6
V1963,Jaws,2025-04-21,73.5,0.7
V1963,Do the Right Thing,2025-04-19,92.7,0.9
V1963,Training Day,2024-02-22,59.8,0.68
V1963,School of Rock,2025-10-17,66.5,0.7
V1964,Crimson Tide,2025-01-18,91.7,0.66
V1966,Clear and Present Danger,2025-01-30,40.7,0.49
V1966,In the Line of Fire,2025-03-19,81.6,0.6
V1966,Jaws,2024-12-29,64.7,0.77
V1966,Labyrinth,2025-05-03,71.3,0.54
V1966,Mystery Men,2025-05-05,18.9,0.23
V1966,Do the Right Thing,2024-07-17,61.3,0.73
V1966,Training Day,2024-06-18,68.3,0.69
V1966,Tears of the Sun,2024-05-29,67.2,0.84
V1966,School of Rock,2024-10-03,91.4,0.72
V1966,In the Cut,2024-08-11,25.7,0.31
V1966,Cold Mountain,2024-01-25,98.4,0.82
V1967,Labyrinth,2025-09-19,18.4,0.17
V1970,Crimson Tide,2024-11-30,52.3,0.48
V1970,Clear and Present Danger,2025-06-13,48.0,0.49
V1970,In the Line of Fire,2025-03-24,46.8,0.4
V1970,Jaws,2025-06-10,69.1,0.54
V1970,Mars Attacks!,2025-07-15,49.2,0.6
V1971,Clear and Present Danger,2025-06-02,105.8,0.84
V1971,In the Line of Fire,2024-06-06,70.6,0.84
V1972,Crimson Tide,2024-12-04,122.3,0.88
V1972,Clear and Present Danger,2025-10-12,75.6,0.62
V1972,In the Line of Fire,2024-07-20,66.9,0.69
V1972,Heavy,2024-10-09,33.1,0.39
V1972,Once Upon a Time in America,2024-02-15,46.2,0.44
V1972,Jaws,2024-05-16,60.4,0.61
V1972,Jaws 2,2024-07-17,62.6,0.68
V1972,Mars Attacks!,2024-06-04,106.0,1.0
V1972,Mystery Men,2024-09-18,79.2,0.74
V1972,Do the Right Thing,2024-03-08,80.0,0.58
V1973,Crimson Tide,2024-09-28,90.0,1.0
V1973,Clear and Present Danger,2024-03-08,112.1,0.89
V1973,Cliffhanger,2024-06-18,49.8,0.53
V1973,In the Line of Fire,2024-04-26,139.0,1.0
V1975,Crimson Tide,2024-12-16,68.0,0.8
V1975,Clear and Present Danger,2025-01-16,98.8,0.83
V1975,Cliffhanger,2024-09-21,95.1,0.71
V1978,Jaws,2024-12-04,87.0,0.75
V1980,Jaws,2025-06-23,120.0,1.0
V1983,Crimson Tide,2025-08-26,53.4,0.6
V1984,School of Rock,2025-08-31,80.2,0.71
V1985,Crimson Tide,2024-08-19,117.4,0.91
V1985,Clear and Present Danger,2025-05-09,48.8,0.37
V1985,Cliffhanger,2025-06-05,46.6,0.48
V1985,In the Line of Fire,2025-02-18,71.3,0.72
V1988,Crimson Tide,2024-11-03,78.0,0.94
V1988,Clear and Present Danger,2024-04-19,116.6,0.89
V1988,Cliffhanger,2024-08-16,37.0,0.28
V1988,Jaws,2024-09-11,134.0,1.0
V1988,Cold Mountain,2024-04-10,109.0,1.0
V1992,Mars Attacks!,2025-01-06,45.9,0.37
V1995,Clear and Present Danger,2025-03-05,44.5,0.42
V1995,Cliffhanger,2024-03-24,74.2,0.64
V1997,Mystery Men,2025-05-07,19.9,0.21
V1998,Crimson Tide,2024-03-08,130.2,0.93
V1998,Clear and Present Danger,2024-02-28,101.9,0.79
V1998,Cliffhanger,2025-03-18,89.9,0.84
V1999,Mystery Men,2024-02-01,60.5,0.68
V1999,In Too Deep,2024-05-01,93.9,0.93
V0483,Stellar Run,2025-12-22,100.0,1.0
V0812,Stellar Run,2025-09-28,70.0,0.7
V0587,Stellar Run,2025-11-18,90.0,0.9
V1225,Stellar Run,2025-11-15,69.0,0.69
V0169,Stellar Run,2025-12-11,87.0,0.87
V0878,Stellar Run,2025-12-24,55.0,0.55
V1655,Stellar Run,2025-11-22,58.0,0.58
V0966,Stellar Run,2025-09-05,57.0,0.57
V0752,Stellar Run,2025-11-27,96.0,0.96
V1365,Stellar Run,2025-09-12,52.0,0.52
V0677,Stellar Run,2025-09-05,100.0,1.0
V0081,Stellar Run,2025-09-01,91.0,0.91
V0349,Stellar Run,2025-12-15,100.0,1.0
V1216,Stellar Run,2025-11-18,92.0,0.92
V1255,Stellar Run,2025-09-18,53.0,0.53
V0533,Stellar Run,2025-11-22,89.0,0.89
V1017,Stellar Run,2025-09-29,84.0,0.84
V1746,Stellar Run,2025-11-25,58.0,0.58
V0927,Stellar Run,2025-12-31,75.0,0.75
V1446,Stellar Run,2025-10-24,90.0,0.9
V1735,Stellar Run,2025-11-25,66.0,0.66
V0305,Stellar Run,2025-09-20,52.0,0.52
V1793,Stellar Run,2025-09-19,55.0,0.55
V0306,Stellar Run,2025-10-07,89.0,0.89
V1187,Stellar Run,2025-12-01,74.0,0.74
V1905,Stellar Run,2025-11-25,97.0,0.97
V1204,Stellar Run,2025-12-29,85.0,0.85
V1344,Stellar Run,2025-10-17,58.0,0.58
V0136,Stellar Run,2025-09-05,92.0,0.92
V0798,Stellar Run,2025-12-14,75.0,0.75
V0815,Stellar Run,2025-12-20,66.0,0.66
V0670,Stellar Run,2025-10-25,83.0,0.83
V1540,Stellar Run,2025-12-21,85.0,0.85
V1605,Stellar Run,2025-10-03,71.0,0.71
V0686,Stellar Run,2025-09-06,94.0,0.94
V1237,Stellar Run,2025-10-06,95.0,0.95
V0856,Stellar Run,2025-12-08,50.0,0.5
V0703,Stellar Run,2025-10-18,67.0,0.67
V1581,Stellar Run,2025-09-26,61.0,0.61
V1349,Stellar Run,2025-10-06,77.0,0.77
V1210,Stellar Run,2025-12-28,81.0,0.81
V1946,Stellar Run,2025-10-29,98.0,0.98
V0595,Stellar Run,2025-12-06,73.0,0.73
V0037,Stellar Run,2025-11-15,81.0,0.81
V0972,Stellar Run,2025-12-28,73.0,0.73
V1172,Stellar Run,2025-12-28,66.0,0.66
V0921,Stellar Run,2025-10-09,95.0,0.95
V1673,Stellar Run,2025-11-25,95.0,0.95
V0544,Stellar Run,2025-11-07,61.0,0.61
V1683,Stellar Run,2025-10-01,70.0,0.7
V1964,Stellar Run,2025-12-12,90.0,0.9
V1843,Stellar Run,2025-12-30,71.0,0.71
V1951,Stellar Run,2025-12-10,65.0,0.65
V0105,Stellar Run,2025-11-14,61.0,0.61
V0589,Stellar Run,2025-12-19,62.0,0.62
V1149,Stellar Run,2025-09-23,77.0,0.77
V1404,Stellar Run,2025-09-11,66.0,0.66
V0983,Stellar Run,2025-09-13,56.0,0.56
V0529,Stellar Run,2025-11-24,65.0,0.65
V0332,Stellar Run,2025-09-27,86.0,0.86
V1567,Stellar Run,2025-10-10,100.0,1.0
V1309,Stellar Run,2025-09-10,99.0,0.99
V1748,Stellar Run,2025-10-01,53.0,0.53
V1554,Stellar Run,2025-09-23,56.0,0.56
V0249,Stellar Run,2025-12-08,92.0,0.92
V1047,Stellar Run,2025-11-01,83.0,0.83
V0171,Stellar Run,2025-12-10,55.0,0.55
V1652,Stellar Run,2025-11-09,97.0,0.97
V1866,Stellar Run,2025-12-12,98.0,0.98
V0130,Stellar Run,2025-09-19,67.0,0.67
V1413,Stellar Run,2025-09-25,74.0,0.74
V1294,Stellar Run,2025-09-04,67.0,0.67
V1550,Stellar Run,2025-09-14,90.0,0.9
V0825,Stellar Run,2025-09-22,60.0,0.6
V1585,Stellar Run,2025-12-05,85.0,0.85
V1526,Stellar Run,2025-12-16,83.0,0.83
V1013,Stellar Run,2025-12-08,73.0,0.73
V0756,Stellar Run,2025-12-25,52.0,0.52
V0008,Stellar Run,2025-10-16,51.0,0.51
V0763,Stellar Run,2025-10-14,71.0,0.71
V1986,Stellar Run,2025-12-20,73.0,0.73
V0197,Stellar Run,2025-11-06,78.0,0.78
V0279,Stellar Run,2025-11-03,78.0,0.78
V1560,Stellar Run,2025-09-16,81.0,0.81
V1711,Stellar Run,2025-10-11,62.0,0.62
V0872,Stellar Run,2025-09-05,93.0,0.93
V0615,Stellar Run,2025-09-18,85.0,0.85
V0314,Stellar Run,2025-10-14,92.0,0.92
V1998,Stellar Run,2025-10-17,54.0,0.54
V0615,Stellar Run,2025-09-03,51.0,0.51
V0379,Stellar Run,2025-09-12,93.0,0.93
V1235,Stellar Run,2025-12-19,55.0,0.55
V1997,Stellar Run,2025-12-08,67.0,0.67
V0375,Stellar Run,2025-09-28,79.0,0.79
V0101,Stellar Run,2025-10-10,92.0,0.92
V1109,Stellar Run,2025-12-13,86.0,0.86
V1783,Stellar Run,2025-11-09,65.0,0.65
V0610,Stellar Run,2025-12-24,70.0,0.7
V0639,Stellar Run,2025-09-12,83.0,0.83
V0107,Stellar Run,2025-09-09,55.0,0.55
V0009,Stellar Run,2025-12-24,74.0,0.74
V0740,Stellar Run,2025-11-09,55.0,0.55
V1925,Stellar Run,2025-12-24,90.0,0.9
V0345,Stellar Run,2025-11-23,96.0,0.96
V0213,Stellar Run,2025-12-13,51.0,0.51
V1451,Stellar Run,2025-09-22,87.0,0.87
V1398,Stellar Run,2025-10-01,99.0,0.99
V1072,Stellar Run,2025-11-13,90.0,0.9
V0385,Stellar Run,2025-11-10,62.0,0.62
V1256,Stellar Run,2025-10-20,60.0,0.6
V0706,Stellar Run,2025-10-22,99.0,0.99
V1185,Stellar Run,2025-10-05,62.0,0.62
V0256,Stellar Run,2025-10-24,63.0,0.63
V0003,Stellar Run,2025-10-22,80.0,0.8
V1416,Stellar Run,2025-11-13,59.0,0.59
V0246,Stellar Run,2025-10-02,57.0,0.57
V0512,Stellar Run,2025-12-03,54.0,0.54
V1977,Stellar Run,2025-10-06,98.0,0.98
V1335,Stellar Run,2025-12-01,56.0,0.56
V0220,Dark Orbit,2025-06-24,60.0,0.6
V1484,Dark Orbit,2025-11-28,89.0,0.89
V0666,Dark Orbit,2025-07-30,69.0,0.69
V0564,Dark Orbit,2025-08-16,83.0,0.83
V0299,Dark Orbit,2025-04-16,69.0,0.69
V1364,Dark Orbit,2025-12-06,62.0,0.62
V0561,Dark Orbit,2025-08-12,52.0,0.52
V0950,Dark Orbit,2025-03-23,53.0,0.53
V0123,Dark Orbit,2025-08-23,76.0,0.76
V0227,Dark Orbit,2025-05-28,57.0,0.57
V0873,Dark Orbit,2025-01-08,74.0,0.74
V0134,Dark Orbit,2025-10-28,73.0,0.73
V0460,Dark Orbit,2025-08-19,60.0,0.6
V1720,Dark Orbit,2025-09-02,98.0,0.98
V0984,Dark Orbit,2025-04-23,72.0,0.72
V1600,Dark Orbit,2025-05-01,82.0,0.82
V1943,Dark Orbit,2025-10-10,75.0,0.75
V0225,Dark Orbit,2025-05-18,86.0,0.86
V1413,Dark Orbit,2025-02-20,64.0,0.64
V1638,Dark Orbit,2025-06-08,87.0,0.87
V1162,Dark Orbit,2025-02-24,62.0,0.62
V1659,Dark Orbit,2025-05-06,88.0,0.88
V1139,Dark Orbit,2025-11-11,79.0,0.79
V1888,Dark Orbit,2025-04-04,81.0,0.81
V0007,Dark Orbit,2025-03-18,98.0,0.98
V1413,Dark Orbit,2025-10-11,71.0,0.71
V0986,Dark Orbit,2025-04-10,59.0,0.59
V1477,Dark Orbit,2025-08-06,63.0,0.63
V1201,Dark Orbit,2025-04-13,81.0,0.81
V1968,Dark Orbit,2025-11-05,78.0,0.78
V0779,Dark Orbit,2025-08-30,81.0,0.81
V0666,Dark Orbit,2025-01-24,93.0,0.93
V1555,Dark Orbit,2025-05-04,77.0,0.77
V0883,Dark Orbit,2025-10-15,51.0,0.51
V1158,Dark Orbit,2025-03-12,62.0,0.62
V0420,Dark Orbit,2025-08-28,71.0,0.71
V0149,Dark Orbit,2025-02-22,84.0,0.84
V0904,Dark Orbit,2025-03-11,61.0,0.61
V0760,Dark Orbit,2025-02-19,52.0,0.52
V1204,Dark Orbit,2025-07-29,56.0,0.56
V1206,Dark Orbit,2025-08-19,95.0,0.95
V1892,Dark Orbit,2025-05-02,81.0,0.81
V0513,Dark Orbit,2025-11-03,77.0,0.77
V1559,Dark Orbit,2025-05-04,52.0,0.52
V1109,Dark Orbit,2025-03-27,83.0,0.83
V0014,Dark Orbit,2025-09-08,91.0,0.91
V0844,Dark Orbit,2025-06-19,55.0,0.55
V0470,Dark Orbit,2025-10-22,64.0,0.64
V0715,Dark Orbit,2025-07-02,88.0,0.88
V0337,Dark Orbit,2025-01-14,87.0,0.87
V1171,Dark Orbit,2025-01-11,83.0,0.83
V1685,Dark Orbit,2025-03-22,62.0,0.62
V0368,Dark Orbit,2025-04-11,91.0,0.91
V0605,Dark Orbit,2025-08-24,53.0,0.53
V1267,Dark Orbit,2025-03-10,52.0,0.52
V1483,Dark Orbit,2025-04-15,68.0,0.68
V1559,Dark Orbit,2025-06-03,92.0,0.92
V1409,Dark Orbit,2025-02-02,92.0,0.92
V0775,Dark Orbit,2025-01-04,59.0,0.59
V0359,Dark Orbit,2025-12-17,92.0,0.92
V0174,Dark Orbit,2025-03-22,61.0,0.61
V0223,Dark Orbit,2025-08-11,61.0,0.61
V0546,Dark Orbit,2025-09-24,86.0,0.86
V1088,Dark Orbit,2025-10-30,95.0,0.95
V0676,Dark Orbit,2025-08-20,58.0,0.58
V1092,Dark Orbit,2025-12-05,78.0,0.78
V0871,Dark Orbit,2025-03-30,81.0,0.81
V0572,Dark Orbit,2025-06-11,63.0,0.63
V1503,Dark Orbit,2025-01-11,60.0,0.6
V1583,Dark Orbit,2025-10-02,73.0,0.73
V1191,Dark Orbit,2025-03-01,90.0,0.9
V0111,Dark Orbit,2025-04-28,87.0,0.87
V1756,Dark Orbit,2025-02-27,78.0,0.78
V1331,Dark Orbit,2025-10-25,86.0,0.86
V0109,Dark Orbit,2025-09-23,59.0,0.59
V1637,Dark Orbit,2025-03-06,62.0,0.62
V1758,Dark Orbit,2025-11-07,77.0,0.77
V1104,Dark Orbit,2025-10-10,54.0,0.54
V0192,Dark Orbit,2025-05-13,63.0,0.63
V1696,Dark Orbit,2025-04-02,52.0,0.52
V1717,Dark Orbit,2025-04-16,57.0,0.57
V1432,Dark Orbit,2025-11-22,54.0,0.54
V0906,Dark Orbit,2025-02-06,71.0,0.71
V0165,Dark Orbit,2025-06-14,73.0,0.73
V1736,Dark Orbit,2025-06-22,51.0,0.51
V1598,Dark Orbit,2025-01-14,89.0,0.89
V1768,Dark Orbit,2025-01-16,54.0,0.54
V1521,Dark Orbit,2025-11-23,79.0,0.79
V0390,Dark Orbit,2025-09-04,98.0,0.98
V1605,Dark Orbit,2025-10-03,82.0,0.82
V1292,Dark Orbit,2025-11-06,51.0,0.51
V0724,Dark Orbit,2025-06-10,69.0,0.69
V1873,Dark Orbit,2025-09-16,82.0,0.82
V0535,Dark Orbit,2025-03-23,54.0,0.54
V1230,Dark Orbit,2025-12-09,79.0,0.79
V1006,Dark Orbit,2025-09-25,96.0,0.96
V0360,Dark Orbit,2025-05-28,75.0,0.75
V0644,Dark Orbit,2025-07-14,73.0,0.73
V0958,Dark Orbit,2025-01-14,52.0,0.52
V1356,Dark Orbit,2025-05-14,94.0,0.94
V1304,Dark Orbit,2025-06-24,54.0,0.54
V0564,Dark Orbit,2025-09-29,57.0,0.57
V0252,Dark Orbit,2025-05-01,71.0,0.71
V1048,Dark Orbit,2025-04-27,100.0,1.0
V0101,Dark Orbit,2025-07-07,66.0,0.66
V1182,Dark Orbit,2025-07-12,86.0,0.86
V0081,Dark Orbit,2025-11-17,73.0,0.73
V0493,Dark Orbit,2025-07-30,80.0,0.8
V0943,Dark Orbit,2025-11-13,68.0,0.68
V1582,Dark Orbit,2025-11-16,89.0,0.89
V1754,Dark Orbit,2025-09-27,59.0,0.59
V0549,Dark Orbit,2025-01-25,96.0,0.96
V0518,Dark Orbit,2025-09-28,56.0,0.56
V1084,Dark Orbit,2025-01-03,63.0,0.63
V1971,Dark Orbit,2025-11-26,59.0,0.59
V1021,Dark Orbit,2025-05-08,76.0,0.76
V1565,Dark Orbit,2025-04-07,76.0,0.76
V0549,Dark Orbit,2025-05-05,58.0,0.58
V1427,Dark Orbit,2025-07-24,81.0,0.81
V0350,Dark Orbit,2025-09-25,79.0,0.79
V1497,Dark Orbit,2025-06-07,70.0,0.7
V0498,Dark Orbit,2025-08-03,88.0,0.88
V1480,Dark Orbit,2025-09-28,72.0,0.72
V1968,Dark Orbit,2025-05-09,54.0,0.54
V1684,Dark Orbit,2025-07-19,65.0,0.65
V0799,Dark Orbit,2025-03-22,68.0,0.68
V1552,Dark Orbit,2025-05-29,93.0,0.93
V0826,Dark Orbit,2025-04-28,86.0,0.86
V1114,Dark Orbit,2025-12-16,59.0,0.59
V1773,Dark Orbit,2025-01-12,83.0,0.83
V0631,Dark Orbit,2025-07-30,90.0,0.9
V1051,Dark Orbit,2025-10-22,98.0,0.98
V1881,Last Kingdom,2025-01-12,89.0,0.89
V0755,Last Kingdom,2025-05-04,78.0,0.78
V0366,Last Kingdom,2025-05-22,67.0,0.67
V0954,Last Kingdom,2025-11-09,92.0,0.92
V1410,Last Kingdom,2025-06-24,52.0,0.52
V0118,Last Kingdom,2025-05-30,62.0,0.62
V0428,Last Kingdom,2025-07-01,60.0,0.6
V1203,Last Kingdom,2025-06-11,94.0,0.94
V1492,Last Kingdom,2025-04-24,90.0,0.9
V0185,Last Kingdom,2025-02-18,86.0,0.86
V0956,Last Kingdom,2025-03-05,77.0,0.77
V0407,Last Kingdom,2025-05-04,80.0,0.8
V0406,Last Kingdom,2025-09-10,61.0,0.61
V0662,Last Kingdom,2025-04-26,52.0,0.52
V0072,Last Kingdom,2025-02-09,98.0,0.98
V1254,Last Kingdom,2025-09-16,75.0,0.75
V0798,Last Kingdom,2025-02-18,73.0,0.73
V0834,Last Kingdom,2025-10-10,86.0,0.86
V0018,Last Kingdom,2025-01-06,96.0,0.96
V0055,Last Kingdom,2025-01-16,79.0,0.79
V0850,Last Kingdom,2025-02-27,77.0,0.77
V1073,Last Kingdom,2025-01-07,62.0,0.62
V0968,Last Kingdom,2025-11-23,85.0,0.85
V0581,Last Kingdom,2025-11-02,56.0,0.56
V0851,Last Kingdom,2025-01-02,94.0,0.94
V0803,Last Kingdom,2025-07-08,80.0,0.8
V1815,Last Kingdom,2025-01-30,54.0,0.54
V1656,Last Kingdom,2025-03-05,94.0,0.94
V1178,Last Kingdom,2025-05-27,55.0,0.55
V0474,Last Kingdom,2025-07-23,76.0,0.76
V0055,Last Kingdom,2025-10-28,57.0,0.57
V0399,Last Kingdom,2025-03-29,91.0,0.91
V0442,Last Kingdom,2025-11-07,80.0,0.8
V0492,Last Kingdom,2025-08-20,64.0,0.64
V0158,Last Kingdom,2025-02-17,63.0,0.63
V1528,Last Kingdom,2025-05-31,57.0,0.57
V1927,Last Kingdom,2025-01-22,91.0,0.91
V1594,Last Kingdom,2025-06-22,62.0,0.62
V0878,Last Kingdom,2025-08-11,98.0,0.98
V1064,Last Kingdom,2025-12-22,55.0,0.55
V0874,Last Kingdom,2025-01-10,97.0,0.97
V1792,Last Kingdom,2025-01-29,76.0,0.76
V0800,Last Kingdom,2025-07-23,94.0,0.94
V1785,Last Kingdom,2025-01-14,69.0,0.69
V0149,Last Kingdom,2025-06-14,97.0,0.97
V1952,Last Kingdom,2025-03-31,88.0,0.88
V0698,Last Kingdom,2025-07-02,53.0,0.53
V1127,Last Kingdom,2025-04-04,72.0,0.72
V1283,Last Kingdom,2025-09-06,71.0,0.71
V1849,Last Kingdom,2025-03-15,81.0,0.81
V1703,Last Kingdom,2025-05-16,65.0,0.65
V0238,Last Kingdom,2025-05-04,65.0,0.65
V1626,Last Kingdom,2025-09-28,99.0,0.99
V0702,Last Kingdom,2025-06-02,62.0,0.62
V1870,Last Kingdom,2025-10-09,87.0,0.87
V0835,Last Kingdom,2025-01-24,61.0,0.61
V1259,Last Kingdom,2025-03-05,53.0,0.53
V0925,Last Kingdom,2025-12-20,85.0,0.85
V0098,Last Kingdom,2025-09-17,68.0,0.68
V1450,Last Kingdom,2025-02-03,90.0,0.9
V0373,Last Kingdom,2025-01-09,86.0,0.86
V0523,Last Kingdom,2025-10-26,90.0,0.9
V1225,Last Kingdom,2025-12-28,79.0,0.79
V0862,Last Kingdom,2025-11-16,79.0,0.79
V1599,Last Kingdom,2025-12-03,65.0,0.65
V1239,Last Kingdom,2025-11-04,87.0,0.87
V1559,Last Kingdom,2025-08-22,54.0,0.54
V0298,Last Kingdom,2025-10-02,89.0,0.89
V1305,Last Kingdom,2025-10-19,62.0,0.62
V0211,Last Kingdom,2025-05-31,51.0,0.51
V0635,Last Kingdom,2025-10-19,81.0,0.81
V0399,Last Kingdom,2025-03-31,95.0,0.95
V1719,Last Kingdom,2025-04-25,65.0,0.65
V1985,Last Kingdom,2025-08-09,70.0,0.7
V1921,Last Kingdom,2025-01-29,70.0,0.7
V1143,Last Kingdom,2025-08-31,58.0,0.58
V0937,Last Kingdom,2025-08-02,99.0,0.99
V0906,Last Kingdom,2025-03-31,87.0,0.87
V1932,Last Kingdom,2025-04-27,76.0,0.76
V1373,Last Kingdom,2025-12-06,80.0,0.8
V0500,Last Kingdom,2025-09-24,57.0,0.57
V1551,Last Kingdom,2025-01-09,92.0,0.92
V1696,Last Kingdom,2025-01-02,95.0,0.95
V1818,Last Kingdom,2025-12-06,56.0,0.56
V1424,Last Kingdom,2025-10-17,81.0,0.81
V1125,Last Kingdom,2025-03-17,70.0,0.7
V1116,Last Kingdom,2025-12-13,57.0,0.57
V0192,Last Kingdom,2025-10-09,69.0,0.69
V0834,Last Kingdom,2025-11-19,54.0,0.54
V0031,Last Kingdom,2025-10-15,74.0,0.74
V1377,Last Kingdom,2025-12-18,94.0,0.94
V1654,Last Kingdom,2025-09-28,66.0,0.66
V1892,Last Kingdom,2025-03-03,63.0,0.63
V0547,Last Kingdom,2025-07-24,77.0,0.77
V1631,Last Kingdom,2025-06-09,92.0,0.92
V1842,Last Kingdom,2025-01-21,93.0,0.93
V0337,Last Kingdom,2025-09-02,88.0,0.88
V1368,Last Kingdom,2025-09-21,72.0,0.72
V1813,Last Kingdom,2025-07-19,53.0,0.53
V1708,Last Kingdom,2025-07-18,75.0,0.75
V1369,Last Kingdom,2025-04-09,91.0,0.91
V1986,Last Kingdom,2025-01-14,52.0,0.52
V1081,Last Kingdom,2025-01-29,81.0,0.81
V0601,Last Kingdom,2025-11-19,80.0,0.8
V0659,Last Kingdom,2025-01-28,73.0,0.73
V1768,Last Kingdom,2025-11-19,76.0,0.76
V1945,Last Kingdom,2025-08-15,82.0,0.82
V0104,Last Kingdom,2025-07-08,61.0,0.61
V0035,Last Kingdom,2025-09-11,72.0,0.72
V0801,Last Kingdom,2025-03-25,53.0,0.53
V1814,Last Kingdom,2025-03-13,86.0,0.86
V0844,Last Kingdom,2025-12-10,57.0,0.57
V0040,Last Kingdom,2025-10-12,90.0,0.9
V1008,Last Kingdom,2025-11-17,91.0,0.91
V1891,Last Kingdom,2025-01-25,99.0,0.99
V1910,Last Kingdom,2025-11-05,53.0,0.53
V0047,Last Kingdom,2025-07-23,97.0,0.97
V0539,Last Kingdom,2025-02-04,99.0,0.99
V0930,Last Kingdom,2025-04-29,54.0,0.54
V1908,Last Kingdom,2025-06-10,68.0,0.68
V0415,Last Kingdom,2025-06-26,96.0,0.96
V0957,Last Kingdom,2025-10-06,96.0,0.96
V0420,Last Kingdom,2025-03-26,84.0,0.84
V0335,Last Kingdom,2025-01-01,69.0,0.69
V0865,Last Kingdom,2025-05-02,91.0,0.91
V0651,Last Kingdom,2025-03-09,73.0,0.73
V2000,Last Kingdom,2025-06-26,69.0,0.69
V0917,Last Kingdom,2025-02-08,95.0,0.95
V0629,Last Kingdom,2025-05-16,80.0,0.8
V0346,Last Kingdom,2025-10-24,66.0,0.66
V0811,Last Kingdom,2025-05-31,76.0,0.76
V0194,Last Kingdom,2025-08-09,64.0,0.64
V0485,Last Kingdom,2025-08-20,60.0,0.6
V0209,Last Kingdom,2025-07-23,74.0,0.74
V0291,Last Kingdom,2025-08-26,87.0,0.87
V1052,Last Kingdom,2025-03-29,96.0,0.96
V1708,Last Kingdom,2025-03-24,82.0,0.82
V1832,Last Kingdom,2025-10-29,77.0,0.77
V1287,Last Kingdom,2025-04-10,63.0,0.63
V0860,Last Kingdom,2025-03-29,79.0,0.79
V1700,Last Kingdom,2025-09-09,89.0,0.89
V0897,Last Kingdom,2025-04-30,88.0,0.88
V0475,Last Kingdom,2025-10-04,62.0,0.62
V1056,Last Kingdom,2025-04-01,77.0,0.77
V0837,Last Kingdom,2025-01-15,67.0,0.67
V0921,Last Kingdom,2025-01-12,75.0,0.75
V1116,Last Kingdom,2025-11-22,71.0,0.71
V0244,Last Kingdom,2025-08-21,74.0,0.74
V1764,Last Kingdom,2025-09-12,62.0,0.62
V1598,Last Kingdom,2025-03-17,93.0,0.93
V1566,Last Kingdom,2025-01-02,69.0,0.69
V1350,Last Kingdom,2025-03-29,59.0,0.59
V0672,Last Kingdom,2025-12-12,58.0,0.58
V1391,Last Kingdom,2025-12-04,68.0,0.68
V1105,Last Kingdom,2025-08-18,97.0,0.97
V0830,Last Kingdom,2025-10-19,58.0,0.58
V1334,Last Kingdom,2025-03-31,54.0,0.54
V0671,Last Kingdom,2025-10-18,70.0,0.7
V1217,Last Kingdom,2025-01-21,78.0,0.78
V1397,Last Kingdom,2025-05-18,62.0,0.62
V1110,Last Kingdom,2025-05-28,89.0,0.89
V1952,Last Kingdom,2025-03-23,56.0,0.56
V1743,Last Kingdom,2025-06-19,90.0,0.9
V1417,Last Kingdom,2025-04-28,83.0,0.83
V1997,Last Kingdom,2025-11-03,86.0,0.86
V1985,Last Kingdom,2025-05-30,82.0,0.82
V1241,Last Kingdom,2025-06-22,92.0,0.92
V1134,Last Kingdom,2025-11-19,53.0,0.53
V0711,Last Kingdom,2025-08-20,81.0,0.81
V1972,Last Kingdom,2025-01-19,85.0,0.85
V0732,Last Kingdom,2025-04-02,62.0,0.62
V0917,Last Kingdom,2025-07-19,74.0,0.74
V1991,Last Kingdom,2025-12-03,59.0,0.59
V0926,Last Kingdom,2025-05-21,69.0,0.69
V1258,Last Kingdom,2025-02-02,86.0,0.86
V0945,Last Kingdom,2025-09-11,81.0,0.81
V1110,Last Kingdom,2025-03-18,93.0,0.93
V0894,Last Kingdom,2025-09-16,75.0,0.75
V1715,Last Kingdom,2025-03-08,66.0,0.66
V1012,Last Kingdom,2025-01-20,90.0,0.9
V1396,Last Kingdom,2025-09-26,50.0,0.5
V1398,Last Kingdom,2025-11-17,90.0,0.9
V1425,Last Kingdom,2025-05-18,94.0,0.94
V1778,Last Kingdom,2025-07-04,88.0,0.88
V1491,Last Kingdom,2025-11-14,67.0,0.67
V0079,Last Kingdom,2025-01-16,84.0,0.84
V1843,Last Kingdom,2025-10-05,59.0,0.59
V1746,Last Kingdom,2025-07-11,63.0,0.63
V1073,Last Kingdom,2025-07-21,73.0,0.73
V0288,Last Kingdom,2025-06-30,91.0,0.91
V0381,Last Kingdom,2025-11-23,62.0,0.62
V1400,Last Kingdom,2025-09-30,87.0,0.87
V1617,Last Kingdom,2025-07-20,92.0,0.92
V1927,Last Kingdom,2025-04-10,77.0,0.77
V1173,Last Kingdom,2025-02-22,67.0,0.67
V0164,Last Kingdom,2025-12-17,84.0,0.84
V1092,Last Kingdom,2025-06-22,86.0,0.86
V1872,Echo Valley,2025-06-25,69.0,0.69
V0352,Echo Valley,2025-07-26,97.0,0.97
V1423,Echo Valley,2025-04-24,67.0,0.67
V1406,Echo Valley,2025-07-09,55.0,0.55
V1925,Echo Valley,2025-09-16,55.0,0.55
V0757,Echo Valley,2025-07-07,51.0,0.51
V1063,Echo Valley,2025-05-15,98.0,0.98
V1145,Echo Valley,2025-06-16,51.0,0.51
V0999,Echo Valley,2025-12-15,64.0,0.64
V0016,Echo Valley,2025-04-10,65.0,0.65
V1798,Echo Valley,2025-12-12,95.0,0.95
V0153,Echo Valley,2025-02-27,96.0,0.96
V0338,Echo Valley,2025-01-25,60.0,0.6
V0684,Echo Valley,2025-10-25,62.0,0.62
V0177,Echo Valley,2025-07-06,61.0,0.61
V0667,Echo Valley,2025-05-31,73.0,0.73
V0672,Echo Valley,2025-04-14,55.0,0.55
V0750,Echo Valley,2025-11-14,94.0,0.94
V0975,Echo Valley,2025-09-26,55.0,0.55
V0917,Echo Valley,2025-06-12,52.0,0.52
V0545,Echo Valley,2025-03-18,85.0,0.85
V0224,Echo Valley,2025-05-26,98.0,0.98
V0073,Echo Valley,2025-07-01,59.0,0.59
V1084,Echo Valley,2025-03-04,85.0,0.85
V1150,Echo Valley,2025-01-31,80.0,0.8
V1552,Echo Valley,2025-09-02,50.0,0.5
V0482,Echo Valley,2025-09-21,76.0,0.76
V0714,Echo Valley,2025-07-25,58.0,0.58
V0678,Echo Valley,2025-10-13,90.0,0.9
V0877,Echo Valley,2025-08-02,53.0,0.53
V1583,Echo Valley,2025-10-26,75.0,0.75
V0922,Echo Valley,2025-10-03,72.0,0.72
V0344,Echo Valley,2025-03-12,75.0,0.75
V0691,Echo Valley,2025-12-09,64.0,0.64
V1501,Echo Valley,2025-10-29,71.0,0.71
V1776,Echo Valley,2025-06-12,89.0,0.89
V0590,Echo Valley,2025-04-02,75.0,0.75
V1259,Echo Valley,2025-03-02,98.0,0.98
V0877,Echo Valley,2025-06-20,51.0,0.51
V0013,Echo Valley,2025-01-21,52.0,0.52
V0763,Echo Valley,2025-11-24,61.0,0.61
V0476,Echo Valley,2025-02-07,98.0,0.98
V1797,Echo Valley,2025-03-01,90.0,0.9
V0142,Echo Valley,2025-04-17,50.0,0.5
V0070,Echo Valley,2025-09-25,60.0,0.6
V1138,Echo Valley,2025-04-04,84.0,0.84
V0583,Echo Valley,2025-09-24,76.0,0.76
V1202,Echo Valley,2025-11-14,100.0,1.0
V1024,Echo Valley,2025-12-20,100.0,1.0
V0920,Echo Valley,2025-11-23,89.0,0.89
V0600,Echo Valley,2025-11-26,71.0,0.71
V0266,Echo Valley,2025-07-07,92.0,0.92
V1442,Echo Valley,2025-03-27,96.0,0.96
V1945,Echo Valley,2025-02-05,76.0,0.76
V0355,Echo Valley,2025-12-29,77.0,0.77
V1510,Echo Valley,2025-03-10,60.0,0.6
V0410,Echo Valley,2025-11-07,57.0,0.57
V0015,Echo Valley,2025-11-17,65.0,0.65
V0773,Echo Valley,2025-01-05,94.0,0.94
V0851,Echo Valley,2025-05-15,74.0,0.74
V1133,Echo Valley,2025-08-26,67.0,0.67
V1571,Echo Valley,2025-08-30,70.0,0.7
V1363,Echo Valley,2025-08-22,59.0,0.59
V0717,Echo Valley,2025-09-03,73.0,0.73
V1994,Echo Valley,2025-07-05,78.0,0.78
V0278,Echo Valley,2025-07-14,58.0,0.58
V0067,Echo Valley,2025-06-16,57.0,0.57
V1673,Echo Valley,2025-12-09,87.0,0.87
V1347,Echo Valley,2025-10-11,62.0,0.62
V0109,Echo Valley,2025-10-09,93.0,0.93
V1967,Echo Valley,2025-03-03,82.0,0.82
V0937,Echo Valley,2025-12-18,61.0,0.61
V1469,Echo Valley,2025-04-22,96.0,0.96
V1980,Echo Valley,2025-04-06,98.0,0.98
V0668,Echo Valley,2025-04-04,59.0,0.59
V1161,Echo Valley,2025-11-11,61.0,0.61
V0351,Echo Valley,2025-02-21,87.0,0.87
V1347,Echo Valley,2025-10-27,54.0,0.54
V1133,Echo Valley,2025-10-09,57.0,0.57
V0666,Echo Valley,2025-12-01,68.0,0.68
V1617,Echo Valley,2025-10-23,93.0,0.93
V0656,Echo Valley,2025-10-12,97.0,0.97
V0251,Echo Valley,2025-09-08,86.0,0.86
V1524,Echo Valley,2025-09-10,61.0,0.61
V0594,Echo Valley,2025-05-07,97.0,0.97
V0535,Echo Valley,2025-05-10,79.0,0.79
V1021,Echo Valley,2025-11-09,86.0,0.86
V1830,Echo Valley,2025-08-17,80.0,0.8
V1193,Echo Valley,2025-08-13,50.0,0.5
V0902,Echo Valley,2025-02-05,58.0,0.58
V1366,Echo Valley,2025-11-02,73.0,0.73
V1020,Echo Valley,2025-02-27,61.0,0.61
V1675,Echo Valley,2025-06-17,57.0,0.57
V1938,Echo Valley,2025-09-23,62.0,0.62
V1664,Echo Valley,2025-12-12,88.0,0.88
V1625,Echo Valley,2025-07-06,70.0,0.7
V1768,Echo Valley,2025-01-28,77.0,0.77
V1810,Echo Valley,2025-01-23,63.0,0.63
V1243,Echo Valley,2025-12-18,94.0,0.94
V1037,Echo Valley,2025-10-19,72.0,0.72
V1420,Echo Valley,2025-12-27,94.0,0.94
V0732,Echo Valley,2025-04-05,62.0,0.62
V0125,Neon Nights,2025-01-21,60.0,0.6
V0619,Neon Nights,2025-05-01,96.0,0.96
V1669,Neon Nights,2025-10-21,93.0,0.93
V0225,Neon Nights,2025-08-24,53.0,0.53
V0334,Neon Nights,2025-04-18,94.0,0.94
V1902,Neon Nights,2025-02-17,51.0,0.51
V1183,Neon Nights,2025-03-27,89.0,0.89
V1202,Neon Nights,2025-06-28,83.0,0.83
V0408,Neon Nights,2025-09-02,64.0,0.64
V1048,Neon Nights,2025-04-09,53.0,0.53
V1868,Neon Nights,2025-01-03,79.0,0.79
V0170,Neon Nights,2025-04-18,84.0,0.84
V1247,Neon Nights,2025-02-28,57.0,0.57
V0310,Neon Nights,2025-03-19,56.0,0.56
V1776,Neon Nights,2025-12-18,96.0,0.96
V0840,Neon Nights,2025-08-27,88.0,0.88
V0236,Neon Nights,2025-11-07,89.0,0.89
V0238,Neon Nights,2025-02-27,69.0,0.69
V1871,Neon Nights,2025-04-03,52.0,0.52
V0066,Neon Nights,2025-08-17,57.0,0.57
V1521,Neon Nights,2025-09-28,88.0,0.88
V0406,Neon Nights,2025-11-15,87.0,0.87
V0602,Neon Nights,2025-10-20,60.0,0.6
V0427,Neon Nights,2025-10-02,51.0,0.51
V1333,Neon Nights,2025-12-07,91.0,0.91
V0213,Neon Nights,2025-03-18,88.0,0.88
V0206,Neon Nights,2025-02-16,64.0,0.64
V1399,Neon Nights,2025-07-22,81.0,0.81
V0691,Neon Nights,2025-01-05,79.0,0.79
V0276,Neon Nights,2025-03-18,80.0,0.8
V0036,Neon Nights,2025-10-30,60.0,0.6
V1982,Neon Nights,2025-06-29,86.0,0.86
V0136,Neon Nights,2025-12-02,50.0,0.5
V1466,Neon Nights,2025-12-08,78.0,0.78
V1596,Neon Nights,2025-12-22,79.0,0.79
V1590,Neon Nights,2025-02-19,61.0,0.61
V0291,Neon Nights,2025-05-22,60.0,0.6
V1126,Neon Nights,2025-06-17,77.0,0.77
V1562,Neon Nights,2025-03-08,61.0,0.61
V1929,Neon Nights,2025-02-08,94.0,0.94
V0053,Neon Nights,2025-03-14,100.0,1.0
V0866,Neon Nights,2025-03-05,68.0,0.68
V0473,Neon Nights,2025-10-13,75.0,0.75
V1227,Neon Nights,2025-11-14,53.0,0.53
V1975,Neon Nights,2025-02-13,72.0,0.72
V0046,Neon Nights,2025-07-31,61.0,0.61
V0577,Neon Nights,2025-09-29,83.0,0.83
V0702,Neon Nights,2025-06-13,63.0,0.63
V1696,Neon Nights,2025-12-17,82.0,0.82
V1437,Neon Nights,2025-12-30,93.0,0.93
V0121,Neon Nights,2025-03-05,51.0,0.51
V1854,Neon Nights,2025-07-27,98.0,0.98
V1574,Neon Nights,2025-11-24,73.0,0.73
V1612,Neon Nights,2025-06-07,81.0,0.81
V1209,Neon Nights,2025-12-13,89.0,0.89
V0584,Neon Nights,2025-08-06,92.0,0.92
V0515,Neon Nights,2025-09-03,92.0,0.92
V1660,Neon Nights,2025-05-09,73.0,0.73
V0091,Neon Nights,2025-10-12,53.0,0.53
V1605,Neon Nights,2025-09-21,56.0,0.56
V1651,Neon Nights,2025-07-31,78.0,0.78
V0817,Neon Nights,2025-05-22,88.0,0.88
V0332,Neon Nights,2025-08-05,76.0,0.76
V1059,Neon Nights,2025-02-19,91.0,0.91
V0918,Neon Nights,2025-02-24,57.0,0.57
V1475,Neon Nights,2025-02-25,99.0,0.99
V0950,Neon Nights,2025-02-13,60.0,0.6
V0928,Neon Nights,2025-02-22,62.0,0.62
V0470,Neon Nights,2025-06-20,54.0,0.54
V1783,Neon Nights,2025-05-28,68.0,0.68
V0565,Neon Nights,2025-09-09,65.0,0.65
V0359,Neon Nights,2025-02-28,85.0,0.85
V1158,Neon Nights,2025-08-11,59.0,0.59
V1082,Neon Nights,2025-12-13,68.0,0.68
V0880,Neon Nights,2025-11-02,63.0,0.63
V0247,Neon Nights,2025-10-15,50.0,0.5
V1375,Neon Nights,2025-04-13,80.0,0.8
V1659,Neon Nights,2025-08-14,96.0,0.96
V1822,Neon Nights,2025-07-21,72.0,0.72
V0724,Neon Nights,2025-10-27,53.0,0.53
V0284,Neon Nights,2025-12-25,93.0,0.93
V0118,Neon Nights,2025-05-17,70.0,0.7
V0637,Neon Nights,2025-06-19,81.0,0.81
V0139,Neon Nights,2025-03-01,53.0,0.53
V1366,Neon Nights,2025-08-28,56.0,0.56
V0041,Neon Nights,2025-12-02,63.0,0.63
V1574,Neon Nights,2025-10-10,53.0,0.53
V1551,Neon Nights,2025-12-25,93.0,0.93
V0553,Neon Nights,2025-10-21,50.0,0.5
V1450,Neon Nights,2025-02-03,66.0,0.66
V0524,Neon Nights,2025-11-09,80.0,0.8
V1208,Neon Nights,2025-06-02,82.0,0.82
V1018,Neon Nights,2025-07-22,89.0,0.89
V1010,Neon Nights,2025-11-24,61.0,0.61
V0949,Neon Nights,2025-10-30,72.0,0.72
V0850,Neon Nights,2025-07-15,80.0,0.8
V0210,Neon Nights,2025-07-30,95.0,0.95
V0305,Neon Nights,2025-04-21,74.0,0.74
V0994,Neon Nights,2025-09-03,79.0,0.79
V1702,Neon Nights,2025-03-31,88.0,0.88
V0432,Neon Nights,2025-12-19,98.0,0.98
V1219,Neon Nights,2025-05-29,79.0,0.79
V1251,Neon Nights,2025-08-17,90.0,0.9
V1685,Neon Nights,2025-05-16,58.0,0.58
V1958,Neon Nights,2025-12-05,57.0,0.57
V0105,Neon Nights,2025-09-21,73.0,0.73
V1730,Neon Nights,2025-03-29,55.0,0.55
V1723,Neon Nights,2025-03-23,83.0,0.83
V1292,Neon Nights,2025-12-05,81.0,0.81
V1907,Neon Nights,2025-10-07,97.0,0.97
V0482,Neon Nights,2025-07-09,84.0,0.84
V1171,Neon Nights,2025-09-20,80.0,0.8
V1598,Neon Nights,2025-10-27,72.0,0.72
V0230,Neon Nights,2025-02-12,99.0,0.99
V1497,Neon Nights,2025-10-03,75.0,0.75
V0594,Neon Nights,2025-12-05,75.0,0.75
V1744,Neon Nights,2025-02-06,99.0,0.99
V1832,Neon Nights,2025-05-14,65.0,0.65
V1553,Neon Nights,2025-03-03,73.0,0.73
V0730,Neon Nights,2025-09-25,76.0,0.76
V1170,Neon Nights,2025-08-14,99.0,0.99
V1910,Neon Nights,2025-01-06,77.0,0.77
V0053,Neon Nights,2025-05-13,77.0,0.77
V0656,Neon Nights,2025-08-31,83.0,0.83
V0369,Neon Nights,2025-04-07,69.0,0.69
V1220,Neon Nights,2025-07-26,55.0,0.55
V0173,Neon Nights,2025-03-22,76.0,0.76
V1674,Neon Nights,2025-10-30,64.0,0.64
V1374,Neon Nights,2025-08-05,78.0,0.78
V0949,Neon Nights,2025-07-20,79.0,0.79
V1906,Neon Nights,2025-09-02,83.0,0.83
V0089,Neon Nights,2025-10-29,68.0,0.68
V0530,Neon Nights,2025-02-15,90.0,0.9
V0727,Neon Nights,2025-08-07,52.0,0.52
V1316,Neon Nights,2025-05-08,59.0,0.59
V1831,Neon Nights,2025-12-20,78.0,0.78
V1481,Neon Nights,2025-07-13,68.0,0.68
V0943,Neon Nights,2025-10-25,90.0,0.9
V1373,Neon Nights,2025-11-25,70.0,0.7
V0093,Neon Nights,2025-11-06,96.0,0.96
V0580,Neon Nights,2025-11-09,69.0,0.69
V1476,Neon Nights,2025-05-16,97.0,0.97
V0545,Neon Nights,2025-08-20,76.0,0.76
V0910,Neon Nights,2025-01-06,58.0,0.58
V0791,Neon Nights,2025-03-14,58.0,0.58
V1188,Neon Nights,2025-05-05,91.0,0.91
V1112,Neon Nights,2025-10-07,56.0,0.56
V1176,Neon Nights,2025-04-24,63.0,0.63
V1427,Neon Nights,2025-09-14,61.0,0.61
V0893,Neon Nights,2025-03-12,99.0,0.99
V0310,Neon Nights,2025-09-27,72.0,0.72
V0871,Neon Nights,2025-01-12,81.0,0.81
V0615,Neon Nights,2025-02-07,61.0,0.61
V1202,Neon Nights,2025-05-08,68.0,0.68
V1229,Neon Nights,2025-11-24,91.0,0.91
V1789,Neon Nights,2025-04-15,86.0,0.86
V0437,Neon Nights,2025-09-01,86.0,0.86
V0700,Neon Nights,2025-04-06,99.0,0.99
V0522,Neon Nights,2025-06-14,78.0,0.78
V0681,Neon Nights,2025-12-25,51.0,0.51
V1857,Neon Nights,2025-05-23,88.0,0.88
V0537,Neon Nights,2025-03-05,81.0,0.81
V1332,Neon Nights,2025-01-17,94.0,0.94
V0561,Neon Nights,2025-01-15,89.0,0.89
V1731,Neon Nights,2025-02-02,74.0,0.74
V1837,Neon Nights,2025-02-03,89.0,0.89
V0530,Neon Nights,2025-11-01,77.0,0.77
V1292,Neon Nights,2025-01-22,77.0,0.77
V1494,Neon Nights,2025-01-02,93.0,0.93
V1129,Neon Nights,2025-03-16,55.0,0.55
V0555,Neon Nights,2025-07-31,76.0,0.76
V1613,Neon Nights,2025-04-26,92.0,0.92
V1883,Neon Nights,2025-07-21,81.0,0.81
V1119,Neon Nights,2025-08-05,81.0,0.81
V1649,Neon Nights,2025-05-08,85.0,0.85
V1427,Neon Nights,2025-11-13,77.0,0.77
V1038,Neon Nights,2025-07-15,78.0,0.78
V1776,Neon Nights,2025-02-16,66.0,0.66
V0643,Neon Nights,2025-12-04,52.0,0.52
V0277,Neon Nights,2025-11-03,84.0,0.84
V1408,Neon Nights,2025-09-02,100.0,1.0
V1903,Neon Nights,2025-07-15,94.0,0.94
V0233,Neon Nights,2025-02-06,74.0,0.74
V1492,Neon Nights,2025-02-01,61.0,0.61
V1542,Neon Nights,2025-10-12,90.0,0.9
V0644,Neon Nights,2025-05-08,71.0,0.71
V0258,Neon Nights,2025-02-21,76.0,0.76
V0763,Neon Nights,2025-11-03,53.0,0.53
V0101,Neon Nights,2025-01-13,80.0,0.8
V0617,Neon Nights,2025-03-11,65.0,0.65
V0513,Neon Nights,2025-04-02,52.0,0.52
V0769,Neon Nights,2025-12-16,93.0,0.93
V1517,Neon Nights,2025-10-13,81.0,0.81
V0841,Neon Nights,2025-01-26,66.0,0.66
V0332,Neon Nights,2025-01-08,91.0,0.91
V0645,Neon Nights,2025-08-05,93.0,0.93
V0908,Neon Nights,2025-06-24,77.0,0.77
V0923,Neon Nights,2025-06-07,88.0,0.88
V1601,Harbor Lights,2025-09-17,90.0,0.9
V0268,Harbor Lights,2025-05-05,93.0,0.93
V1637,Harbor Lights,2025-07-27,94.0,0.94
V1750,Harbor Lights,2025-11-21,59.0,0.59
V1435,Harbor Lights,2025-05-29,53.0,0.53
V0685,Harbor Lights,2025-11-06,80.0,0.8
V0110,Harbor Lights,2025-01-05,85.0,0.85
V0329,Harbor Lights,2025-04-06,56.0,0.56
V0371,Harbor Lights,2025-08-20,71.0,0.71
V1422,Harbor Lights,2025-12-03,74.0,0.74
V1565,Harbor Lights,2025-06-11,81.0,0.81
V0213,Harbor Lights,2025-02-10,59.0,0.59
V0205,Harbor Lights,2025-02-17,69.0,0.69
V1031,Harbor Lights,2025-05-09,77.0,0.77
V0796,Harbor Lights,2025-01-31,50.0,0.5
V1100,Harbor Lights,2025-01-08,55.0,0.55
V0812,Harbor Lights,2025-09-04,86.0,0.86
V0262,Harbor Lights,2025-04-11,94.0,0.94
V1220,Harbor Lights,2025-07-03,72.0,0.72
V0028,Harbor Lights,2025-05-20,72.0,0.72
V0837,Harbor Lights,2025-05-15,93.0,0.93
V0871,Harbor Lights,2025-02-08,57.0,0.57
V0338,Harbor Lights,2025-01-28,60.0,0.6
V1507,Harbor Lights,2025-09-03,67.0,0.67
V1427,Harbor Lights,2025-10-29,86.0,0.86
V1091,Harbor Lights,2025-01-25,73.0,0.73
V1678,Harbor Lights,2025-11-22,58.0,0.58
V1942,Harbor Lights,2025-09-21,59.0,0.59
V1376,Harbor Lights,2025-10-13,85.0,0.85
V0665,Harbor Lights,2025-05-10,68.0,0.68
V1946,Harbor Lights,2025-05-18,52.0,0.52
V0880,Harbor Lights,2025-05-11,65.0,0.65
V1336,Harbor Lights,2025-08-28,67.0,0.67
V0404,Harbor Lights,2025-02-09,56.0,0.56
V0316,Harbor Lights,2025-08-18,64.0,0.64
V1568,Harbor Lights,2025-09-09,84.0,0.84
V1671,Harbor Lights,2025-02-13,73.0,0.73
V0816,Harbor Lights,2025-04-16,62.0,0.62
V1314,Harbor Lights,2025-12-14,87.0,0.87
V0063,Harbor Lights,2025-04-09,93.0,0.93
V0778,Harbor Lights,2025-12-17,58.0,0.58
V0973,Harbor Lights,2025-07-01,86.0,0.86
V0125,Harbor Lights,2025-02-04,80.0,0.8
V0506,Harbor Lights,2025-01-22,63.0,0.63
V0399,Harbor Lights,2025-01-17,69.0,0.69
V0471,Harbor Lights,2025-06-16,86.0,0.86
V0297,Harbor Lights,2025-05-17,81.0,0.81
V1737,Harbor Lights,2025-04-28,94.0,0.94
V1757,Harbor Lights,2025-12-25,89.0,0.89
V1055,Harbor Lights,2025-02-05,86.0,0.86
V0972,Harbor Lights,2025-09-16,64.0,0.64
V1726,Harbor Lights,2025-08-06,67.0,0.67
V0521,Harbor Lights,2025-05-11,96.0,0.96
V0536,Harbor Lights,2025-05-15,71.0,0.71
V0431,Harbor Lights,2025-10-01,94.0,0.94
V0974,Harbor Lights,2025-11-05,81.0,0.81
V1607,Harbor Lights,2025-10-10,55.0,0.55
V1334,Harbor Lights,2025-12-09,66.0,0.66
V0253,Harbor Lights,2025-03-17,77.0,0.77
V1050,Harbor Lights,2025-12-05,63.0,0.63
V0791,Harbor Lights,2025-11-15,78.0,0.78
V1201,Harbor Lights,2025-09-28,76.0,0.76
V1817,Harbor Lights,2025-12-20,80.0,0.8
V0645,Harbor Lights,2025-09-04,79.0,0.79
V0982,Harbor Lights,2025-02-23,64.0,0.64
V0282,Harbor Lights,2025-05-10,69.0,0.69
V0184,Harbor Lights,2025-11-03,77.0,0.77
V1456,Harbor Lights,2025-05-10,59.0,0.59
V0418,Harbor Lights,2025-10-13,82.0,0.82
V0334,Harbor Lights,2025-09-24,62.0,0.62
V0212,Harbor Lights,2025-03-19,99.0,0.99
V1351,Harbor Lights,2025-10-09,75.0,0.75
V1674,Harbor Lights,2025-03-22,97.0,0.97
V0354,Harbor Lights,2025-09-22,93.0,0.93
V1458,Harbor Lights,2025-10-23,78.0,0.78
V0299,Harbor Lights,2025-03-04,52.0,0.52
V0380,Harbor Lights,2025-04-28,59.0,0.59
V0130,Harbor Lights,2025-12-21,76.0,0.76
V0778,Harbor Lights,2025-02-28,52.0,0.52
V1723,Harbor Lights,2025-11-20,80.0,0.8
V1884,Harbor Lights,2025-12-13,74.0,0.74
V0023,Harbor Lights,2025-10-08,54.0,0.54
V0764,Harbor Lights,2025-07-16,90.0,0.9
V1879,Harbor Lights,2025-05-01,95.0,0.95
V0654,Harbor Lights,2025-11-29,62.0,0.62
V1208,Harbor Lights,2025-09-19,88.0,0.88
V0566,Harbor Lights,2025-08-04,89.0,0.89
V1128,Harbor Lights,2025-11-25,57.0,0.57
V0837,Harbor Lights,2025-10-29,66.0,0.66
V0201,Harbor Lights,2025-01-18,50.0,0.5
V0035,Harbor Lights,2025-08-23,92.0,0.92
V0374,Harbor Lights,2025-01-02,69.0,0.69
V1933,Harbor Lights,2025-06-18,98.0,0.98
V0897,Harbor Lights,2025-02-08,67.0,0.67
V0095,Harbor Lights,2025-08-12,72.0,0.72
V0799,Harbor Lights,2025-08-05,63.0,0.63
V1854,Harbor Lights,2025-11-28,70.0,0.7
V1777,Harbor Lights,2025-02-14,85.0,0.85
V1827,Harbor Lights,2025-04-26,99.0,0.99
V0916,Harbor Lights,2025-10-05,66.0,0.66
V1676,Harbor Lights,2025-10-30,63.0,0.63
V0086,Harbor Lights,2025-09-25,81.0,0.81
V1151,Harbor Lights,2025-04-10,71.0,0.71
V0603,Harbor Lights,2025-10-11,57.0,0.57
V1157,The Final Frontier,2025-11-15,70.0,0.7
V0941,The Final Frontier,2025-01-08,76.0,0.76
V1143,The Final Frontier,2025-10-12,76.0,0.76
V0243,The Final Frontier,2025-08-30,76.0,0.76
V1313,The Final Frontier,2025-09-06,89.0,0.89
V0063,The Final Frontier,2025-07-09,90.0,0.9
V0744,The Final Frontier,2025-08-21,92.0,0.92
V1837,The Final Frontier,2025-07-13,51.0,0.51
V0260,The Final Frontier,2025-01-12,97.0,0.97
V1805,The Final Frontier,2025-12-26,88.0,0.88
V1740,The Final Frontier,2025-11-20,76.0,0.76
V1788,The Final Frontier,2025-04-06,69.0,0.69
V0162,The Final Frontier,2025-10-11,93.0,0.93
V1838,The Final Frontier,2025-10-20,68.0,0.68
V0150,The Final Frontier,2025-08-25,68.0,0.68
V1990,The Final Frontier,2025-03-02,73.0,0.73
V1447,The Final Frontier,2025-02-16,84.0,0.84
V0608,The Final Frontier,2025-07-17,80.0,0.8
V0198,The Final Frontier,2025-10-05,84.0,0.84
V1130,The Final Frontier,2025-03-16,64.0,0.64
V1213,The Final Frontier,2025-07-26,97.0,0.97
V0363,The Final Frontier,2025-03-25,57.0,0.57
V0685,The Final Frontier,2025-09-20,79.0,0.79
V1662,The Final Frontier,2025-12-29,94.0,0.94
V0542,The Final Frontier,2025-07-07,63.0,0.63
V1687,The Final Frontier,2025-10-11,67.0,0.67
V0996,The Final Frontier,2025-01-24,66.0,0.66
V0259,The Final Frontier,2025-01-02,92.0,0.92
V1730,The Final Frontier,2025-07-07,75.0,0.75
V1177,The Final Frontier,2025-01-10,97.0,0.97
V1295,The Final Frontier,2025-07-24,61.0,0.61
V0701,The Final Frontier,2025-07-29,64.0,0.64
V0352,The Final Frontier,2025-04-19,91.0,0.91
V1771,The Final Frontier,2025-08-29,100.0,1.0
V1884,The Final Frontier,2025-10-14,81.0,0.81
V1814,The Final Frontier,2025-05-24,50.0,0.5
V1066,The Final Frontier,2025-11-30,97.0,0.97
V0375,The Final Frontier,2025-03-24,84.0,0.84
V0493,The Final Frontier,2025-02-16,57.0,0.57
V0798,The Final Frontier,2025-10-05,96.0,0.96
V0765,The Final Frontier,2025-01-04,74.0,0.74
V0720,The Final Frontier,2025-10-15,82.0,0.82
V0121,The Final Frontier,2025-02-16,56.0,0.56
V0003,The Final Frontier,2025-11-09,59.0,0.59
V1654,The Final Frontier,2025-02-25,99.0,0.99
V0646,The Final Frontier,2025-04-06,71.0,0.71
V0090,The Final Frontier,2025-07-05,61.0,0.61
V1626,The Final Frontier,2025-08-14,53.0,0.53
V0409,The Final Frontier,2025-01-23,52.0,0.52
V0882,The Final Frontier,2025-10-31,66.0,0.66
V1960,The Final Frontier,2025-09-05,63.0,0.63
V1339,The Final Frontier,2025-02-14,94.0,0.94
V0640,The Final Frontier,2025-10-15,86.0,0.86
V0465,The Final Frontier,2025-11-27,57.0,0.57
V0960,The Final Frontier,2025-07-31,80.0,0.8
V1772,The Final Frontier,2025-07-31,67.0,0.67
V0572,The Final Frontier,2025-08-30,88.0,0.88
V1501,The Final Frontier,2025-02-15,98.0,0.98
V1055,The Final Frontier,2025-03-14,99.0,0.99
V0637,The Final Frontier,2025-10-03,54.0,0.54
V1486,The Final Frontier,2025-02-06,52.0,0.52
V0315,The Final Frontier,2025-06-30,89.0,0.89
V0826,The Final Frontier,2025-04-24,84.0,0.84
V1828,The Final Frontier,2025-06-01,61.0,0.61
V1620,The Final Frontier,2025-07-04,72.0,0.72
V1805,The Final Frontier,2025-05-04,67.0,0.67
V0862,The Final Frontier,2025-09-29,53.0,0.53
V1118,The Final Frontier,2025-08-11,52.0,0.52
V0397,The Final Frontier,2025-10-29,77.0,0.77
V0515,The Final Frontier,2025-06-03,97.0,0.97
V1121,The Final Frontier,2025-06-05,98.0,0.98
V0467,The Final Frontier,2025-07-15,96.0,0.96
V1292,The Final Frontier,2025-06-02,70.0,0.7
V0098,The Final Frontier,2025-06-19,67.0,0.67
V0910,The Final Frontier,2025-05-22,85.0,0.85
V0920,The Final Frontier,2025-11-14,67.0,0.67
V1968,The Final Frontier,2025-07-23,58.0,0.58
V1494,The Final Frontier,2025-01-05,80.0,0.8
V0683,The Final Frontier,2025-06-16,55.0,0.55
V1434,The Final Frontier,2025-06-08,87.0,0.87
V1229,The Final Frontier,2025-02-22,94.0,0.94
V0171,The Final Frontier,2025-02-21,73.0,0.73
V0795,The Final Frontier,2025-02-18,80.0,0.8
V0292,The Final Frontier,2025-06-18,90.0,0.9
V0912,The Final Frontier,2025-12-16,69.0,0.69
V0363,The Final Frontier,2025-03-28,82.0,0.82
V1272,The Final Frontier,2025-07-09,96.0,0.96
V1884,The Final Frontier,2025-05-18,85.0,0.85
V0363,The Final Frontier,2025-01-01,95.0,0.95
V0374,The Final Frontier,2025-08-13,95.0,0.95
V1844,The Final Frontier,2025-10-17,68.0,0.68
V0022,The Final Frontier,2025-03-22,93.0,0.93
V1433,The Final Frontier,2025-01-26,54.0,0.54
V0440,The Final Frontier,2025-04-04,95.0,0.95
V1635,The Final Frontier,2025-12-02,84.0,0.84
V0902,The Final Frontier,2025-11-21,95.0,0.95
V0898,The Final Frontier,2025-05-25,52.0,0.52
V0205,The Final Frontier,2025-08-15,85.0,0.85
V0950,The Final Frontier,2025-11-01,78.0,0.78
V1451,The Final Frontier,2025-10-30,84.0,0.84
V1871,The Final Frontier,2025-04-29,83.0,0.83
V0099,The Final Frontier,2025-01-05,99.0,0.99
V1388,The Final Frontier,2025-11-15,61.0,0.61
V1478,The Final Frontier,2025-01-07,60.0,0.6
V0243,The Final Frontier,2025-01-02,64.0,0.64
V0065,The Final Frontier,2025-04-20,71.0,0.71
V1431,The Final Frontier,2025-05-26,53.0,0.53
V1284,The Final Frontier,2025-11-11,95.0,0.95
V1340,The Final Frontier,2025-06-22,94.0,0.94
V0357,The Final Frontier,2025-10-07,68.0,0.68
V0499,The Final Frontier,2025-07-11,84.0,0.84
V0094,The Final Frontier,2025-07-05,69.0,0.69
V0835,The Final Frontier,2025-09-07,78.0,0.78
V1320,The Final Frontier,2025-01-10,70.0,0.7
V1872,The Final Frontier,2025-10-08,53.0,0.53
V1469,The Final Frontier,2025-08-13,74.0,0.74
V1425,The Final Frontier,2025-05-04,100.0,1.0
V1423,The Final Frontier,2025-12-15,56.0,0.56
V0447,The Final Frontier,2025-12-06,60.0,0.6
V0629,The Final Frontier,2025-10-25,85.0,0.85
V1766,The Final Frontier,2025-04-26,51.0,0.51
V0939,The Final Frontier,2025-07-13,88.0,0.88
V0685,The Final Frontier,2025-06-17,50.0,0.5
V0713,The Final Frontier,2025-01-06,54.0,0.54
V0778,The Final Frontier,2025-06-10,63.0,0.63
V0377,The Final Frontier,2025-05-27,55.0,0.55
V0377,The Final Frontier,2025-10-26,53.0,0.53
V1940,The Final Frontier,2025-10-21,85.0,0.85
V1617,The Final Frontier,2025-04-24,65.0,0.65
V0143,The Final Frontier,2025-01-08,87.0,0.87
V0082,The Final Frontier,2025-11-26,95.0,0.95
V1387,The Final Frontier,2025-01-24,68.0,0.68
V1566,The Final Frontier,2025-10-04,78.0,0.78
V0519,The Final Frontier,2025-05-05,51.0,0.51
V0239,The Final Frontier,2025-02-15,69.0,0.69
V1628,The Final Frontier,2025-03-11,81.0,0.81
V1836,The Final Frontier,2025-12-14,67.0,0.67
V1868,The Final Frontier,2025-08-22,67.0,0.67
V1153,The Final Frontier,2025-10-12,89.0,0.89
V0663,The Final Frontier,2025-10-17,93.0,0.93
V1216,The Final Frontier,2025-10-31,89.0,0.89
V0810,The Final Frontier,2025-01-24,62.0,0.62
V0859,The Final Frontier,2025-12-10,90.0,0.9
V0018,The Final Frontier,2025-12-22,57.0,0.57
V1067,The Final Frontier,2025-04-06,54.0,0.54
V0949,The Final Frontier,2025-01-13,85.0,0.85
V1859,The Final Frontier,2025-08-16,56.0,0.56
V1725,The Final Frontier,2025-03-24,61.0,0.61
V0013,The Final Frontier,2025-04-03,59.0,0.59
V0345,The Final Frontier,2025-02-20,82.0,0.82
V1353,The Final Frontier,2025-03-29,53.0,0.53
V1075,The Final Frontier,2025-03-05,76.0,0.76
V0009,Mirage City,2025-12-18,68.0,0.68
V0218,Mirage City,2025-02-27,75.0,0.75
V0761,Mirage City,2025-06-20,78.0,0.78
V1206,Mirage City,2025-06-10,78.0,0.78
V1993,Mirage City,2025-08-29,58.0,0.58
V0782,Mirage City,2025-10-12,76.0,0.76
V1537,Mirage City,2025-06-23,96.0,0.96
V1568,Mirage City,2025-12-25,80.0,0.8
V1122,Mirage City,2025-07-12,80.0,0.8
V1861,Mirage City,2025-10-25,74.0,0.74
V1043,Mirage City,2025-05-22,67.0,0.67
V1775,Mirage City,2025-01-28,83.0,0.83
V0283,Mirage City,2025-03-28,86.0,0.86
V0003,Mirage City,2025-01-28,59.0,0.59
V0604,Mirage City,2025-10-02,56.0,0.56
V0469,Mirage City,2025-03-11,83.0,0.83
V0517,Mirage City,2025-02-15,64.0,0.64
V0571,Mirage City,2025-12-02,61.0,0.61
V1535,Mirage City,2025-09-26,87.0,0.87
V1995,Mirage City,2025-07-04,79.0,0.79
V1436,Mirage City,2025-01-06,84.0,0.84
V1505,Mirage City,2025-01-07,56.0,0.56
V0104,Mirage City,2025-05-22,97.0,0.97
V0449,Mirage City,2025-03-09,57.0,0.57
V0736,Mirage City,2025-03-07,85.0,0.85
V0764,Mirage City,2025-04-10,52.0,0.52
V0268,Mirage City,2025-09-15,55.0,0.55
V0097,Mirage City,2025-07-28,63.0,0.63
V1398,Mirage City,2025-01-30,67.0,0.67
V0473,Mirage City,2025-08-14,73.0,0.73
V1850,Mirage City,2025-10-27,55.0,0.55
V0271,Mirage City,2025-02-06,84.0,0.84
V1226,Mirage City,2025-02-15,71.0,0.71
V1405,Mirage City,2025-02-07,73.0,0.73
V1246,Mirage City,2025-01-21,93.0,0.93
V1535,Mirage City,2025-09-29,61.0,0.61
V0060,Mirage City,2025-05-15,62.0,0.62
V1109,Mirage City,2025-05-22,53.0,0.53
V0333,Mirage City,2025-03-19,78.0,0.78
V0416,Mirage City,2025-03-02,71.0,0.71
V0115,Mirage City,2025-07-07,70.0,0.7
V1985,Mirage City,2025-08-02,92.0,0.92
V0944,Mirage City,2025-01-21,69.0,0.69
V1905,Mirage City,2025-03-20,54.0,0.54
V0807,Mirage City,2025-07-05,68.0,0.68
V0588,Mirage City,2025-05-11,65.0,0.65
V1977,Mirage City,2025-08-09,70.0,0.7
V0628,Mirage City,2025-11-06,89.0,0.89
V1163,Mirage City,2025-08-02,67.0,0.67
V1239,Mirage City,2025-07-12,58.0,0.58
V1734,Mirage City,2025-03-28,69.0,0.69
V1709,Mirage City,2025-03-02,54.0,0.54
V0524,Mirage City,2025-04-21,89.0,0.89
V1884,Mirage City,2025-06-25,97.0,0.97
V0657,Mirage City,2025-05-17,84.0,0.84
V1055,Mirage City,2025-09-20,82.0,0.82
V1094,Mirage City,2025-09-10,97.0,0.97
V1408,Mirage City,2025-11-13,55.0,0.55
V0835,Mirage City,2025-03-17,82.0,0.82
V1859,Mirage City,2025-12-31,54.0,0.54
V1399,Mirage City,2025-07-14,63.0,0.63
V0694,Mirage City,2025-05-03,94.0,0.94
V1972,Mirage City,2025-05-25,97.0,0.97
V0383,Mirage City,2025-07-07,83.0,0.83
V0484,Mirage City,2025-04-26,62.0,0.62
V1945,Mirage City,2025-01-18,90.0,0.9
V0162,Mirage City,2025-12-28,92.0,0.92
V1084,Mirage City,2025-09-13,70.0,0.7
V1473,Mirage City,2025-05-17,68.0,0.68
V1491,Mirage City,2025-07-19,96.0,0.96
V0551,Mirage City,2025-09-13,67.0,0.67
V1202,Mirage City,2025-12-31,95.0,0.95
V0550,Mirage City,2025-11-22,67.0,0.67
V1981,Mirage City,2025-05-03,72.0,0.72
V1756,Mirage City,2025-05-19,70.0,0.7
V1218,Mirage City,2025-09-15,69.0,0.69
V0883,Mirage City,2025-04-17,95.0,0.95
V0363,Mirage City,2025-06-25,64.0,0.64
V1429,Mirage City,2025-01-05,79.0,0.79
V1919,Mirage City,2025-11-13,96.0,0.96
V0180,Mirage City,2025-06-24,59.0,0.59
V0293,Mirage City,2025-06-15,89.0,0.89
V0781,Mirage City,2025-07-23,65.0,0.65
V0232,Mirage City,2025-05-03,51.0,0.51
V0566,Mirage City,2025-03-11,62.0,0.62
V1206,Mirage City,2025-03-02,63.0,0.63
V1912,Mirage City,2025-05-27,53.0,0.53
V0543,Mirage City,2025-11-30,77.0,0.77
V1624,Mirage City,2025-03-22,97.0,0.97
V0617,Mirage City,2025-06-12,94.0,0.94
V1659,Mirage City,2025-01-29,73.0,0.73
V1348,Mirage City,2025-08-23,61.0,0.61
V1395,Mirage City,2025-01-10,51.0,0.51
V1497,Mirage City,2025-03-04,75.0,0.75
V0730,Mirage City,2025-03-27,57.0,0.57
V0755,Mirage City,2025-10-09,72.0,0.72
V1141,Mirage City,2025-05-24,66.0,0.66
V1671,Mirage City,2025-12-03,64.0,0.64
V0887,Mirage City,2025-09-16,90.0,0.9
V1729,Mirage City,2025-12-15,83.0,0.83
V0100,Mirage City,2025-02-27,75.0,0.75
V0336,Mirage City,2025-11-28,97.0,0.97
V1417,Mirage City,2025-09-28,71.0,0.71
V1520,Mirage City,2025-03-17,61.0,0.61
V0928,Mirage City,2025-03-09,79.0,0.79
V0664,Mirage City,2025-07-28,59.0,0.59
V0229,Mirage City,2025-05-23,96.0,0.96
V0096,Mirage City,2025-11-19,85.0,0.85
V1667,Mirage City,2025-08-13,97.0,0.97
V1900,Mirage City,2025-07-08,66.0,0.66
V0094,Mirage City,2025-01-19,51.0,0.51
V1754,Mirage City,2025-12-16,59.0,0.59
V0634,Mirage City,2025-04-06,66.0,0.66
V1937,Mirage City,2025-04-10,56.0,0.56
V0617,Mirage City,2025-04-27,98.0,0.98
V0253,Mirage City,2025-04-22,88.0,0.88
V1286,Mirage City,2025-12-22,54.0,0.54
V1861,Mirage City,2025-01-18,60.0,0.6
V1275,Mirage City,2025-06-27,68.0,0.68
V1589,Mirage City,2025-07-20,59.0,0.59
V1231,Mirage City,2025-11-27,59.0,0.59
V1753,Mirage City,2025-09-06,89.0,0.89
V1473,Mirage City,2025-07-11,98.0,0.98
V1830,Mirage City,2025-12-04,84.0,0.84
V0304,Mirage City,2025-03-28,58.0,0.58
V1669,Mirage City,2025-08-15,61.0,0.61
V1831,Mirage City,2025-09-25,80.0,0.8
V0589,Mirage City,2025-07-06,93.0,0.93
V1697,Mirage City,2025-04-24,89.0,0.89
V0465,Mirage City,2025-08-05,71.0,0.71
V1991,Mirage City,2025-01-18,73.0,0.73
V0101,Mirage City,2025-10-10,99.0,0.99
V0384,Mirage City,2025-07-19,80.0,0.8
V0248,Mirage City,2025-09-16,90.0,0.9
V0410,Mirage City,2025-07-15,52.0,0.52
V0256,Mirage City,2025-03-21,70.0,0.7
V1732,Mirage City,2025-10-11,61.0,0.61
V1389,Mirage City,2025-10-14,82.0,0.82
V0184,Mirage City,2025-09-10,83.0,0.83
V0891,Mirage City,2025-12-29,88.0,0.88
V0529,Mirage City,2025-07-26,74.0,0.74
V1544,Mirage City,2025-05-15,57.0,0.57
V1987,Mirage City,2025-04-21,99.0,0.99
V0291,Mirage City,2025-03-24,96.0,0.96
V1300,Mirage City,2025-02-24,88.0,0.88
V0316,Mirage City,2025-06-27,78.0,0.78
V1517,Mirage City,2025-10-17,58.0,0.58
V1404,Mirage City,2025-11-20,93.0,0.93
V1963,Mirage City,2025-07-01,70.0,0.7
V1682,Mirage City,2025-11-13,100.0,1.0
V0762,Mirage City,2025-12-02,52.0,0.52
V1707,Mirage City,2025-11-22,90.0,0.9
V1636,Mirage City,2025-05-06,53.0,0.53
V1089,Mirage City,2025-01-29,64.0,0.64
V1008,Mirage City,2025-05-22,55.0,0.55
V0995,Mirage City,2025-12-09,66.0,0.66
V1946,Mirage City,2025-06-06,89.0,0.89
V0664,Mirage City,2025-03-18,51.0,0.51
V0451,Mirage City,2025-07-17,59.0,0.59
V1042,Mirage City,2025-05-27,83.0,0.83
V1697,Mirage City,2025-08-31,83.0,0.83
V0643,Mirage City,2025-05-22,90.0,0.9
V0653,Mirage City,2025-05-09,78.0,0.78
V1919,Mirage City,2025-11-17,83.0,0.83
V0877,Mirage City,2025-05-18,54.0,0.54
V1881,Mirage City,2025-12-11,67.0,0.67
V0035,Mirage City,2025-10-19,97.0,0.97
V1477,Mirage City,2025-07-12,80.0,0.8
V0658,Mirage City,2025-08-19,77.0,0.77
V0379,Mirage City,2025-01-31,74.0,0.74
V0281,Mirage City,2025-01-10,63.0,0.63
V0325,Mirage City,2025-12-08,51.0,0.51
V1017,Crimson Tide,2025-02-19,57.0,0.57
V0307,Crimson Tide,2025-06-07,54.0,0.54
V0499,Crimson Tide,2025-08-09,95.0,0.95
V0948,Crimson Tide,2025-09-30,78.0,0.78
V0075,Crimson Tide,2025-10-17,98.0,0.98
V0152,Crimson Tide,2025-03-26,71.0,0.71
V0474,Crimson Tide,2025-02-10,90.0,0.9
V0380,Crimson Tide,2025-03-09,72.0,0.72
V1566,Crimson Tide,2025-01-15,73.0,0.73
V1182,Crimson Tide,2025-09-29,77.0,0.77
V1116,Crimson Tide,2025-08-04,68.0,0.68
V1917,Crimson Tide,2025-04-17,97.0,0.97
V1844,Crimson Tide,2025-12-24,85.0,0.85
V1235,Crimson Tide,2025-02-16,81.0,0.81
V0633,Crimson Tide,2025-04-07,52.0,0.52
V1485,Crimson Tide,2025-10-24,82.0,0.82
V0256,Crimson Tide,2025-03-16,52.0,0.52
V0142,Crimson Tide,2025-06-30,92.0,0.92
V0996,Crimson Tide,2025-07-13,64.0,0.64
V1311,Crimson Tide,2025-08-22,90.0,0.9
V0015,Crimson Tide,2025-12-31,52.0,0.52
V1983,Crimson Tide,2025-10-15,73.0,0.73
V1116,Crimson Tide,2025-12-07,88.0,0.88
V0610,Crimson Tide,2025-10-21,72.0,0.72
V0634,Crimson Tide,2025-02-15,71.0,0.71
V1824,Crimson Tide,2025-06-27,71.0,0.71
V0527,Crimson Tide,2025-06-19,52.0,0.52
V0723,Crimson Tide,2025-06-11,85.0,0.85
V0078,Crimson Tide,2025-10-29,87.0,0.87
V1158,Crimson Tide,2025-08-07,81.0,0.81
V0904,Crimson Tide,2025-02-10,55.0,0.55
V1332,Crimson Tide,2025-07-03,57.0,0.57
V0457,Crimson Tide,2025-06-14,60.0,0.6
V1216,Crimson Tide,2025-08-27,86.0,0.86
V0717,Crimson Tide,2025-02-26,58.0,0.58
V0847,Crimson Tide,2025-12-12,60.0,0.6
V0161,Crimson Tide,2025-06-10,81.0,0.81
V1272,Crimson Tide,2025-10-14,92.0,0.92
V1253,Crimson Tide,2025-07-21,67.0,0.67
V1347,Crimson Tide,2025-08-11,62.0,0.62
V1544,Crimson Tide,2025-05-15,94.0,0.94
V0599,Crimson Tide,2025-04-24,65.0,0.65
V0150,Crimson Tide,2025-06-06,81.0,0.81
V1901,Crimson Tide,2025-11-05,79.0,0.79
V0497,Crimson Tide,2025-12-28,97.0,0.97
V1185,Crimson Tide,2025-08-19,64.0,0.64
V0553,Crimson Tide,2025-07-29,63.0,0.63
V1385,Crimson Tide,2025-12-03,85.0,0.85
V0460,Crimson Tide,2025-01-25,80.0,0.8
V0263,Crimson Tide,2025-11-06,86.0,0.86
V0448,Crimson Tide,2025-10-22,83.0,0.83
V1579,Crimson Tide,2025-09-25,79.0,0.79
V0205,Crimson Tide,2025-05-08,58.0,0.58
V1832,Crimson Tide,2025-10-20,72.0,0.72
V0355,Crimson Tide,2025-02-28,93.0,0.93
V0981,Crimson Tide,2025-06-17,65.0,0.65
V0713,Crimson Tide,2025-04-09,64.0,0.64
V0846,Crimson Tide,2025-07-09,67.0,0.67
V0271,Crimson Tide,2025-03-06,52.0,0.52
V0619,Crimson Tide,2025-05-23,78.0,0.78
V0782,Crimson Tide,2025-02-02,57.0,0.57
V1161,Crimson Tide,2025-01-28,91.0,0.91
V1510,Crimson Tide,2025-07-02,55.0,0.55
V0418,Crimson Tide,2025-08-25,67.0,0.67
V0730,Crimson Tide,2025-09-28,85.0,0.85
V0678,Crimson Tide,2025-10-26,67.0,0.67
V0966,Crimson Tide,2025-01-02,78.0,0.78
V1652,Crimson Tide,2025-02-10,96.0,0.96
V1935,Crimson Tide,2025-02-05,63.0,0.63
V0612,Crimson Tide,2025-04-07,63.0,0.63
V0795,Crimson Tide,2025-04-24,54.0,0.54
V1111,Crimson Tide,2025-10-09,69.0,0.69
V0608,Crimson Tide,2025-04-04,60.0,0.6
V1911,Crimson Tide,2025-12-10,87.0,0.87
V0510,Crimson Tide,2025-04-10,66.0,0.66
V0543,Crimson Tide,2025-07-28,60.0,0.6
V0617,Crimson Tide,2025-04-29,83.0,0.83
V0852,Crimson Tide,2025-09-16,87.0,0.87
V1348,Crimson Tide,2025-07-22,89.0,0.89
V0058,Crimson Tide,2025-01-17,78.0,0.78
V1945,Crimson Tide,2025-11-30,66.0,0.66
V0289,Crimson Tide,2025-10-19,93.0,0.93
V1194,Crimson Tide,2025-01-26,58.0,0.58
V0184,Crimson Tide,2025-11-28,83.0,0.83
V1822,Crimson Tide,2025-05-27,53.0,0.53
V0077,Crimson Tide,2025-06-04,60.0,0.6
V0318,Crimson Tide,2025-04-27,77.0,0.77
V0751,Crimson Tide,2025-01-25,58.0,0.58
V1249,Crimson Tide,2025-05-24,71.0,0.71
V0919,Crimson Tide,2025-06-22,86.0,0.86
V1554,Crimson Tide,2025-03-23,60.0,0.6
V0314,Crimson Tide,2025-11-16,90.0,0.9
V0034,Crimson Tide,2025-03-10,67.0,0.67
V0221,Crimson Tide,2025-04-21,60.0,0.6
V0045,Crimson Tide,2025-04-23,60.0,0.6
V0904,Crimson Tide,2025-02-04,87.0,0.87
V1846,Crimson Tide,2025-08-08,89.0,0.89
V1671,Crimson Tide,2025-01-06,72.0,0.72
V1590,Crimson Tide,2025-09-02,80.0,0.8
V1667,Crimson Tide,2025-06-11,62.0,0.62
V0356,Crimson Tide,2025-05-23,82.0,0.82
V0161,Crimson Tide,2025-03-30,96.0,0.96
V1139,Crimson Tide,2025-05-13,91.0,0.91
V0060,Crimson Tide,2025-04-21,64.0,0.64
V1623,Crimson Tide,2025-03-09,52.0,0.52
V0939,Crimson Tide,2025-02-04,97.0,0.97
V1658,Crimson Tide,2025-01-09,55.0,0.55
V1962,Crimson Tide,2025-03-25,83.0,0.83
V0107,Crimson Tide,2025-07-11,53.0,0.53
V1480,Crimson Tide,2025-07-31,96.0,0.96
V1809,Crimson Tide,2025-10-07,73.0,0.73
V0209,Crimson Tide,2025-09-01,82.0,0.82
V0658,Crimson Tide,2025-05-14,71.0,0.71
V1705,Crimson Tide,2025-11-04,97.0,0.97
V0541,Crimson Tide,2025-01-26,69.0,0.69
V0466,Crimson Tide,2025-10-02,94.0,0.94
V1616,Crimson Tide,2025-12-13,73.0,0.73
V1036,Crimson Tide,2025-02-02,59.0,0.59
V0083,Crimson Tide,2025-10-27,89.0,0.89
V0808,Crimson Tide,2025-10-01,64.0,0.64
V1039,Crimson Tide,2025-03-17,97.0,0.97
V1285,Crimson Tide,2025-04-07,73.0,0.73
V0157,Crimson Tide,2025-04-06,55.0,0.55
V0097,Crimson Tide,2025-03-03,77.0,0.77
V0086,Crimson Tide,2025-05-01,85.0,0.85
V1133,Crimson Tide,2025-08-01,90.0,0.9
V0103,Crimson Tide,2025-12-09,96.0,0.96
V0152,Crimson Tide,2025-08-21,93.0,0.93
V0993,Crimson Tide,2025-05-30,85.0,0.85
V1910,Crimson Tide,2025-04-26,80.0,0.8
V1204,Crimson Tide,2025-11-14,81.0,0.81
V0365,Crimson Tide,2025-11-03,66.0,0.66
V1566,Crimson Tide,2025-02-26,75.0,0.75
V0292,Crimson Tide,2025-09-10,97.0,0.97
V0512,Crimson Tide,2025-04-23,78.0,0.78
V0044,Crimson Tide,2025-07-04,93.0,0.93
V0232,Crimson Tide,2025-07-12,59.0,0.59
V1404,Crimson Tide,2025-05-14,80.0,0.8
V1741,Crimson Tide,2025-04-09,95.0,0.95
V0004,Crimson Tide,2025-12-21,77.0,0.77
V2000,Crimson Tide,2025-05-29,65.0,0.65
V1854,Crimson Tide,2025-01-10,65.0,0.65
V1023,Crimson Tide,2025-09-18,80.0,0.8
V0025,Crimson Tide,2025-05-19,73.0,0.73
V0022,Crimson Tide,2025-07-11,81.0,0.81
V1040,Crimson Tide,2025-12-17,67.0,0.67
V1792,Crimson Tide,2025-06-10,59.0,0.59
V1018,Crimson Tide,2025-05-12,81.0,0.81
V0814,Crimson Tide,2025-08-07,82.0,0.82
V1941,Crimson Tide,2025-11-03,87.0,0.87
V0549,Crimson Tide,2025-04-05,73.0,0.73
V0654,Crimson Tide,2025-03-29,58.0,0.58
V0315,Crimson Tide,2025-01-09,71.0,0.71
V0716,Crimson Tide,2025-10-05,54.0,0.54
V0275,Crimson Tide,2025-01-15,83.0,0.83
V1900,Crimson Tide,2025-03-22,58.0,0.58
V0147,Crimson Tide,2025-06-15,96.0,0.96
V1575,Crimson Tide,2025-07-30,61.0,0.61
V0651,Crimson Tide,2025-06-11,88.0,0.88
V0824,Crimson Tide,2025-04-30,72.0,0.72
V1475,Crimson Tide,2025-03-20,82.0,0.82
V1275,Crimson Tide,2025-06-01,83.0,0.83
V0088,Crimson Tide,2025-08-09,69.0,0.69
V1277,Winter's Edge,2025-09-21,51.0,0.51
V0696,Winter's Edge,2025-02-19,60.0,0.6
V0457,Winter's Edge,2025-12-02,77.0,0.77
V0090,Winter's Edge,2025-05-20,79.0,0.79
V0460,Winter's Edge,2025-12-27,93.0,0.93
V1316,Winter's Edge,2025-02-12,59.0,0.59
V1946,Winter's Edge,2025-03-30,89.0,0.89
V0607,Winter's Edge,2025-09-19,83.0,0.83
V1457,Winter's Edge,2025-07-10,77.0,0.77
V1113,Winter's Edge,2025-08-02,77.0,0.77
V0611,Winter's Edge,2025-01-05,55.0,0.55
V1088,Winter's Edge,2025-06-17,63.0,0.63
V0798,Winter's Edge,2025-06-08,99.0,0.99
V1715,Winter's Edge,2025-12-11,50.0,0.5
V0364,Winter's Edge,2025-10-19,96.0,0.96
V1020,Winter's Edge,2025-08-15,82.0,0.82
V1704,Winter's Edge,2025-06-10,76.0,0.76
V1966,Winter's Edge,2025-07-18,82.0,0.82
V1783,Winter's Edge,2025-07-24,87.0,0.87
V0244,Winter's Edge,2025-11-02,72.0,0.72
V0607,Winter's Edge,2025-12-04,59.0,0.59
V1465,Winter's Edge,2025-08-12,90.0,0.9
V0396,Winter's Edge,2025-04-04,51.0,0.51
V0094,Winter's Edge,2025-05-26,58.0,0.58
V0445,Winter's Edge,2025-02-27,64.0,0.64
V1047,Winter's Edge,2025-10-18,89.0,0.89
V0230,Winter's Edge,2025-02-16,74.0,0.74
V0315,Winter's Edge,2025-07-28,79.0,0.79
V1256,Winter's Edge,2025-05-23,79.0,0.79
V1335,Winter's Edge,2025-03-24,76.0,0.76
V1507,Winter's Edge,2025-10-09,51.0,0.51
V0885,Winter's Edge,2025-08-05,70.0,0.7
V1527,Winter's Edge,2025-03-28,85.0,0.85
V0713,Winter's Edge,2025-04-11,87.0,0.87
V0397,Winter's Edge,2025-10-06,70.0,0.7
V0008,Winter's Edge,2025-06-14,82.0,0.82
V0368,Winter's Edge,2025-05-19,62.0,0.62
V0482,Winter's Edge,2025-10-09,85.0,0.85
V1133,Winter's Edge,2025-12-19,58.0,0.58
V1660,Winter's Edge,2025-11-12,59.0,0.59
V1572,Winter's Edge,2025-11-10,53.0,0.53
V1094,Winter's Edge,2025-12-24,72.0,0.72
V1549,Winter's Edge,2025-08-12,97.0,0.97
V0364,Winter's Edge,2025-10-12,100.0,1.0
V1787,Winter's Edge,2025-09-14,80.0,0.8
V1618,Winter's Edge,2025-04-15,61.0,0.61
V1844,Winter's Edge,2025-02-12,75.0,0.75
V1809,Winter's Edge,2025-11-20,98.0,0.98
V1537,Winter's Edge,2025-07-26,59.0,0.59
V0508,Winter's Edge,2025-08-11,78.0,0.78
V0223,Winter's Edge,2025-01-01,99.0,0.99
V1360,Winter's Edge,2025-09-16,90.0,0.9
V0463,Winter's Edge,2025-11-08,58.0,0.58
V1740,Winter's Edge,2025-09-18,87.0,0.87
V1839,Winter's Edge,2025-04-06,73.0,0.73
V1754,Winter's Edge,2025-02-02,76.0,0.76
V1921,Winter's Edge,2025-12-25,51.0,0.51
V0988,Winter's Edge,2025-09-10,69.0,0.69
V0866,Winter's Edge,2025-11-19,86.0,0.86
V0343,Winter's Edge,2025-01-04,82.0,0.82
V1071,Winter's Edge,2025-02-21,93.0,0.93
V0507,Winter's Edge,2025-02-08,81.0,0.81
V0911,Winter's Edge,2025-07-29,56.0,0.56
V1423,Winter's Edge,2025-02-26,68.0,0.68
V1187,Winter's Edge,2025-10-01,82.0,0.82
V0613,Winter's Edge,2025-06-29,83.0,0.83
V1384,Winter's Edge,2025-01-09,100.0,1.0
V0309,Winter's Edge,2025-12-26,70.0,0.7
V1953,Winter's Edge,2025-07-24,77.0,0.77
V1253,Winter's Edge,2025-07-01,79.0,0.79
V0663,Winter's Edge,2025-08-18,60.0,0.6
V1215,Winter's Edge,2025-10-17,95.0,0.95
V0668,Winter's Edge,2025-04-25,80.0,0.8
V1287,Winter's Edge,2025-11-22,50.0,0.5
V0611,Winter's Edge,2025-03-11,79.0,0.79
V0912,Winter's Edge,2025-05-18,81.0,0.81
V1265,Winter's Edge,2025-07-30,71.0,0.71
V0624,Winter's Edge,2025-02-02,88.0,0.88
V0812,Winter's Edge,2025-09-06,51.0,0.51
V1602,Winter's Edge,2025-11-01,73.0,0.73
V1020,Winter's Edge,2025-05-11,78.0,0.78
V1743,Winter's Edge,2025-10-20,64.0,0.64
V1953,Winter's Edge,2025-09-18,60.0,0.6
V1033,Winter's Edge,2025-06-04,56.0,0.56
V0592,Winter's Edge,2025-08-23,76.0,0.76
V0423,Winter's Edge,2025-07-24,87.0,0.87
V1093,Winter's Edge,2025-02-24,100.0,1.0
V1197,Winter's Edge,2025-10-01,51.0,0.51
V0021,Winter's Edge,2025-11-06,58.0,0.58
V1652,Winter's Edge,2025-07-21,94.0,0.94
V0351,Winter's Edge,2025-03-02,92.0,0.92
V0336,Winter's Edge,2025-07-24,57.0,0.57
V0813,Winter's Edge,2025-07-24,64.0,0.64
V0126,Winter's Edge,2025-01-10,92.0,0.92
V1095,Winter's Edge,2025-05-10,68.0,0.68
V0454,Winter's Edge,2025-01-01,78.0,0.78
V1138,Winter's Edge,2025-04-08,94.0,0.94
V0676,Winter's Edge,2025-09-05,65.0,0.65
V1129,Winter's Edge,2025-05-02,81.0,0.81
V0537,Winter's Edge,2025-02-24,78.0,0.78
V1773,Winter's Edge,2025-05-02,51.0,0.51
V0916,Winter's Edge,2025-07-09,96.0,0.96
V0436,Winter's Edge,2025-01-24,84.0,0.84
V1557,Winter's Edge,2025-12-14,70.0,0.7
V1781,Winter's Edge,2025-11-02,68.0,0.68
V1867,Winter's Edge,2025-07-03,69.0,0.69
V0535,Winter's Edge,2025-10-17,60.0,0.6
V1109,Winter's Edge,2025-12-07,92.0,0.92
V0885,Winter's Edge,2025-08-18,78.0,0.78
V0983,Winter's Edge,2025-01-10,83.0,0.83
V0332,Winter's Edge,2025-08-01,94.0,0.94
V0064,Winter's Edge,2025-02-27,82.0,0.82
V0763,Winter's Edge,2025-12-19,56.0,0.56
V0606,Blue Horizon,2025-06-05,97.0,0.97
V1232,Blue Horizon,2025-11-01,97.0,0.97
V0562,Blue Horizon,2025-12-07,67.0,0.67
V1849,Blue Horizon,2025-07-25,91.0,0.91
V0617,Blue Horizon,2025-01-20,69.0,0.69
V0259,Blue Horizon,2025-03-01,66.0,0.66
V1224,Blue Horizon,2025-08-12,94.0,0.94
V1910,Blue Horizon,2025-08-06,88.0,0.88
V1752,Blue Horizon,2025-04-03,56.0,0.56
V0484,Blue Horizon,2025-04-21,97.0,0.97
V0604,Blue Horizon,2025-08-14,90.0,0.9
V0630,Blue Horizon,2025-09-03,95.0,0.95
V0591,Blue Horizon,2025-12-17,89.0,0.89
V0457,Blue Horizon,2025-11-04,72.0,0.72
V1737,Blue Horizon,2025-04-29,77.0,0.77
V1002,Blue Horizon,2025-02-11,98.0,0.98
V1493,Blue Horizon,2025-06-28,61.0,0.61
V1698,Blue Horizon,2025-11-02,53.0,0.53
V0808,Blue Horizon,2025-03-07,83.0,0.83
V1906,Blue Horizon,2025-02-04,96.0,0.96
V0486,Blue Horizon,2025-11-24,57.0,0.57
V1014,Blue Horizon,2025-03-22,71.0,0.71
V1316,Blue Horizon,2025-10-07,87.0,0.87
V1139,Blue Horizon,2025-06-14,86.0,0.86
V0666,Blue Horizon,2025-03-29,59.0,0.59
V0349,Blue Horizon,2025-12-15,92.0,0.92
V1760,Blue Horizon,2025-06-10,55.0,0.55
V1029,Blue Horizon,2025-06-17,74.0,0.74
V0919,Blue Horizon,2025-02-04,53.0,0.53
V1084,Blue Horizon,2025-11-23,52.0,0.52
V0190,Blue Horizon,2025-05-13,72.0,0.72
V0966,Blue Horizon,2025-04-28,88.0,0.88
V0731,Blue Horizon,2025-03-14,65.0,0.65
V1499,Blue Horizon,2025-06-01,56.0,0.56
V0945,Blue Horizon,2025-03-02,68.0,0.68
V1651,Blue Horizon,2025-10-20,73.0,0.73
V1736,Blue Horizon,2025-11-05,60.0,0.6
V1001,Blue Horizon,2025-09-19,77.0,0.77
V0256,Blue Horizon,2025-09-29,61.0,0.61
V1613,Blue Horizon,2025-02-05,84.0,0.84
V1320,Blue Horizon,2025-09-24,96.0,0.96
V0875,Blue Horizon,2025-01-20,76.0,0.76
V1822,Blue Horizon,2025-03-31,91.0,0.91
V0723,Blue Horizon,2025-03-31,74.0,0.74
V0020,Blue Horizon,2025-05-27,91.0,0.91
V0648,Blue Horizon,2025-12-17,53.0,0.53
V0912,Blue Horizon,2025-12-21,65.0,0.65
V1354,Blue Horizon,2025-04-19,96.0,0.96
V0989,Blue Horizon,2025-09-20,53.0,0.53
V1769,Blue Horizon,2025-02-24,68.0,0.68
V0386,Blue Horizon,2025-05-30,64.0,0.64
V0180,Blue Horizon,2025-09-03,72.0,0.72
V0333,Blue Horizon,2025-10-31,90.0,0.9
V0134,Blue Horizon,2025-06-08,61.0,0.61
V0280,Blue Horizon,2025-10-28,80.0,0.8
V0771,Blue Horizon,2025-11-19,90.0,0.9
V1856,Blue Horizon,2025-06-24,53.0,0.53
V1200,Blue Horizon,2025-01-15,84.0,0.84
V1091,Blue Horizon,2025-11-01,78.0,0.78
V1183,Blue Horizon,2025-01-09,77.0,0.77
V1907,Blue Horizon,2025-12-17,85.0,0.85
V1443,Blue Horizon,2025-02-13,77.0,0.77
V1070,Blue Horizon,2025-05-29,95.0,0.95
V0604,Blue Horizon,2025-07-19,64.0,0.64
V1591,Blue Horizon,2025-09-22,65.0,0.65
V1846,Blue Horizon,2025-12-10,81.0,0.81
V0760,Blue Horizon,2025-08-13,59.0,0.59
V0760,Blue Horizon,2025-09-09,66.0,0.66
V0714,Blue Horizon,2025-09-24,56.0,0.56
V0228,Blue Horizon,2025-10-31,53.0,0.53
V0904,Blue Horizon,2025-10-26,73.0,0.73
V1353,Blue Horizon,2025-12-06,92.0,0.92
V1680,Blue Horizon,2025-03-12,65.0,0.65
V1310,Blue Horizon,2025-11-08,95.0,0.95
V0168,Blue Horizon,2025-08-25,51.0,0.51
V1190,Blue Horizon,2025-09-28,65.0,0.65
V1896,Blue Horizon,2025-06-18,91.0,0.91
V1628,Blue Horizon,2025-04-16,71.0,0.71
V0328,Blue Horizon,2025-09-25,100.0,1.0
V0215,Blue Horizon,2025-02-12,59.0,0.59
V0061,Blue Horizon,2025-04-18,76.0,0.76
V0890,Blue Horizon,2025-10-02,56.0,0.56
V0504,Blue Horizon,2025-11-09,99.0,0.99
V1104,Blue Horizon,2025-02-10,64.0,0.64
V1181,Blue Horizon,2025-01-06,94.0,0.94
V1629,Blue Horizon,2025-11-13,83.0,0.83
V1728,Blue Horizon,2025-10-21,82.0,0.82
V0216,Blue Horizon,2025-08-16,73.0,0.73
V0647,Blue Horizon,2025-03-17,78.0,0.78
V0867,Blue Horizon,2025-10-27,60.0,0.6
V0766,Blue Horizon,2025-02-15,81.0,0.81
V1525,Blue Horizon,2025-09-16,77.0,0.77
V1479,Blue Horizon,2025-08-26,98.0,0.98
V1713,Blue Horizon,2025-12-09,66.0,0.66
V0809,Blue Horizon,2025-01-11,87.0,0.87
V1179,Blue Horizon,2025-05-04,89.0,0.89
V0510,Blue Horizon,2025-09-30,56.0,0.56
V0972,Blue Horizon,2025-06-07,57.0,0.57
V0716,Blue Horizon,2025-03-04,62.0,0.62
V1176,Blue Horizon,2025-01-31,85.0,0.85
V1096,Blue Horizon,2025-02-21,93.0,0.93
V0088,Blue Horizon,2025-05-26,66.0,0.66
V0614,Blue Horizon,2025-04-19,86.0,0.86
V0143,Blue Horizon,2025-06-25,97.0,0.97
V1088,Blue Horizon,2025-09-12,60.0,0.6
V0287,Blue Horizon,2025-08-14,54.0,0.54
V1044,Blue Horizon,2025-11-03,70.0,0.7
V0724,Blue Horizon,2025-05-04,90.0,0.9
V0015,Blue Horizon,2025-11-17,67.0,0.67
V1790,Blue Horizon,2025-08-09,55.0,0.55
V0598,Blue Horizon,2025-08-19,83.0,0.83
V0685,Blue Horizon,2025-07-17,91.0,0.91
V0999,Blue Horizon,2025-10-18,59.0,0.59
V1797,Blue Horizon,2025-03-01,55.0,0.55
V0805,Blue Horizon,2025-12-14,81.0,0.81
V1717,Blue Horizon,2025-09-18,96.0,0.96
V0373,Blue Horizon,2025-08-22,51.0,0.51
V1218,Blue Horizon,2025-08-04,100.0,1.0
V0840,Blue Horizon,2025-01-03,67.0,0.67
V0363,Blue Horizon,2025-09-24,54.0,0.54
V0526,Blue Horizon,2025-02-05,91.0,0.91
V0157,Blue Horizon,2025-01-18,95.0,0.95
V1427,Blue Horizon,2025-08-25,98.0,0.98
V1827,Blue Horizon,2025-04-15,67.0,0.67
V1301,Blue Horizon,2025-06-03,70.0,0.7
V1998,Blue Horizon,2025-07-11,98.0,0.98
V1371,Blue Horizon,2025-10-14,77.0,0.77
V0439,Blue Horizon,2025-01-05,63.0,0.63
V0428,Blue Horizon,2025-08-05,57.0,0.57
V1787,Blue Horizon,2025-02-22,63.0,0.63
V0555,Blue Horizon,2025-08-21,56.0,0.56
V0471,Blue Horizon,2025-10-31,66.0,0.66
V0045,Blue Horizon,2025-10-22,71.0,0.71
V0857,Blue Horizon,2025-09-11,70.0,0.7
V1763,Blue Horizon,2025-12-04,93.0,0.93
V1418,Blue Horizon,2025-01-02,78.0,0.78
V1099,Blue Horizon,2025-05-23,97.0,0.97
V1568,Blue Horizon,2025-05-19,94.0,0.94
V0719,Blue Horizon,2025-02-27,93.0,0.93
V1703,Blue Horizon,2025-06-18,77.0,0.77
V0279,Blue Horizon,2025-09-09,56.0,0.56
V0403,Blue Horizon,2025-01-11,82.0,0.82
V1133,Blue Horizon,2025-10-14,99.0,0.99
V1552,Blue Horizon,2025-07-16,92.0,0.92
V1589,Blue Horizon,2025-01-18,60.0,0.6
V1210,Blue Horizon,2025-09-15,88.0,0.88
V1039,Blue Horizon,2025-09-10,60.0,0.6
V1336,Blue Horizon,2025-07-03,98.0,0.98
V0480,Blue Horizon,2025-04-20,70.0,0.7
V0921,Blue Horizon,2025-01-08,91.0,0.91
V1470,Blue Horizon,2025-01-05,80.0,0.8
V0231,Blue Horizon,2025-06-28,60.0,0.6
V1789,Blue Horizon,2025-08-03,98.0,0.98
V0262,Blue Horizon,2025-07-22,57.0,0.57
V0342,Blue Horizon,2025-01-21,96.0,0.96
V1736,Blue Horizon,2025-03-29,93.0,0.93
V0175,Blue Horizon,2025-11-09,52.0,0.52
V0923,Blue Horizon,2025-08-25,57.0,0.57
V0573,Blue Horizon,2025-02-03,51.0,0.51
V1014,Blue Horizon,2025-12-20,80.0,0.8
V0205,Blue Horizon,2025-10-17,61.0,0.61
V1600,Blue Horizon,2025-05-03,92.0,0.92
V0122,Blue Horizon,2025-11-15,74.0,0.74
V0203,Blue Horizon,2025-11-21,96.0,0.96
V0568,Blue Horizon,2025-10-06,98.0,0.98
V1496,Blue Horizon,2025-10-13,74.0,0.74
V0524,Blue Horizon,2025-10-22,70.0,0.7
V0765,Blue Horizon,2025-02-10,100.0,1.0
V1625,Blue Horizon,2025-03-15,59.0,0.59
V1705,Blue Horizon,2025-12-22,82.0,0.82
V0859,Blue Horizon,2025-02-21,55.0,0.55
V0106,Blue Horizon,2025-01-19,60.0,0.6
V0884,Blue Horizon,2025-02-20,84.0,0.84
V0973,Blue Horizon,2025-01-07,57.0,0.57
V1423,Blue Horizon,2025-12-01,58.0,0.58
V0311,Blue Horizon,2025-01-18,52.0,0.52
V1623,Blue Horizon,2025-05-02,70.0,0.7
V1478,Blue Horizon,2025-03-11,54.0,0.54
V0839,Blue Horizon,2025-10-06,79.0,0.79
V0953,Blue Horizon,2025-09-01,80.0,0.8
V0197,Blue Horizon,2025-09-11,62.0,0.62
V1635,Blue Horizon,2025-10-16,98.0,0.98
V0945,Blue Horizon,2025-04-21,81.0,0.81
V1542,Blue Horizon,2025-01-18,83.0,0.83
V0192,Blue Horizon,2025-02-25,60.0,0.6
V1160,Blue Horizon,2025-01-22,87.0,0.87
V0155,Blue Horizon,2025-12-02,69.0,0.69
V0246,Blue Horizon,2025-01-13,90.0,0.9
V1783,Blue Horizon,2025-12-30,89.0,0.89
V1623,Blue Horizon,2025-02-27,100.0,1.0
V0343,Blue Horizon,2025-10-08,90.0,0.9
V0971,Blue Horizon,2025-01-04,73.0,0.73
V0834,Blue Horizon,2025-01-28,99.0,0.99
V0462,Blue Horizon,2025-06-04,65.0,0.65
V1849,Blue Horizon,2025-03-09,59.0,0.59
V1327,Blue Horizon,2025-07-23,51.0,0.51
V0440,Blue Horizon,2025-10-28,63.0,0.63
V1872,Phantom Signal,2025-12-07,87.0,0.87
V0625,Phantom Signal,2025-08-17,90.0,0.9
V0370,Phantom Signal,2025-07-12,81.0,0.81
V0375,Phantom Signal,2025-08-04,82.0,0.82
V0194,Phantom Signal,2025-04-26,96.0,0.96
V0162,Phantom Signal,2025-11-30,73.0,0.73
V1475,Phantom Signal,2025-10-13,51.0,0.51
V0275,Phantom Signal,2025-05-19,97.0,0.97
V0736,Phantom Signal,2025-10-27,77.0,0.77
V0076,Phantom Signal,2025-03-09,55.0,0.55
V0227,Phantom Signal,2025-06-13,98.0,0.98
V1889,Phantom Signal,2025-02-16,59.0,0.59
V1804,Phantom Signal,2025-07-27,100.0,1.0
V1501,Phantom Signal,2025-11-07,90.0,0.9
V0523,Phantom Signal,2025-09-03,78.0,0.78
V1861,Phantom Signal,2025-09-21,84.0,0.84
V0950,Phantom Signal,2025-07-14,100.0,1.0
V1025,Phantom Signal,2025-09-27,63.0,0.63
V0049,Phantom Signal,2025-09-19,87.0,0.87
V1347,Phantom Signal,2025-10-13,99.0,0.99
V0225,Phantom Signal,2025-10-20,52.0,0.52
V1734,Phantom Signal,2025-10-18,57.0,0.57
V0090,Phantom Signal,2025-01-26,70.0,0.7
V1565,Phantom Signal,2025-09-28,97.0,0.97
V1931,Phantom Signal,2025-04-14,70.0,0.7
V1281,Phantom Signal,2025-03-07,92.0,0.92
V0472,Phantom Signal,2025-05-23,77.0,0.77
V0554,Phantom Signal,2025-08-18,97.0,0.97
V0324,Phantom Signal,2025-03-02,61.0,0.61
V0841,Phantom Signal,2025-06-13,64.0,0.64
V1464,Phantom Signal,2025-01-05,58.0,0.58
V0409,Phantom Signal,2025-09-09,84.0,0.84
V1775,Phantom Signal,2025-01-08,68.0,0.68
V1800,Phantom Signal,2025-04-17,88.0,0.88
V0043,Phantom Signal,2025-01-10,77.0,0.77
V1625,Phantom Signal,2025-05-30,87.0,0.87
V0929,Phantom Signal,2025-05-03,80.0,0.8
V0007,Phantom Signal,2025-09-22,76.0,0.76
V1164,Phantom Signal,2025-02-16,56.0,0.56
V1635,Phantom Signal,2025-01-02,51.0,0.51
V1742,Phantom Signal,2025-02-17,69.0,0.69
V1286,Phantom Signal,2025-03-19,91.0,0.91
V1013,Phantom Signal,2025-04-14,97.0,0.97
V1192,Phantom Signal,2025-12-11,77.0,0.77
V1489,Phantom Signal,2025-08-24,87.0,0.87
V0796,Phantom Signal,2025-01-05,77.0,0.77
V0615,Phantom Signal,2025-10-06,99.0,0.99
V1931,Phantom Signal,2025-10-08,71.0,0.71
V0796,Phantom Signal,2025-05-06,52.0,0.52
V1223,Phantom Signal,2025-10-29,76.0,0.76
V0511,Phantom Signal,2025-08-11,56.0,0.56
V1711,Phantom Signal,2025-05-06,98.0,0.98
V0197,Phantom Signal,2025-09-25,94.0,0.94
V1357,Phantom Signal,2025-11-06,78.0,0.78
V0531,Phantom Signal,2025-06-18,75.0,0.75
V1972,Phantom Signal,2025-06-08,58.0,0.58
V1303,Phantom Signal,2025-05-14,90.0,0.9
V0141,Phantom Signal,2025-07-05,60.0,0.6
V0569,Phantom Signal,2025-07-31,71.0,0.71
V0769,Phantom Signal,2025-10-22,80.0,0.8
V1192,Phantom Signal,2025-12-27,64.0,0.64
V0905,Phantom Signal,2025-03-17,86.0,0.86
V1128,Phantom Signal,2025-03-12,63.0,0.63
V0033,Phantom Signal,2025-03-13,85.0,0.85
V0188,Phantom Signal,2025-12-19,75.0,0.75
V1337,Phantom Signal,2025-04-24,76.0,0.76
V1571,Phantom Signal,2025-05-28,98.0,0.98
V1825,Phantom Signal,2025-07-20,57.0,0.57
V1026,Phantom Signal,2025-02-05,75.0,0.75
V1854,Phantom Signal,2025-03-11,73.0,0.73
V0735,Phantom Signal,2025-11-23,99.0,0.99
V0328,Phantom Signal,2025-04-24,67.0,0.67
V0018,Phantom Signal,2025-05-31,54.0,0.54
V1581,Phantom Signal,2025-10-14,98.0,0.98
V0680,Phantom Signal,2025-02-24,77.0,0.77
V1922,Phantom Signal,2025-02-05,81.0,0.81
V1996,Phantom Signal,2025-06-17,67.0,0.67
V1364,Phantom Signal,2025-07-23,56.0,0.56
V0952,Phantom Signal,2025-11-05,59.0,0.59
V0874,Phantom Signal,2025-07-29,51.0,0.51
V1151,Phantom Signal,2025-05-05,76.0,0.76
V0061,Phantom Signal,2025-02-15,86.0,0.86
V0360,Phantom Signal,2025-04-13,99.0,0.99
V1506,Phantom Signal,2025-11-18,71.0,0.71
V0257,Phantom Signal,2025-01-16,83.0,0.83
V1091,Phantom Signal,2025-07-11,51.0,0.51
V0892,Phantom Signal,2025-06-16,61.0,0.61
V1826,Phantom Signal,2025-05-13,66.0,0.66
V1988,Phantom Signal,2025-06-06,83.0,0.83
V0901,Phantom Signal,2025-08-03,99.0,0.99
V0615,Phantom Signal,2025-07-16,91.0,0.91
V1274,Phantom Signal,2025-02-15,67.0,0.67
V1023,Phantom Signal,2025-11-17,99.0,0.99
V0634,Phantom Signal,2025-09-09,92.0,0.92
V0717,Phantom Signal,2025-10-13,98.0,0.98
V0840,Phantom Signal,2025-10-01,58.0,0.58
V1551,Phantom Signal,2025-02-21,87.0,0.87
V0940,Phantom Signal,2025-12-09,98.0,0.98
V0008,Phantom Signal,2025-09-18,70.0,0.7
V1658,Phantom Signal,2025-07-18,97.0,0.97
V1604,Phantom Signal,2025-07-24,98.0,0.98
V0566,Phantom Signal,2025-02-09,98.0,0.98
V0906,Phantom Signal,2025-07-29,93.0,0.93
V1754,Phantom Signal,2025-05-19,90.0,0.9
V0957,Phantom Signal,2025-02-11,83.0,0.83
V1309,Phantom Signal,2025-04-17,68.0,0.68
V1997,Phantom Signal,2025-02-25,90.0,0.9
V1159,Phantom Signal,2025-09-05,100.0,1.0
V0258,Phantom Signal,2025-05-01,66.0,0.66
V0430,Phantom Signal,2025-06-07,53.0,0.53
V1800,Phantom Signal,2025-07-13,77.0,0.77
V0309,Phantom Signal,2025-02-14,67.0,0.67
V1728,Phantom Signal,2025-05-10,80.0,0.8
V0336,Phantom Signal,2025-07-02,63.0,0.63
V0036,Phantom Signal,2025-07-24,83.0,0.83
V0580,Phantom Signal,2025-11-26,91.0,0.91
V0208,Phantom Signal,2025-12-10,86.0,0.86
V0401,Phantom Signal,2025-10-07,78.0,0.78
V0950,Phantom Signal,2025-05-08,50.0,0.5
V0479,Phantom Signal,2025-06-07,61.0,0.61
V1616,Phantom Signal,2025-05-28,75.0,0.75
V1652,Phantom Signal,2025-04-02,86.0,0.86
V0568,Phantom Signal,2025-10-28,90.0,0.9
V0830,Phantom Signal,2025-07-27,63.0,0.63
V0712,Phantom Signal,2025-02-20,91.0,0.91
V0373,Phantom Signal,2025-02-16,58.0,0.58
V0637,Phantom Signal,2025-04-11,83.0,0.83
V1643,Phantom Signal,2025-04-06,62.0,0.62
V1451,Phantom Signal,2025-07-25,53.0,0.53
V1948,Phantom Signal,2025-09-28,71.0,0.71
V0491,Phantom Signal,2025-09-12,57.0,0.57
V1315,Phantom Signal,2025-09-16,69.0,0.69
V0415,Phantom Signal,2025-03-25,53.0,0.53
V0216,Phantom Signal,2025-11-01,72.0,0.72
V1276,Phantom Signal,2025-11-06,96.0,0.96
V0184,Phantom Signal,2025-05-22,52.0,0.52
V0610,Phantom Signal,2025-09-01,91.0,0.91
V1537,Phantom Signal,2025-12-20,75.0,0.75
V1685,Phantom Signal,2025-08-27,88.0,0.88
V0094,Phantom Signal,2025-02-23,94.0,0.94
V1811,Phantom Signal,2025-03-21,88.0,0.88
V1401,Phantom Signal,2025-11-12,99.0,0.99
V1479,Phantom Signal,2025-09-17,63.0,0.63
V0584,Phantom Signal,2025-11-22,73.0,0.73
V1777,Phantom Signal,2025-07-06,96.0,0.96
V0158,Phantom Signal,2025-04-16,98.0,0.98
V0692,Phantom Signal,2025-09-29,58.0,0.58
V0968,Phantom Signal,2025-03-27,78.0,0.78
V1715,Phantom Signal,2025-08-16,76.0,0.76
V0282,Phantom Signal,2025-08-28,80.0,0.8
V0465,Phantom Signal,2025-08-28,56.0,0.56
V0874,Phantom Signal,2025-01-15,78.0,0.78
V1596,Phantom Signal,2025-11-12,73.0,0.73
V0266,Phantom Signal,2025-04-14,84.0,0.84
V1205,Phantom Signal,2025-11-21,99.0,0.99
V1005,Phantom Signal,2025-03-03,77.0,0.77
V1716,Phantom Signal,2025-04-27,52.0,0.52
V1147,Phantom Signal,2025-02-24,95.0,0.95
V1635,Phantom Signal,2025-05-27,77.0,0.77
V1468,Phantom Signal,2025-10-09,68.0,0.68
V1776,Phantom Signal,2025-09-14,52.0,0.52
V0527,Phantom Signal,2025-12-09,93.0,0.93
V1573,Phantom Signal,2025-03-11,61.0,0.61
V0382,Phantom Signal,2025-03-25,99.0,0.99
V1199,Phantom Signal,2025-01-20,89.0,0.89
V1370,Phantom Signal,2025-07-15,78.0,0.78
V0532,Phantom Signal,2025-07-23,83.0,0.83
V1641,Phantom Signal,2025-08-15,84.0,0.84
V0895,Phantom Signal,2025-11-14,85.0,0.85
V1741,Phantom Signal,2025-07-06,85.0,0.85
V1932,Phantom Signal,2025-03-14,54.0,0.54
V0237,Phantom Signal,2025-07-28,95.0,0.95
V0796,Phantom Signal,2025-02-07,50.0,0.5
V0405,Rising Storm,2025-07-06,52.0,0.52
V1666,Rising Storm,2025-11-29,76.0,0.76
V1602,Rising Storm,2025-03-22,64.0,0.64
V1533,Rising Storm,2025-12-22,56.0,0.56
V0455,Rising Storm,2025-10-23,57.0,0.57
V0600,Rising Storm,2025-09-15,53.0,0.53
V0618,Rising Storm,2025-02-24,87.0,0.87
V1658,Rising Storm,2025-02-08,91.0,0.91
V0469,Rising Storm,2025-01-24,57.0,0.57
V0146,Rising Storm,2025-07-13,74.0,0.74
V1654,Rising Storm,2025-10-09,99.0,0.99
V0828,Rising Storm,2025-05-06,62.0,0.62
V1259,Rising Storm,2025-06-18,62.0,0.62
V0192,Rising Storm,2025-01-02,66.0,0.66
V1804,Rising Storm,2025-05-22,96.0,0.96
V1575,Rising Storm,2025-03-21,75.0,0.75
V1199,Rising Storm,2025-08-06,93.0,0.93
V0968,Rising Storm,2025-05-07,78.0,0.78
V1567,Rising Storm,2025-02-26,57.0,0.57
V1856,Rising Storm,2025-08-18,95.0,0.95
V0202,Rising Storm,2025-03-10,62.0,0.62
V1153,Rising Storm,2025-09-12,75.0,0.75
V0532,Rising Storm,2025-03-21,69.0,0.69
V0094,Rising Storm,2025-12-10,91.0,0.91
V0466,Rising Storm,2025-07-16,51.0,0.51
V0600,Rising Storm,2025-08-11,88.0,0.88
V0758,Rising Storm,2025-05-24,71.0,0.71
V0290,Rising Storm,2025-01-19,68.0,0.68
V0056,Rising Storm,2025-08-24,60.0,0.6
V0950,Rising Storm,2025-03-04,68.0,0.68
V1546,Rising Storm,2025-11-30,74.0,0.74
V1542,Rising Storm,2025-04-28,74.0,0.74
V0444,Rising Storm,2025-02-20,74.0,0.74
V0468,Rising Storm,2025-09-29,51.0,0.51
V0906,Rising Storm,2025-06-01,91.0,0.91
V1031,Rising Storm,2025-06-16,85.0,0.85
V0786,Rising Storm,2025-01-26,58.0,0.58
V0532,Rising Storm,2025-07-21,84.0,0.84
V0303,Rising Storm,2025-08-19,59.0,0.59
V0615,Rising Storm,2025-01-24,72.0,0.72
V0279,Rising Storm,2025-01-06,72.0,0.72
V1400,Rising Storm,2025-04-16,57.0,0.57
V1761,Rising Storm,2025-12-28,60.0,0.6
V1489,Rising Storm,2025-10-08,98.0,0.98
V0856,Rising Storm,2025-12-21,57.0,0.57
V0447,Rising Storm,2025-09-28,72.0,0.72
V0974,Rising Storm,2025-11-07,53.0,0.53
V1422,Rising Storm,2025-01-16,90.0,0.9
V1918,Rising Storm,2025-09-25,100.0,1.0
V0479,Rising Storm,2025-04-01,53.0,0.53
V0759,Rising Storm,2025-05-01,63.0,0.63
V0053,Rising Storm,2025-12-18,76.0,0.76
V1582,Rising Storm,2025-03-16,74.0,0.74
V1521,Rising Storm,2025-02-12,98.0,0.98
V1749,Rising Storm,2025-08-19,71.0,0.71
V0019,Rising Storm,2025-06-10,60.0,0.6
V0659,Rising Storm,2025-07-30,73.0,0.73
V1025,Rising Storm,2025-11-01,94.0,0.94
V0695,Rising Storm,2025-06-26,63.0,0.63
V0158,Rising Storm,2025-10-28,85.0,0.85
V1703,Rising Storm,2025-09-27,63.0,0.63
V0977,Rising Storm,2025-04-18,93.0,0.93
V0267,Rising Storm,2025-08-22,86.0,0.86
V1447,Rising Storm,2025-04-01,59.0,0.59
V0988,Rising Storm,2025-02-22,55.0,0.55
V0952,Rising Storm,2025-07-09,83.0,0.83
V1243,Rising Storm,2025-03-03,98.0,0.98
V0337,Rising Storm,2025-01-30,89.0,0.89
V1809,Rising Storm,2025-10-06,69.0,0.69
V1715,Rising Storm,2025-10-10,70.0,0.7
V0067,Rising Storm,2025-07-11,59.0,0.59
V0871,Rising Storm,2025-10-24,50.0,0.5
V1652,Rising Storm,2025-04-02,59.0,0.59
V1530,Rising Storm,2025-07-31,100.0,1.0
V1628,Rising Storm,2025-10-09,51.0,0.51
V1824,Rising Storm,2025-05-17,59.0,0.59
V1015,Rising Storm,2025-02-09,53.0,0.53
V1779,Rising Storm,2025-02-06,73.0,0.73
V1556,Rising Storm,2025-01-10,96.0,0.96
V0165,Rising Storm,2025-07-24,96.0,0.96
V1595,Rising Storm,2025-01-21,94.0,0.94
V1928,Rising Storm,2025-01-17,65.0,0.65
V0379,Rising Storm,2025-07-31,92.0,0.92
V1878,Rising Storm,2025-05-24,69.0,0.69
V0232,Rising Storm,2025-08-14,58.0,0.58
V0909,Rising Storm,2025-08-10,99.0,0.99
V0011,Rising Storm,2025-10-04,61.0,0.61
V1519,Rising Storm,2025-07-23,88.0,0.88
V0125,Rising Storm,2025-03-22,94.0,0.94
V1255,Rising Storm,2025-10-09,66.0,0.66
V0449,Rising Storm,2025-11-06,61.0,0.61
V0324,Rising Storm,2025-09-10,59.0,0.59
V0328,Rising Storm,2025-10-21,56.0,0.56
V0713,Rising Storm,2025-11-30,52.0,0.52
V1154,Rising Storm,2025-08-08,53.0,0.53
V1472,Rising Storm,2025-08-03,73.0,0.73
V1688,Rising Storm,2025-03-29,73.0,0.73
V1320,Rising Storm,2025-06-05,68.0,0.68
V1002,Rising Storm,2025-05-16,81.0,0.81
V0766,Rising Storm,2025-01-12,73.0,0.73
V1760,Rising Storm,2025-10-07,72.0,0.72
V0858,Rising Storm,2025-09-11,100.0,1.0
V1734,Rising Storm,2025-01-12,58.0,0.58
V1363,Rising Storm,2025-02-22,78.0,0.78
V0352,Rising Storm,2025-11-01,52.0,0.52
V0160,Rising Storm,2025-07-10,89.0,0.89
V1807,Rising Storm,2025-05-02,81.0,0.81
V1173,The Lost Archive,2025-01-18,79.0,0.79
V0322,The Lost Archive,2025-06-28,98.0,0.98
V0355,The Lost Archive,2025-01-04,98.0,0.98
V0138,The Lost Archive,2025-01-21,58.0,0.58
V1336,The Lost Archive,2025-06-19,67.0,0.67
V0233,The Lost Archive,2025-11-13,94.0,0.94
V0692,The Lost Archive,2025-05-26,66.0,0.66
V1839,The Lost Archive,2025-01-18,61.0,0.61
V1033,The Lost Archive,2025-10-11,90.0,0.9
V1605,The Lost Archive,2025-04-17,81.0,0.81
V0503,The Lost Archive,2025-04-09,94.0,0.94
V0505,The Lost Archive,2025-07-21,96.0,0.96
V0271,The Lost Archive,2025-01-04,91.0,0.91
V1156,The Lost Archive,2025-10-03,100.0,1.0
V0259,The Lost Archive,2025-05-18,88.0,0.88
V1802,The Lost Archive,2025-10-24,53.0,0.53
V1539,The Lost Archive,2025-11-03,70.0,0.7
V1253,The Lost Archive,2025-11-04,81.0,0.81
V0242,The Lost Archive,2025-03-15,62.0,0.62
V0406,The Lost Archive,2025-02-08,74.0,0.74
V0762,The Lost Archive,2025-05-23,58.0,0.58
V0787,The Lost Archive,2025-04-04,80.0,0.8
V1313,The Lost Archive,2025-02-17,78.0,0.78
V0701,The Lost Archive,2025-11-15,99.0,0.99
V0272,The Lost Archive,2025-04-03,70.0,0.7
V0470,The Lost Archive,2025-02-21,74.0,0.74
V0821,The Lost Archive,2025-03-07,97.0,0.97
V0562,The Lost Archive,2025-08-31,66.0,0.66
V1042,The Lost Archive,2025-11-19,96.0,0.96
V0211,The Lost Archive,2025-03-14,85.0,0.85
V0872,The Lost Archive,2025-03-03,72.0,0.72
V0055,The Lost Archive,2025-01-03,79.0,0.79
V1520,The Lost Archive,2025-09-30,95.0,0.95
V0282,The Lost Archive,2025-05-19,53.0,0.53
V0217,The Lost Archive,2025-02-02,68.0,0.68
V0680,The Lost Archive,2025-07-01,50.0,0.5
V0430,The Lost Archive,2025-03-13,55.0,0.55
V0614,The Lost Archive,2025-05-02,83.0,0.83
V1744,The Lost Archive,2025-08-15,74.0,0.74
V1307,The Lost Archive,2025-03-13,63.0,0.63
V0260,The Lost Archive,2025-07-11,85.0,0.85
V0269,The Lost Archive,2025-03-20,99.0,0.99
V0484,The Lost Archive,2025-12-29,91.0,0.91
V1384,The Lost Archive,2025-06-14,85.0,0.85
V0225,The Lost Archive,2025-10-30,59.0,0.59
V0016,The Lost Archive,2025-06-04,89.0,0.89
V0085,The Lost Archive,2025-08-09,75.0,0.75
V1177,The Lost Archive,2025-04-12,98.0,0.98
V1552,The Lost Archive,2025-03-29,79.0,0.79
V0881,The Lost Archive,2025-07-01,55.0,0.55
V1931,The Lost Archive,2025-01-30,58.0,0.58
V1112,The Lost Archive,2025-12-07,64.0,0.64
V0118,The Lost Archive,2025-09-24,67.0,0.67
V1607,The Lost Archive,2025-07-03,87.0,0.87
V1699,The Lost Archive,2025-10-05,59.0,0.59
V1433,The Lost Archive,2025-08-12,86.0,0.86
V0829,The Lost Archive,2025-03-30,51.0,0.51
V0815,The Lost Archive,2025-09-04,56.0,0.56
V0345,The Lost Archive,2025-07-05,65.0,0.65
V1598,The Lost Archive,2025-11-23,94.0,0.94
V0165,The Lost Archive,2025-10-27,70.0,0.7
V0354,The Lost Archive,2025-04-04,93.0,0.93
V0218,The Lost Archive,2025-10-01,59.0,0.59
V1360,The Lost Archive,2025-11-22,70.0,0.7
V0615,The Lost Archive,2025-08-17,59.0,0.59
V1207,The Lost Archive,2025-05-09,94.0,0.94
V0186,The Lost Archive,2025-03-28,90.0,0.9
V0561,The Lost Archive,2025-02-14,64.0,0.64
V1217,The Lost Archive,2025-01-06,89.0,0.89
V1342,The Lost Archive,2025-08-02,70.0,0.7
V0909,The Lost Archive,2025-01-21,57.0,0.57
V0538,The Lost Archive,2025-06-25,91.0,0.91
V1190,The Lost Archive,2025-07-04,72.0,0.72
V0978,The Lost Archive,2025-05-26,82.0,0.82
V0475,The Lost Archive,2025-11-11,54.0,0.54
V0173,The Lost Archive,2025-10-22,61.0,0.61
V0412,The Lost Archive,2025-10-03,81.0,0.81
V0611,The Lost Archive,2025-08-26,55.0,0.55
V0456,The Lost Archive,2025-07-15,93.0,0.93
V0860,The Lost Archive,2025-01-11,97.0,0.97
V0996,The Lost Archive,2025-12-04,52.0,0.52
V0820,The Lost Archive,2025-02-26,96.0,0.96
V1702,The Lost Archive,2025-01-29,74.0,0.74
V0266,The Lost Archive,2025-07-20,64.0,0.64
V1461,The Lost Archive,2025-07-01,51.0,0.51
V0468,The Lost Archive,2025-08-26,59.0,0.59
V0185,The Lost Archive,2025-08-16,91.0,0.91
V1756,The Lost Archive,2025-04-25,84.0,0.84
V1777,The Lost Archive,2025-04-12,89.0,0.89
V1317,The Lost Archive,2025-11-13,63.0,0.63
V1977,The Lost Archive,2025-08-11,65.0,0.65
V1466,The Lost Archive,2025-02-20,69.0,0.69
V1674,The Lost Archive,2025-05-28,56.0,0.56
V0942,The Lost Archive,2025-04-02,73.0,0.73
V0796,The Lost Archive,2025-09-25,68.0,0.68
V1832,The Lost Archive,2025-01-17,71.0,0.71
V1619,The Lost Archive,2025-05-09,80.0,0.8
V1997,The Lost Archive,2025-01-24,91.0,0.91
V1657,The Lost Archive,2025-02-05,74.0,0.74
V0205,The Lost Archive,2025-09-19,78.0,0.78
V0178,The Lost Archive,2025-09-11,81.0,0.81
V0354,The Lost Archive,2025-06-03,85.0,0.85
V0346,The Lost Archive,2025-05-27,78.0,0.78
V0547,The Lost Archive,2025-05-17,54.0,0.54
V0449,The Lost Archive,2025-05-18,67.0,0.67
V1631,The Lost Archive,2025-04-11,75.0,0.75
V0524,The Lost Archive,2025-08-18,79.0,0.79
V0339,The Lost Archive,2025-07-03,94.0,0.94
V0758,The Lost Archive,2025-04-26,69.0,0.69
V0857,The Lost Archive,2025-10-14,78.0,0.78
V0958,The Lost Archive,2025-03-30,60.0,0.6
V1447,The Lost Archive,2025-05-17,53.0,0.53
V1961,The Lost Archive,2025-01-02,80.0,0.8
V1791,The Lost Archive,2025-06-22,81.0,0.81
V1520,The Lost Archive,2025-05-18,59.0,0.59
V0571,The Lost Archive,2025-05-01,66.0,0.66
V0033,The Lost Archive,2025-01-17,79.0,0.79
V1093,The Lost Archive,2025-02-09,63.0,0.63
V0625,The Lost Archive,2025-09-08,92.0,0.92
V1510,The Lost Archive,2025-02-18,65.0,0.65
V1959,The Lost Archive,2025-09-25,63.0,0.63
V0105,The Lost Archive,2025-07-22,86.0,0.86
V1542,The Lost Archive,2025-08-20,92.0,0.92
V0720,The Lost Archive,2025-08-01,63.0,0.63
V0958,The Lost Archive,2025-03-09,84.0,0.84
V0479,The Lost Archive,2025-07-26,78.0,0.78
V1976,The Lost Archive,2025-02-04,68.0,0.68
V1422,The Lost Archive,2025-02-14,76.0,0.76
V1529,The Lost Archive,2025-11-08,79.0,0.79
V0306,The Lost Archive,2025-08-20,74.0,0.74
V1182,The Lost Archive,2025-02-26,51.0,0.51
V0686,The Lost Archive,2025-01-21,85.0,0.85
V1716,The Lost Archive,2025-10-15,69.0,0.69
V0484,The Lost Archive,2025-07-06,71.0,0.71
V0069,The Lost Archive,2025-06-22,95.0,0.95
V0508,The Lost Archive,2025-08-16,63.0,0.63
V1043,The Lost Archive,2025-05-06,61.0,0.61
V1321,The Lost Archive,2025-08-14,83.0,0.83
V0829,The Lost Archive,2025-08-30,85.0,0.85
V0247,The Lost Archive,2025-10-08,97.0,0.97
V0376,The Lost Archive,2025-08-04,71.0,0.71
V1867,The Lost Archive,2025-10-22,82.0,0.82
V1259,The Lost Archive,2025-01-09,89.0,0.89
V1326,The Lost Archive,2025-09-17,72.0,0.72
V1557,The Lost Archive,2025-06-18,84.0,0.84
V0096,The Lost Archive,2025-07-18,74.0,0.74
V0850,The Lost Archive,2025-04-15,65.0,0.65
V1427,The Lost Archive,2025-09-21,85.0,0.85
V1032,The Lost Archive,2025-09-04,99.0,0.99
V0645,Silver Lining,2025-11-23,66.0,0.66
V1374,Silver Lining,2025-11-23,65.0,0.65
V1697,Silver Lining,2025-03-02,85.0,0.85
V1327,Silver Lining,2025-10-15,71.0,0.71
V0160,Silver Lining,2025-10-07,93.0,0.93
V0907,Silver Lining,2025-01-16,70.0,0.7
V1719,Silver Lining,2025-02-01,88.0,0.88
V0334,Silver Lining,2025-10-23,97.0,0.97
V1802,Silver Lining,2025-01-08,74.0,0.74
V1189,Silver Lining,2025-10-25,59.0,0.59
V1719,Silver Lining,2025-11-12,54.0,0.54
V1672,Silver Lining,2025-10-02,97.0,0.97
V1151,Silver Lining,2025-03-20,71.0,0.71
V1810,Silver Lining,2025-04-15,89.0,0.89
V0186,Silver Lining,2025-08-23,87.0,0.87
V1094,Silver Lining,2025-08-05,91.0,0.91
V0538,Silver Lining,2025-03-29,70.0,0.7
V0062,Silver Lining,2025-04-16,86.0,0.86
V1407,Silver Lining,2025-12-07,62.0,0.62
V1382,Silver Lining,2025-05-02,98.0,0.98
V1311,Silver Lining,2025-11-04,85.0,0.85
V0735,Silver Lining,2025-10-17,81.0,0.81
V0055,Silver Lining,2025-07-14,80.0,0.8
V0697,Silver Lining,2025-10-03,72.0,0.72
V0530,Silver Lining,2025-11-07,77.0,0.77
V0557,Silver Lining,2025-04-29,78.0,0.78
V1589,Silver Lining,2025-05-23,83.0,0.83
V0112,Silver Lining,2025-12-24,57.0,0.57
V1390,Silver Lining,2025-02-08,73.0,0.73
V0849,Silver Lining,2025-08-30,75.0,0.75
V0792,Silver Lining,2025-11-21,69.0,0.69
V1359,Silver Lining,2025-04-24,84.0,0.84
V1322,Silver Lining,2025-09-28,79.0,0.79
V1850,Silver Lining,2025-01-27,55.0,0.55
V0518,Silver Lining,2025-10-25,96.0,0.96
V1846,Silver Lining,2025-12-01,76.0,0.76
V0410,Silver Lining,2025-08-18,89.0,0.89
V0112,Silver Lining,2025-11-03,99.0,0.99
V0612,Silver Lining,2025-01-22,72.0,0.72
V0064,Silver Lining,2025-09-20,81.0,0.81
V1312,Silver Lining,2025-02-03,73.0,0.73
V1083,Silver Lining,2025-03-26,80.0,0.8
V0357,Silver Lining,2025-11-30,94.0,0.94
V0613,Silver Lining,2025-09-27,66.0,0.66
V1353,Silver Lining,2025-01-10,73.0,0.73
V1352,Silver Lining,2025-10-24,98.0,0.98
V0377,Silver Lining,2025-11-25,82.0,0.82
V0182,Silver Lining,2025-02-08,71.0,0.71
V1920,Silver Lining,2025-10-31,84.0,0.84
V1812,Silver Lining,2025-07-17,93.0,0.93
V0968,Silver Lining,2025-07-27,70.0,0.7
V0068,Silver Lining,2025-09-29,57.0,0.57
V1280,Silver Lining,2025-03-03,73.0,0.73
V1648,Silver Lining,2025-03-31,100.0,1.0
V1378,Silver Lining,2025-05-16,64.0,0.64
V1645,Silver Lining,2025-11-01,69.0,0.69
V1315,Silver Lining,2025-05-10,67.0,0.67
V1683,Silver Lining,2025-09-06,95.0,0.95
V0023,Silver Lining,2025-06-01,91.0,0.91
V0293,Silver Lining,2025-06-02,58.0,0.58
V0441,Silver Lining,2025-07-28,80.0,0.8
V1923,Silver Lining,2025-03-21,98.0,0.98
V0510,Silver Lining,2025-01-05,59.0,0.59
V1168,Silver Lining,2025-08-20,70.0,0.7
V1443,Silver Lining,2025-01-31,62.0,0.62
V1559,Silver Lining,2025-08-18,50.0,0.5
V0602,Silver Lining,2025-05-05,69.0,0.69
V1567,Silver Lining,2025-12-20,65.0,0.65
V0456,Silver Lining,2025-12-24,88.0,0.88
V1544,Silver Lining,2025-02-10,85.0,0.85
V1618,Silver Lining,2025-07-08,89.0,0.89
V0034,Silver Lining,2025-05-05,94.0,0.94
V0558,Silver Lining,2025-09-19,77.0,0.77
V1791,Silver Lining,2025-10-19,73.0,0.73
V1061,Silver Lining,2025-07-09,64.0,0.64
V0842,Silver Lining,2025-03-19,100.0,1.0
V0473,Silver Lining,2025-08-08,52.0,0.52
V0950,Silver Lining,2025-11-06,89.0,0.89
V0836,Silver Lining,2025-05-26,79.0,0.79
V1191,Silver Lining,2025-06-08,78.0,0.78
V1867,Silver Lining,2025-12-08,95.0,0.95
V0104,Silver Lining,2025-05-12,59.0,0.59
V0378,Silver Lining,2025-03-26,98.0,0.98
V0264,Silver Lining,2025-01-06,69.0,0.69
V1980,Silver Lining,2025-08-21,97.0,0.97
V0836,Silver Lining,2025-04-01,59.0,0.59
V1250,Silver Lining,2025-10-30,95.0,0.95
V1347,Silver Lining,2025-03-21,79.0,0.79
V1621,Silver Lining,2025-10-08,62.0,0.62
V1133,Silver Lining,2025-09-02,93.0,0.93
V1055,Silver Lining,2025-08-26,86.0,0.86
V0384,Silver Lining,2025-07-10,96.0,0.96
V0617,Silver Lining,2025-03-04,62.0,0.62
V0101,Silver Lining,2025-09-25,97.0,0.97
V1834,Silver Lining,2025-11-08,91.0,0.91
V0410,Silver Lining,2025-11-05,76.0,0.76
V1566,Silver Lining,2025-11-03,54.0,0.54
V0825,Silver Lining,2025-01-06,51.0,0.51
V0594,Silver Lining,2025-06-02,52.0,0.52
V1431,Silver Lining,2025-08-27,96.0,0.96
V1264,Silver Lining,2025-02-04,98.0,0.98
V1336,Silver Lining,2025-12-05,61.0,0.61
V0583,Silver Lining,2025-10-16,54.0,0.54
V0035,Silver Lining,2025-04-15,76.0,0.76
V0659,Silver Lining,2025-03-19,95.0,0.95
V0963,Silver Lining,2025-03-09,52.0,0.52
V0891,Silver Lining,2025-11-26,66.0,0.66
V0609,Silver Lining,2025-03-23,87.0,0.87
V1429,Silver Lining,2025-03-11,65.0,0.65
V1272,Silver Lining,2025-12-30,82.0,0.82
V0375,Silver Lining,2025-04-30,67.0,0.67
V1168,Silver Lining,2025-09-06,100.0,1.0
V1931,Silver Lining,2025-02-22,81.0,0.81
V1855,Silver Lining,2025-11-14,70.0,0.7
V1165,Silver Lining,2025-10-07,96.0,0.96
V0070,Silver Lining,2025-11-29,99.0,0.99
V1094,Silver Lining,2025-03-09,94.0,0.94
V1350,Silver Lining,2025-07-06,62.0,0.62
V0919,Silver Lining,2025-11-12,70.0,0.7
V1078,Silver Lining,2025-08-09,79.0,0.79
V0314,Silver Lining,2025-11-30,96.0,0.96
V1580,Silver Lining,2025-05-29,92.0,0.92
V0508,Silver Lining,2025-06-07,75.0,0.75
V0335,Silver Lining,2025-06-12,61.0,0.61
V0398,Silver Lining,2025-09-04,83.0,0.83
V0829,Silver Lining,2025-02-19,51.0,0.51
V1016,Silver Lining,2025-04-11,82.0,0.82
V1988,Silver Lining,2025-06-29,53.0,0.53
V1552,Silver Lining,2025-10-22,88.0,0.88
V0093,Silver Lining,2025-03-17,85.0,0.85
V1525,Silver Lining,2025-10-26,80.0,0.8
V0407,Silver Lining,2025-09-22,74.0,0.74
V0083,Silver Lining,2025-04-08,65.0,0.65
V0602,Silver Lining,2025-06-08,64.0,0.64
V1127,Silver Lining,2025-11-08,50.0,0.5
V0884,Silver Lining,2025-01-14,72.0,0.72
V0852,Silver Lining,2025-03-07,89.0,0.89
V0135,Silver Lining,2025-01-03,85.0,0.85
V0659,Silver Lining,2025-02-09,89.0,0.89
V1611,Silver Lining,2025-08-30,81.0,0.81
V1410,Silver Lining,2025-10-13,93.0,0.93
V0184,Silver Lining,2025-09-05,85.0,0.85
V0341,Silver Lining,2025-10-03,80.0,0.8
V0721,Silver Lining,2025-07-16,60.0,0.6
V1240,Silver Lining,2025-02-07,78.0,0.78
V0003,Silver Lining,2025-06-26,67.0,0.67
V1493,Silver Lining,2025-02-18,66.0,0.66
V0534,Silver Lining,2025-05-19,86.0,0.86
V1371,Silver Lining,2025-07-07,62.0,0.62
V1888,Silver Lining,2025-07-23,52.0,0.52
V0969,Silver Lining,2025-01-02,53.0,0.53
V0504,Silver Lining,2025-01-07,86.0,0.86
V0639,Silver Lining,2025-03-02,77.0,0.77
V1559,Silver Lining,2025-05-08,80.0,0.8
V1119,Silver Lining,2025-03-18,59.0,0.59
V0050,Silver Lining,2025-12-15,60.0,0.6
V1575,Silver Lining,2025-03-24,88.0,0.88
V0082,Silver Lining,2025-05-03,76.0,0.76
V1115,Silver Lining,2025-10-11,70.0,0.7
V1287,Silver Lining,2025-12-22,87.0,0.87
V1094,Silver Lining,2025-10-04,51.0,0.51
V0323,Silver Lining,2025-11-08,85.0,0.85
V1846,Silver Lining,2025-07-15,64.0,0.64
V1230,Silver Lining,2025-04-16,93.0,0.93
V0702,Silver Lining,2025-08-02,57.0,0.57
V0389,Silver Lining,2025-11-06,99.0,0.99
V1741,Silver Lining,2025-01-11,75.0,0.75
V0110,Silver Lining,2025-08-10,74.0,0.74
V1977,Silver Lining,2025-11-06,78.0,0.78
V0088,Silver Lining,2025-11-02,58.0,0.58
V1466,Silver Lining,2025-03-02,80.0,0.8
V1108,Silver Lining,2025-12-21,81.0,0.81
V1773,Silver Lining,2025-04-24,54.0,0.54
V1754,Silver Lining,2025-03-16,91.0,0.91
V0198,Silver Lining,2025-06-21,77.0,0.77
V1149,Silver Lining,2025-01-25,67.0,0.67
V0494,Silver Lining,2025-04-06,83.0,0.83
V1344,Silver Lining,2025-07-26,52.0,0.52
V1636,Silver Lining,2025-12-17,84.0,0.84
V0038,Silver Lining,2025-06-10,61.0,0.61
V1389,Silver Lining,2025-01-04,74.0,0.74
V0745,Silver Lining,2025-12-31,64.0,0.64
V1430,Silver Lining,2025-01-30,93.0,0.93
V1391,Silver Lining,2025-03-12,96.0,0.96
V0164,Silver Lining,2025-08-16,88.0,0.88
V1528,Silver Lining,2025-02-07,91.0,0.91
V1494,Silver Lining,2025-05-05,79.0,0.79
V1624,Silver Lining,2025-09-06,90.0,0.9
